2026-03-09 04:12:07 OK    User=919  MappedId=919  Time=2026-03-09 04:11:36  LogType=OUT  DevId=9  Result=ok
2026-03-09 04:12:24 OK    User=919  MappedId=919  Time=2026-03-09 04:11:38  LogType=OUT  DevId=9  Result=ok
2026-03-09 09:24:37 OK    User=887  MappedId=887  Time=2026-03-09 09:24:43  LogType=OUT  DevId=9  Result=ok
2026-03-09 09:24:39 OK    User=887  MappedId=887  Time=2026-03-09 09:24:45  LogType=OUT  DevId=9  Result=ok
2026-03-09 09:34:19 OK    User=1223  MappedId=1223  Time=2026-03-09 09:33:43  LogType=OUT  DevId=9  Result=ok
2026-03-09 09:34:21 OK    User=1223  MappedId=1223  Time=2026-03-09 09:33:45  LogType=OUT  DevId=9  Result=ok
2026-03-09 09:34:39 OK    User=816  MappedId=816  Time=2026-03-09 09:33:50  LogType=OUT  DevId=9  Result=ok
2026-03-09 09:34:56 OK    User=816  MappedId=816  Time=2026-03-09 09:33:55  LogType=OUT  DevId=9  Result=ok
2026-03-09 09:34:58 OK    User=1192  MappedId=1192  Time=2026-03-09 09:34:36  LogType=OUT  DevId=9  Result=ok
2026-03-09 09:43:55 OK    User=1037  MappedId=1037  Time=2026-03-09 09:43:41  LogType=OUT  DevId=9  Result=ok
2026-03-09 10:02:34 OK    User=999  MappedId=999  Time=2026-03-09 10:01:45  LogType=OUT  DevId=9  Result=ok
2026-03-09 10:03:05 FAIL  User=999  MappedId=999  Time=2026-03-09 10:01:48  LogType=OUT  DevId=9  Result=error
2026-03-09 10:03:36 FAIL  User=999  MappedId=999  Time=2026-03-09 10:01:54  LogType=OUT  DevId=9  Result=error
2026-03-09 10:04:50 OK    User=999  MappedId=999  Time=2026-03-09 10:01:48  LogType=OUT  DevId=9  Result=duplicate
2026-03-09 10:04:52 OK    User=999  MappedId=999  Time=2026-03-09 10:01:54  LogType=OUT  DevId=9  Result=duplicate
2026-03-09 10:14:55 OK    User=1077  MappedId=1077  Time=2026-03-09 10:14:08  LogType=OUT  DevId=9  Result=ok
2026-03-09 10:17:25 OK    User=960  MappedId=960  Time=2026-03-09 10:17:05  LogType=OUT  DevId=9  Result=ok
2026-03-09 10:26:16 OK    User=1068  MappedId=1068  Time=2026-03-09 10:26:23  LogType=OUT  DevId=9  Result=ok
2026-03-09 10:26:34 OK    User=1092  MappedId=1092  Time=2026-03-09 10:26:28  LogType=OUT  DevId=9  Result=ok
2026-03-09 10:26:36 OK    User=1092  MappedId=1092  Time=2026-03-09 10:26:34  LogType=OUT  DevId=9  Result=ok
2026-03-09 10:28:47 OK    User=1022  MappedId=1022  Time=2026-03-09 10:28:15  LogType=OUT  DevId=9  Result=ok
2026-03-09 10:28:49 OK    User=1022  MappedId=1022  Time=2026-03-09 10:28:16  LogType=OUT  DevId=9  Result=ok
2026-03-09 10:28:50 OK    User=1022  MappedId=1022  Time=2026-03-09 10:28:18  LogType=OUT  DevId=9  Result=ok
2026-03-09 10:33:11 OK    User=1207  MappedId=1207  Time=2026-03-09 10:32:47  LogType=OUT  DevId=9  Result=ok
2026-03-09 10:35:23 OK    User=1225  MappedId=1225  Time=2026-03-09 10:35:24  LogType=OUT  DevId=9  Result=ok
2026-03-09 10:38:55 OK    User=823  MappedId=823  Time=2026-03-09 10:38:10  LogType=OUT  DevId=9  Result=ok
2026-03-09 10:39:13 OK    User=823  MappedId=823  Time=2026-03-09 10:38:12  LogType=OUT  DevId=9  Result=ok
2026-03-09 10:39:14 SKIP  User=588  Time=2026-03-09 10:38:51  Reason=no_employee
2026-03-09 10:40:18 SKIP  User=588  Time=2026-03-09 10:38:51  Reason=no_employee
2026-03-09 10:41:22 SKIP  User=588  Time=2026-03-09 10:38:51  Reason=no_employee
2026-03-09 10:42:27 SKIP  User=588  Time=2026-03-09 10:38:51  Reason=no_employee
2026-03-09 10:42:28 OK    User=1223  MappedId=1223  Time=2026-03-09 10:42:51  LogType=OUT  DevId=9  Result=ok
2026-03-09 10:42:45 OK    User=1223  MappedId=1223  Time=2026-03-09 10:42:52  LogType=OUT  DevId=9  Result=ok
2026-03-09 10:43:51 SKIP  User=588  Time=2026-03-09 10:38:51  Reason=no_employee
2026-03-09 10:44:57 SKIP  User=588  Time=2026-03-09 10:38:51  Reason=no_employee
2026-03-09 10:46:02 SKIP  User=588  Time=2026-03-09 10:38:51  Reason=no_employee
2026-03-09 10:47:06 SKIP  User=588  Time=2026-03-09 10:38:51  Reason=no_employee
2026-03-09 10:48:10 SKIP  User=588  Time=2026-03-09 10:38:51  Reason=no_employee
2026-03-09 10:49:14 SKIP  User=588  Time=2026-03-09 10:38:51  Reason=no_employee
2026-03-09 10:50:18 SKIP  User=588  Time=2026-03-09 10:38:51  Reason=no_employee
2026-03-09 10:51:24 SKIP  User=588  Time=2026-03-09 10:38:51  Reason=no_employee
2026-03-09 10:51:47 OK    User=241  MappedId=SS00241  Time=2026-03-09 10:50:55  LogType=OUT  DevId=9  Result=ok
2026-03-09 10:52:52 SKIP  User=588  Time=2026-03-09 10:38:51  Reason=no_employee
2026-03-09 10:52:55 OK    User=1196  MappedId=1196  Time=2026-03-09 10:52:52  LogType=OUT  DevId=9  Result=ok
2026-03-09 10:54:01 SKIP  User=588  Time=2026-03-09 10:38:51  Reason=no_employee
2026-03-09 10:55:06 SKIP  User=588  Time=2026-03-09 10:38:51  Reason=no_employee
2026-03-09 10:56:10 SKIP  User=588  Time=2026-03-09 10:38:51  Reason=no_employee
2026-03-09 10:57:14 SKIP  User=588  Time=2026-03-09 10:38:51  Reason=no_employee
2026-03-09 10:58:19 SKIP  User=588  Time=2026-03-09 10:38:51  Reason=no_employee
2026-03-09 10:59:24 SKIP  User=588  Time=2026-03-09 10:38:51  Reason=no_employee
2026-03-09 11:00:29 SKIP  User=588  Time=2026-03-09 10:38:51  Reason=no_employee
2026-03-09 11:00:46 OK    User=816  MappedId=816  Time=2026-03-09 11:00:17  LogType=OUT  DevId=9  Result=ok
2026-03-09 11:01:52 SKIP  User=588  Time=2026-03-09 10:38:51  Reason=no_employee
2026-03-09 11:02:57 SKIP  User=588  Time=2026-03-09 10:38:51  Reason=no_employee
2026-03-09 11:03:27 FAIL  User=933  MappedId=933  Time=2026-03-09 11:03:12  LogType=OUT  DevId=9  Result=error
2026-03-09 11:03:46 OK    User=933  MappedId=933  Time=2026-03-09 11:03:13  LogType=OUT  DevId=9  Result=ok
2026-03-09 11:04:51 SKIP  User=588  Time=2026-03-09 10:38:51  Reason=no_employee
2026-03-09 11:05:09 OK    User=933  MappedId=933  Time=2026-03-09 11:03:12  LogType=OUT  DevId=9  Result=duplicate
2026-03-09 11:06:14 SKIP  User=588  Time=2026-03-09 10:38:51  Reason=no_employee
2026-03-09 11:06:28 OK    User=1134  MappedId=1134  Time=2026-03-09 11:06:12  LogType=OUT  DevId=9  Result=ok
2026-03-09 11:06:59 FAIL  User=796  MappedId=796  Time=2026-03-09 11:06:22  LogType=OUT  DevId=9  Result=error
2026-03-09 11:07:30 FAIL  User=796  MappedId=796  Time=2026-03-09 11:06:23  LogType=OUT  DevId=9  Result=error
2026-03-09 11:07:48 OK    User=796  MappedId=796  Time=2026-03-09 11:06:27  LogType=OUT  DevId=9  Result=ok
2026-03-09 11:08:19 FAIL  User=796  MappedId=796  Time=2026-03-09 11:06:29  LogType=OUT  DevId=9  Result=error
2026-03-09 11:08:51 FAIL  User=796  MappedId=796  Time=2026-03-09 11:06:33  LogType=OUT  DevId=9  Result=error
2026-03-09 11:09:57 SKIP  User=588  Time=2026-03-09 10:38:51  Reason=no_employee
2026-03-09 11:10:12 OK    User=796  MappedId=796  Time=2026-03-09 11:06:22  LogType=OUT  DevId=9  Result=duplicate
2026-03-09 11:10:28 OK    User=796  MappedId=796  Time=2026-03-09 11:06:23  LogType=OUT  DevId=9  Result=duplicate
2026-03-09 11:10:30 OK    User=796  MappedId=796  Time=2026-03-09 11:06:29  LogType=OUT  DevId=9  Result=duplicate
2026-03-09 11:10:32 OK    User=796  MappedId=796  Time=2026-03-09 11:06:33  LogType=OUT  DevId=9  Result=duplicate
2026-03-09 11:11:37 SKIP  User=588  Time=2026-03-09 10:38:51  Reason=no_employee
2026-03-09 11:12:41 SKIP  User=588  Time=2026-03-09 10:38:51  Reason=no_employee
2026-03-09 11:13:45 SKIP  User=588  Time=2026-03-09 10:38:51  Reason=no_employee
2026-03-09 11:14:49 SKIP  User=588  Time=2026-03-09 10:38:51  Reason=no_employee
2026-03-09 11:15:54 SKIP  User=588  Time=2026-03-09 10:38:51  Reason=no_employee
2026-03-09 11:16:58 SKIP  User=588  Time=2026-03-09 10:38:51  Reason=no_employee
2026-03-09 11:18:03 SKIP  User=588  Time=2026-03-09 10:38:51  Reason=no_employee
2026-03-09 11:19:07 SKIP  User=588  Time=2026-03-09 10:38:51  Reason=no_employee
2026-03-09 11:19:24 OK    User=1141  MappedId=1141  Time=2026-03-09 11:18:47  LogType=OUT  DevId=9  Result=ok
2026-03-09 11:19:55 FAIL  User=1145  MappedId=1145  Time=2026-03-09 11:18:52  LogType=OUT  DevId=9  Result=error
2026-03-09 11:21:01 SKIP  User=588  Time=2026-03-09 10:38:51  Reason=no_employee
2026-03-09 11:21:02 OK    User=1145  MappedId=1145  Time=2026-03-09 11:18:52  LogType=OUT  DevId=9  Result=duplicate
2026-03-09 11:21:20 OK    User=1023  MappedId=1023  Time=2026-03-09 11:21:18  LogType=OUT  DevId=9  Result=ok
2026-03-09 11:21:38 OK    User=1023  MappedId=1023  Time=2026-03-09 11:21:20  LogType=OUT  DevId=9  Result=ok
2026-03-09 11:22:44 SKIP  User=588  Time=2026-03-09 10:38:51  Reason=no_employee
2026-03-09 11:22:45 OK    User=1083  MappedId=1083  Time=2026-03-09 11:22:14  LogType=OUT  DevId=9  Result=ok
2026-03-09 11:23:50 SKIP  User=588  Time=2026-03-09 10:38:51  Reason=no_employee
2026-03-09 11:24:20 OK    User=960  MappedId=960  Time=2026-03-09 11:23:14  LogType=OUT  DevId=9  Result=ok
2026-03-09 11:25:25 SKIP  User=588  Time=2026-03-09 10:38:51  Reason=no_employee
2026-03-09 11:25:25 SKIP  User=7  Time=2026-03-09 11:25:35  Reason=no_employee
2026-03-09 11:26:29 SKIP  User=588  Time=2026-03-09 10:38:51  Reason=no_employee
2026-03-09 11:26:29 SKIP  User=7  Time=2026-03-09 11:25:35  Reason=no_employee
2026-03-09 11:26:30 OK    User=1185  MappedId=1185  Time=2026-03-09 11:26:26  LogType=OUT  DevId=9  Result=ok
2026-03-09 11:26:32 OK    User=1143  MappedId=1143  Time=2026-03-09 11:26:30  LogType=OUT  DevId=9  Result=ok
2026-03-09 11:26:34 OK    User=1190  MappedId=1190  Time=2026-03-09 11:26:54  LogType=OUT  DevId=9  Result=ok
2026-03-09 11:27:39 SKIP  User=588  Time=2026-03-09 10:38:51  Reason=no_employee
2026-03-09 11:27:39 SKIP  User=7  Time=2026-03-09 11:25:35  Reason=no_employee
2026-03-09 11:28:00 OK    User=884  MappedId=884  Time=2026-03-09 11:27:38  LogType=OUT  DevId=9  Result=ok
2026-03-09 11:28:32 FAIL  User=947  MappedId=947  Time=2026-03-09 11:27:52  LogType=OUT  DevId=9  Result=error
2026-03-09 11:29:38 SKIP  User=588  Time=2026-03-09 10:38:51  Reason=no_employee
2026-03-09 11:29:38 SKIP  User=7  Time=2026-03-09 11:25:35  Reason=no_employee
2026-03-09 11:29:39 OK    User=947  MappedId=947  Time=2026-03-09 11:27:52  LogType=OUT  DevId=9  Result=duplicate
2026-03-09 11:29:56 OK    User=1081  MappedId=1081  Time=2026-03-09 11:28:51  LogType=OUT  DevId=9  Result=ok
2026-03-09 11:31:03 SKIP  User=588  Time=2026-03-09 10:38:51  Reason=no_employee
2026-03-09 11:31:03 SKIP  User=7  Time=2026-03-09 11:25:35  Reason=no_employee
2026-03-09 11:31:24 OK    User=1208  MappedId=1208  Time=2026-03-09 11:30:56  LogType=OUT  DevId=9  Result=ok
2026-03-09 11:32:32 SKIP  User=588  Time=2026-03-09 10:38:51  Reason=no_employee
2026-03-09 11:32:32 SKIP  User=7  Time=2026-03-09 11:25:35  Reason=no_employee
2026-03-09 11:33:36 SKIP  User=588  Time=2026-03-09 10:38:51  Reason=no_employee
2026-03-09 11:33:36 SKIP  User=7  Time=2026-03-09 11:25:35  Reason=no_employee
2026-03-09 11:34:41 SKIP  User=588  Time=2026-03-09 10:38:51  Reason=no_employee
2026-03-09 11:34:41 SKIP  User=7  Time=2026-03-09 11:25:35  Reason=no_employee
2026-03-09 11:35:46 SKIP  User=588  Time=2026-03-09 10:38:51  Reason=no_employee
2026-03-09 11:35:46 SKIP  User=7  Time=2026-03-09 11:25:35  Reason=no_employee
2026-03-09 11:36:51 SKIP  User=588  Time=2026-03-09 10:38:51  Reason=no_employee
2026-03-09 11:36:51 SKIP  User=7  Time=2026-03-09 11:25:35  Reason=no_employee
2026-03-09 11:37:56 SKIP  User=588  Time=2026-03-09 10:38:51  Reason=no_employee
2026-03-09 11:37:56 SKIP  User=7  Time=2026-03-09 11:25:35  Reason=no_employee
2026-03-09 11:37:57 OK    User=1160  MappedId=1160  Time=2026-03-09 11:38:03  LogType=OUT  DevId=9  Result=ok
2026-03-09 11:39:02 SKIP  User=588  Time=2026-03-09 10:38:51  Reason=no_employee
2026-03-09 11:39:02 SKIP  User=7  Time=2026-03-09 11:25:35  Reason=no_employee
2026-03-09 11:40:05 SKIP  User=588  Time=2026-03-09 10:38:51  Reason=no_employee
2026-03-09 11:40:05 SKIP  User=7  Time=2026-03-09 11:25:35  Reason=no_employee
2026-03-09 11:41:10 SKIP  User=588  Time=2026-03-09 10:38:51  Reason=no_employee
2026-03-09 11:41:10 SKIP  User=7  Time=2026-03-09 11:25:35  Reason=no_employee
2026-03-09 11:41:32 OK    User=937  MappedId=937  Time=2026-03-09 11:40:52  LogType=OUT  DevId=9  Result=ok
2026-03-09 11:41:50 OK    User=937  MappedId=937  Time=2026-03-09 11:40:54  LogType=OUT  DevId=9  Result=ok
2026-03-09 11:42:54 SKIP  User=588  Time=2026-03-09 10:38:51  Reason=no_employee
2026-03-09 11:42:54 SKIP  User=7  Time=2026-03-09 11:25:35  Reason=no_employee
2026-03-09 11:43:59 SKIP  User=588  Time=2026-03-09 10:38:51  Reason=no_employee
2026-03-09 11:43:59 SKIP  User=7  Time=2026-03-09 11:25:35  Reason=no_employee
2026-03-09 11:45:04 SKIP  User=588  Time=2026-03-09 10:38:51  Reason=no_employee
2026-03-09 11:45:04 SKIP  User=7  Time=2026-03-09 11:25:35  Reason=no_employee
2026-03-09 11:46:09 SKIP  User=588  Time=2026-03-09 10:38:51  Reason=no_employee
2026-03-09 11:46:09 SKIP  User=7  Time=2026-03-09 11:25:35  Reason=no_employee
2026-03-09 11:46:26 OK    User=961  MappedId=961  Time=2026-03-09 11:46:19  LogType=OUT  DevId=9  Result=ok
2026-03-09 11:46:44 OK    User=961  MappedId=961  Time=2026-03-09 11:46:20  LogType=OUT  DevId=9  Result=ok
2026-03-09 11:47:49 SKIP  User=588  Time=2026-03-09 10:38:51  Reason=no_employee
2026-03-09 11:47:49 SKIP  User=7  Time=2026-03-09 11:25:35  Reason=no_employee
2026-03-09 11:48:54 SKIP  User=588  Time=2026-03-09 10:38:51  Reason=no_employee
2026-03-09 11:48:54 SKIP  User=7  Time=2026-03-09 11:25:35  Reason=no_employee
2026-03-09 11:49:57 SKIP  User=588  Time=2026-03-09 10:38:51  Reason=no_employee
2026-03-09 11:49:57 SKIP  User=7  Time=2026-03-09 11:25:35  Reason=no_employee
2026-03-09 11:51:01 SKIP  User=588  Time=2026-03-09 10:38:51  Reason=no_employee
2026-03-09 11:51:01 SKIP  User=7  Time=2026-03-09 11:25:35  Reason=no_employee
2026-03-09 11:52:05 SKIP  User=588  Time=2026-03-09 10:38:51  Reason=no_employee
2026-03-09 11:52:05 SKIP  User=7  Time=2026-03-09 11:25:35  Reason=no_employee
2026-03-09 11:52:05 SKIP  User=588  Time=2026-03-09 11:51:45  Reason=no_employee
2026-03-09 11:53:11 SKIP  User=588  Time=2026-03-09 10:38:51  Reason=no_employee
2026-03-09 11:53:11 SKIP  User=7  Time=2026-03-09 11:25:35  Reason=no_employee
2026-03-09 11:53:11 SKIP  User=588  Time=2026-03-09 11:51:45  Reason=no_employee
2026-03-09 11:53:35 OK    User=1078  MappedId=1078  Time=2026-03-09 11:53:25  LogType=OUT  DevId=9  Result=ok
2026-03-09 11:54:06 FAIL  User=1078  MappedId=1078  Time=2026-03-09 11:53:26  LogType=OUT  DevId=9  Result=error
2026-03-09 11:55:13 SKIP  User=588  Time=2026-03-09 10:38:51  Reason=no_employee
2026-03-09 11:55:13 SKIP  User=7  Time=2026-03-09 11:25:35  Reason=no_employee
2026-03-09 11:55:13 SKIP  User=588  Time=2026-03-09 11:51:45  Reason=no_employee
2026-03-09 11:55:14 OK    User=1078  MappedId=1078  Time=2026-03-09 11:53:26  LogType=OUT  DevId=9  Result=duplicate
2026-03-09 11:55:31 OK    User=964  MappedId=964  Time=2026-03-09 11:53:57  LogType=OUT  DevId=9  Result=ok
2026-03-09 11:55:49 OK    User=1141  MappedId=1141  Time=2026-03-09 11:55:09  LogType=OUT  DevId=9  Result=ok
2026-03-09 11:56:55 SKIP  User=588  Time=2026-03-09 10:38:51  Reason=no_employee
2026-03-09 11:56:55 SKIP  User=7  Time=2026-03-09 11:25:35  Reason=no_employee
2026-03-09 11:56:55 SKIP  User=588  Time=2026-03-09 11:51:45  Reason=no_employee
2026-03-09 11:56:56 OK    User=1056  MappedId=1056  Time=2026-03-09 11:56:13  LogType=OUT  DevId=9  Result=ok
2026-03-09 11:56:57 SKIP  User=588  Time=2026-03-09 11:56:32  Reason=no_employee
2026-03-09 11:58:01 SKIP  User=588  Time=2026-03-09 10:38:51  Reason=no_employee
2026-03-09 11:58:01 SKIP  User=7  Time=2026-03-09 11:25:35  Reason=no_employee
2026-03-09 11:58:01 SKIP  User=588  Time=2026-03-09 11:51:45  Reason=no_employee
2026-03-09 11:58:01 SKIP  User=588  Time=2026-03-09 11:56:32  Reason=no_employee
2026-03-09 11:59:06 SKIP  User=588  Time=2026-03-09 10:38:51  Reason=no_employee
2026-03-09 11:59:06 SKIP  User=7  Time=2026-03-09 11:25:35  Reason=no_employee
2026-03-09 11:59:06 SKIP  User=588  Time=2026-03-09 11:51:45  Reason=no_employee
2026-03-09 11:59:06 SKIP  User=588  Time=2026-03-09 11:56:32  Reason=no_employee
2026-03-09 11:59:06 SKIP  User=588  Time=2026-03-09 11:59:03  Reason=no_employee
2026-03-09 11:59:22 OK    User=SS00588  MappedId=SS00588  Time=2026-03-09 11:59:08  LogType=OUT  DevId=9  Result=ok
2026-03-09 11:59:24 OK    User=887  MappedId=887  Time=2026-03-09 11:59:28  LogType=OUT  DevId=9  Result=ok
2026-03-09 11:59:42 OK    User=887  MappedId=887  Time=2026-03-09 11:59:29  LogType=OUT  DevId=9  Result=ok
2026-03-09 12:00:13 FAIL  User=887  MappedId=887  Time=2026-03-09 11:59:31  LogType=OUT  DevId=9  Result=error
2026-03-09 12:00:44 FAIL  User=887  MappedId=887  Time=2026-03-09 11:59:34  LogType=OUT  DevId=9  Result=error
2026-03-09 12:01:50 SKIP  User=588  Time=2026-03-09 10:38:51  Reason=no_employee
2026-03-09 12:01:50 SKIP  User=7  Time=2026-03-09 11:25:35  Reason=no_employee
2026-03-09 12:01:50 SKIP  User=588  Time=2026-03-09 11:51:45  Reason=no_employee
2026-03-09 12:01:50 SKIP  User=588  Time=2026-03-09 11:56:32  Reason=no_employee
2026-03-09 12:01:50 SKIP  User=588  Time=2026-03-09 11:59:03  Reason=no_employee
2026-03-09 12:01:51 OK    User=887  MappedId=887  Time=2026-03-09 11:59:31  LogType=OUT  DevId=9  Result=duplicate
2026-03-09 12:01:53 OK    User=887  MappedId=887  Time=2026-03-09 11:59:34  LogType=OUT  DevId=9  Result=duplicate
2026-03-09 12:02:10 OK    User=887  MappedId=887  Time=2026-03-09 11:59:45  LogType=OUT  DevId=9  Result=ok
2026-03-09 12:02:27 OK    User=887  MappedId=887  Time=2026-03-09 11:59:46  LogType=OUT  DevId=9  Result=ok
2026-03-09 12:02:29 OK    User=1207  MappedId=1207  Time=2026-03-09 11:59:51  LogType=OUT  DevId=9  Result=ok
2026-03-09 12:02:47 OK    User=490  MappedId=SS00490  Time=2026-03-09 12:00:24  LogType=OUT  DevId=9  Result=ok
2026-03-09 12:03:05 OK    User=968  MappedId=968  Time=2026-03-09 12:00:41  LogType=OUT  DevId=9  Result=ok
2026-03-09 12:03:22 OK    User=959  MappedId=959  Time=2026-03-09 12:00:58  LogType=OUT  DevId=9  Result=ok
2026-03-09 12:03:40 OK    User=1151  MappedId=1151  Time=2026-03-09 12:01:24  LogType=OUT  DevId=9  Result=ok
2026-03-09 12:03:57 OK    User=1151  MappedId=1151  Time=2026-03-09 12:01:26  LogType=OUT  DevId=9  Result=ok
2026-03-09 12:04:28 FAIL  User=965  MappedId=965  Time=2026-03-09 12:01:48  LogType=OUT  DevId=9  Result=error
2026-03-09 12:04:45 OK    User=1203  MappedId=1203  Time=2026-03-09 12:01:51  LogType=OUT  DevId=9  Result=ok
2026-03-09 12:05:02 OK    User=1203  MappedId=1203  Time=2026-03-09 12:01:52  LogType=OUT  DevId=9  Result=ok
2026-03-09 12:05:20 OK    User=1182  MappedId=1182  Time=2026-03-09 12:01:56  LogType=OUT  DevId=9  Result=ok
2026-03-09 12:05:38 OK    User=1182  MappedId=1182  Time=2026-03-09 12:01:57  LogType=OUT  DevId=9  Result=ok
2026-03-09 12:05:55 OK    User=1065  MappedId=1065  Time=2026-03-09 12:02:04  LogType=OUT  DevId=9  Result=ok
2026-03-09 12:07:00 SKIP  User=588  Time=2026-03-09 10:38:51  Reason=no_employee
2026-03-09 12:07:00 SKIP  User=7  Time=2026-03-09 11:25:35  Reason=no_employee
2026-03-09 12:07:00 SKIP  User=588  Time=2026-03-09 11:51:45  Reason=no_employee
2026-03-09 12:07:00 SKIP  User=588  Time=2026-03-09 11:56:32  Reason=no_employee
2026-03-09 12:07:00 SKIP  User=588  Time=2026-03-09 11:59:03  Reason=no_employee
2026-03-09 12:07:06 OK    User=965  MappedId=965  Time=2026-03-09 12:01:48  LogType=OUT  DevId=9  Result=duplicate
2026-03-09 12:07:23 OK    User=1221  MappedId=1221  Time=2026-03-09 12:02:52  LogType=OUT  DevId=9  Result=ok
2026-03-09 12:07:40 OK    User=1210  MappedId=1210  Time=2026-03-09 12:03:02  LogType=OUT  DevId=9  Result=ok
2026-03-09 12:07:58 OK    User=1210  MappedId=1210  Time=2026-03-09 12:03:03  LogType=OUT  DevId=9  Result=ok
2026-03-09 12:08:29 FAIL  User=984  MappedId=984  Time=2026-03-09 12:04:02  LogType=OUT  DevId=9  Result=error
2026-03-09 12:08:47 OK    User=984  MappedId=984  Time=2026-03-09 12:04:03  LogType=OUT  DevId=9  Result=ok
2026-03-09 12:09:05 OK    User=796  MappedId=796  Time=2026-03-09 12:05:14  LogType=OUT  DevId=9  Result=ok
2026-03-09 12:09:22 OK    User=796  MappedId=796  Time=2026-03-09 12:05:15  LogType=OUT  DevId=9  Result=ok
2026-03-09 12:09:53 FAIL  User=857  MappedId=857  Time=2026-03-09 12:05:53  LogType=OUT  DevId=9  Result=error
2026-03-09 12:10:11 OK    User=490  MappedId=SS00490  Time=2026-03-09 12:05:56  LogType=OUT  DevId=9  Result=ok
2026-03-09 12:10:42 FAIL  User=490  MappedId=SS00490  Time=2026-03-09 12:05:57  LogType=OUT  DevId=9  Result=error
2026-03-09 12:11:13 FAIL  User=490  MappedId=SS00490  Time=2026-03-09 12:05:59  LogType=OUT  DevId=9  Result=error
2026-03-09 12:11:33 OK    User=490  MappedId=SS00490  Time=2026-03-09 12:06:00  LogType=OUT  DevId=9  Result=ok
2026-03-09 12:12:04 FAIL  User=SS00588  MappedId=SS00588  Time=2026-03-09 12:06:02  LogType=OUT  DevId=9  Result=error
2026-03-09 12:13:10 SKIP  User=588  Time=2026-03-09 10:38:51  Reason=no_employee
2026-03-09 12:13:10 SKIP  User=7  Time=2026-03-09 11:25:35  Reason=no_employee
2026-03-09 12:13:10 SKIP  User=588  Time=2026-03-09 11:51:45  Reason=no_employee
2026-03-09 12:13:10 SKIP  User=588  Time=2026-03-09 11:56:32  Reason=no_employee
2026-03-09 12:13:10 SKIP  User=588  Time=2026-03-09 11:59:03  Reason=no_employee
2026-03-09 12:13:16 OK    User=984  MappedId=984  Time=2026-03-09 12:04:02  LogType=OUT  DevId=9  Result=duplicate
2026-03-09 12:13:34 OK    User=857  MappedId=857  Time=2026-03-09 12:05:53  LogType=OUT  DevId=9  Result=duplicate
2026-03-09 12:14:05 FAIL  User=490  MappedId=SS00490  Time=2026-03-09 12:05:57  LogType=OUT  DevId=9  Result=error
2026-03-09 12:14:21 OK    User=490  MappedId=SS00490  Time=2026-03-09 12:05:59  LogType=OUT  DevId=9  Result=duplicate
2026-03-09 12:14:36 OK    User=SS00588  MappedId=SS00588  Time=2026-03-09 12:06:02  LogType=OUT  DevId=9  Result=duplicate
2026-03-09 12:14:54 OK    User=1067  MappedId=1067  Time=2026-03-09 12:08:50  LogType=OUT  DevId=9  Result=ok
2026-03-09 12:15:25 FAIL  User=963  MappedId=963  Time=2026-03-09 12:08:56  LogType=OUT  DevId=9  Result=error
2026-03-09 12:15:56 FAIL  User=1208  MappedId=1208  Time=2026-03-09 12:10:05  LogType=OUT  DevId=9  Result=error
2026-03-09 12:16:12 OK    User=1208  MappedId=1208  Time=2026-03-09 12:10:06  LogType=OUT  DevId=9  Result=ok
2026-03-09 12:16:13 SKIP  User=7  Time=2026-03-09 12:10:11  Reason=no_employee
2026-03-09 12:16:13 SKIP  User=7  Time=2026-03-09 12:10:14  Reason=no_employee
2026-03-09 12:17:19 SKIP  User=588  Time=2026-03-09 10:38:51  Reason=no_employee
2026-03-09 12:17:19 SKIP  User=7  Time=2026-03-09 11:25:35  Reason=no_employee
2026-03-09 12:17:19 SKIP  User=588  Time=2026-03-09 11:51:45  Reason=no_employee
2026-03-09 12:17:19 SKIP  User=588  Time=2026-03-09 11:56:32  Reason=no_employee
2026-03-09 12:17:19 SKIP  User=588  Time=2026-03-09 11:59:03  Reason=no_employee
2026-03-09 12:17:19 OK    User=490  MappedId=SS00490  Time=2026-03-09 12:05:57  LogType=OUT  DevId=9  Result=duplicate
2026-03-09 12:17:21 OK    User=963  MappedId=963  Time=2026-03-09 12:08:56  LogType=OUT  DevId=9  Result=duplicate
2026-03-09 12:17:23 OK    User=1208  MappedId=1208  Time=2026-03-09 12:10:05  LogType=OUT  DevId=9  Result=duplicate
2026-03-09 12:17:24 SKIP  User=7  Time=2026-03-09 12:10:11  Reason=no_employee
2026-03-09 12:17:24 SKIP  User=7  Time=2026-03-09 12:10:14  Reason=no_employee
2026-03-09 12:17:41 OK    User=835  MappedId=835  Time=2026-03-09 12:13:49  LogType=OUT  DevId=9  Result=ok
2026-03-09 12:18:12 FAIL  User=835  MappedId=835  Time=2026-03-09 12:13:50  LogType=OUT  DevId=9  Result=error
2026-03-09 12:18:28 OK    User=1176  MappedId=1176  Time=2026-03-09 12:14:08  LogType=OUT  DevId=9  Result=ok
2026-03-09 12:18:44 OK    User=1022  MappedId=1022  Time=2026-03-09 12:14:47  LogType=OUT  DevId=9  Result=ok
2026-03-09 12:18:46 OK    User=1022  MappedId=1022  Time=2026-03-09 12:14:48  LogType=OUT  DevId=9  Result=ok
2026-03-09 12:19:03 OK    User=629  MappedId=629  Time=2026-03-09 12:14:53  LogType=OUT  DevId=9  Result=ok
2026-03-09 12:20:09 SKIP  User=588  Time=2026-03-09 10:38:51  Reason=no_employee
2026-03-09 12:20:09 SKIP  User=7  Time=2026-03-09 11:25:35  Reason=no_employee
2026-03-09 12:20:09 SKIP  User=588  Time=2026-03-09 11:51:45  Reason=no_employee
2026-03-09 12:20:09 SKIP  User=588  Time=2026-03-09 11:56:32  Reason=no_employee
2026-03-09 12:20:09 SKIP  User=588  Time=2026-03-09 11:59:03  Reason=no_employee
2026-03-09 12:20:09 SKIP  User=7  Time=2026-03-09 12:10:11  Reason=no_employee
2026-03-09 12:20:09 SKIP  User=7  Time=2026-03-09 12:10:14  Reason=no_employee
2026-03-09 12:20:21 OK    User=835  MappedId=835  Time=2026-03-09 12:13:50  LogType=OUT  DevId=9  Result=duplicate
2026-03-09 12:21:26 SKIP  User=588  Time=2026-03-09 10:38:51  Reason=no_employee
2026-03-09 12:21:26 SKIP  User=7  Time=2026-03-09 11:25:35  Reason=no_employee
2026-03-09 12:21:26 SKIP  User=588  Time=2026-03-09 11:51:45  Reason=no_employee
2026-03-09 12:21:26 SKIP  User=588  Time=2026-03-09 11:56:32  Reason=no_employee
2026-03-09 12:21:26 SKIP  User=588  Time=2026-03-09 11:59:03  Reason=no_employee
2026-03-09 12:21:26 SKIP  User=7  Time=2026-03-09 12:10:11  Reason=no_employee
2026-03-09 12:21:26 SKIP  User=7  Time=2026-03-09 12:10:14  Reason=no_employee
2026-03-09 12:22:31 SKIP  User=588  Time=2026-03-09 10:38:51  Reason=no_employee
2026-03-09 12:22:31 SKIP  User=7  Time=2026-03-09 11:25:35  Reason=no_employee
2026-03-09 12:22:31 SKIP  User=588  Time=2026-03-09 11:51:45  Reason=no_employee
2026-03-09 12:22:31 SKIP  User=588  Time=2026-03-09 11:56:32  Reason=no_employee
2026-03-09 12:22:31 SKIP  User=588  Time=2026-03-09 11:59:03  Reason=no_employee
2026-03-09 12:22:31 SKIP  User=7  Time=2026-03-09 12:10:11  Reason=no_employee
2026-03-09 12:22:31 SKIP  User=7  Time=2026-03-09 12:10:14  Reason=no_employee
2026-03-09 12:22:47 OK    User=970  MappedId=970  Time=2026-03-09 12:22:44  LogType=OUT  DevId=9  Result=ok
2026-03-09 12:23:05 OK    User=970  MappedId=970  Time=2026-03-09 12:22:46  LogType=OUT  DevId=9  Result=ok
2026-03-09 12:24:10 SKIP  User=588  Time=2026-03-09 10:38:51  Reason=no_employee
2026-03-09 12:24:10 SKIP  User=7  Time=2026-03-09 11:25:35  Reason=no_employee
2026-03-09 12:24:10 SKIP  User=588  Time=2026-03-09 11:51:45  Reason=no_employee
2026-03-09 12:24:10 SKIP  User=588  Time=2026-03-09 11:56:32  Reason=no_employee
2026-03-09 12:24:10 SKIP  User=588  Time=2026-03-09 11:59:03  Reason=no_employee
2026-03-09 12:24:10 SKIP  User=7  Time=2026-03-09 12:10:11  Reason=no_employee
2026-03-09 12:24:10 SKIP  User=7  Time=2026-03-09 12:10:14  Reason=no_employee
2026-03-09 12:24:26 OK    User=999  MappedId=999  Time=2026-03-09 12:24:04  LogType=OUT  DevId=9  Result=ok
2026-03-09 12:24:42 OK    User=1185  MappedId=1185  Time=2026-03-09 12:24:30  LogType=OUT  DevId=9  Result=ok
2026-03-09 12:25:00 OK    User=1185  MappedId=1185  Time=2026-03-09 12:24:35  LogType=OUT  DevId=9  Result=ok
2026-03-09 12:26:05 SKIP  User=588  Time=2026-03-09 10:38:51  Reason=no_employee
2026-03-09 12:26:05 SKIP  User=7  Time=2026-03-09 11:25:35  Reason=no_employee
2026-03-09 12:26:05 SKIP  User=588  Time=2026-03-09 11:51:45  Reason=no_employee
2026-03-09 12:26:05 SKIP  User=588  Time=2026-03-09 11:56:32  Reason=no_employee
2026-03-09 12:26:05 SKIP  User=588  Time=2026-03-09 11:59:03  Reason=no_employee
2026-03-09 12:26:05 SKIP  User=7  Time=2026-03-09 12:10:11  Reason=no_employee
2026-03-09 12:26:05 SKIP  User=7  Time=2026-03-09 12:10:14  Reason=no_employee
2026-03-09 12:26:06 OK    User=1144  MappedId=1144  Time=2026-03-09 12:24:55  LogType=OUT  DevId=9  Result=ok
2026-03-09 12:26:23 OK    User=1220  MappedId=1220  Time=2026-03-09 12:25:10  LogType=OUT  DevId=9  Result=ok
2026-03-09 12:27:28 SKIP  User=588  Time=2026-03-09 10:38:51  Reason=no_employee
2026-03-09 12:27:28 SKIP  User=7  Time=2026-03-09 11:25:35  Reason=no_employee
2026-03-09 12:27:28 SKIP  User=588  Time=2026-03-09 11:51:45  Reason=no_employee
2026-03-09 12:27:28 SKIP  User=588  Time=2026-03-09 11:56:32  Reason=no_employee
2026-03-09 12:27:28 SKIP  User=588  Time=2026-03-09 11:59:03  Reason=no_employee
2026-03-09 12:27:28 SKIP  User=7  Time=2026-03-09 12:10:11  Reason=no_employee
2026-03-09 12:27:28 SKIP  User=7  Time=2026-03-09 12:10:14  Reason=no_employee
2026-03-09 12:27:44 OK    User=928  MappedId=928  Time=2026-03-09 12:26:53  LogType=OUT  DevId=9  Result=ok
2026-03-09 12:28:15 FAIL  User=721  MappedId=SS00721  Time=2026-03-09 12:27:10  LogType=OUT  DevId=9  Result=error
2026-03-09 12:28:47 FAIL  User=721  MappedId=SS00721  Time=2026-03-09 12:27:11  LogType=OUT  DevId=9  Result=error
2026-03-09 12:29:53 SKIP  User=588  Time=2026-03-09 10:38:51  Reason=no_employee
2026-03-09 12:29:53 SKIP  User=7  Time=2026-03-09 11:25:35  Reason=no_employee
2026-03-09 12:29:53 SKIP  User=588  Time=2026-03-09 11:51:45  Reason=no_employee
2026-03-09 12:29:53 SKIP  User=588  Time=2026-03-09 11:56:32  Reason=no_employee
2026-03-09 12:29:53 SKIP  User=588  Time=2026-03-09 11:59:03  Reason=no_employee
2026-03-09 12:29:53 SKIP  User=7  Time=2026-03-09 12:10:11  Reason=no_employee
2026-03-09 12:29:53 SKIP  User=7  Time=2026-03-09 12:10:14  Reason=no_employee
2026-03-09 12:29:54 OK    User=721  MappedId=SS00721  Time=2026-03-09 12:27:10  LogType=OUT  DevId=9  Result=duplicate
2026-03-09 12:29:55 OK    User=721  MappedId=SS00721  Time=2026-03-09 12:27:11  LogType=OUT  DevId=9  Result=duplicate
2026-03-09 12:30:13 OK    User=931  MappedId=931  Time=2026-03-09 12:28:52  LogType=OUT  DevId=9  Result=ok
2026-03-09 12:30:31 OK    User=931  MappedId=931  Time=2026-03-09 12:28:54  LogType=OUT  DevId=9  Result=ok
2026-03-09 12:30:32 SKIP  User=7  Time=2026-03-09 12:29:53  Reason=no_employee
2026-03-09 12:31:36 SKIP  User=588  Time=2026-03-09 10:38:51  Reason=no_employee
2026-03-09 12:31:36 SKIP  User=7  Time=2026-03-09 11:25:35  Reason=no_employee
2026-03-09 12:31:36 SKIP  User=588  Time=2026-03-09 11:51:45  Reason=no_employee
2026-03-09 12:31:36 SKIP  User=588  Time=2026-03-09 11:56:32  Reason=no_employee
2026-03-09 12:31:36 SKIP  User=588  Time=2026-03-09 11:59:03  Reason=no_employee
2026-03-09 12:31:36 SKIP  User=7  Time=2026-03-09 12:10:11  Reason=no_employee
2026-03-09 12:31:36 SKIP  User=7  Time=2026-03-09 12:10:14  Reason=no_employee
2026-03-09 12:31:36 SKIP  User=7  Time=2026-03-09 12:29:53  Reason=no_employee
2026-03-09 12:31:37 OK    User=1193  MappedId=1193  Time=2026-03-09 12:30:33  LogType=OUT  DevId=9  Result=ok
2026-03-09 12:31:39 OK    User=1161  MappedId=1161  Time=2026-03-09 12:30:37  LogType=OUT  DevId=9  Result=ok
2026-03-09 12:31:40 OK    User=1161  MappedId=1161  Time=2026-03-09 12:30:43  LogType=OUT  DevId=9  Result=ok
2026-03-09 12:31:58 OK    User=823  MappedId=823  Time=2026-03-09 12:30:51  LogType=OUT  DevId=9  Result=ok
2026-03-09 12:32:16 OK    User=823  MappedId=823  Time=2026-03-09 12:30:52  LogType=OUT  DevId=9  Result=ok
2026-03-09 12:32:33 OK    User=191  MappedId=SS00191  Time=2026-03-09 12:31:14  LogType=OUT  DevId=9  Result=ok
2026-03-09 12:32:51 OK    User=241  MappedId=SS00241  Time=2026-03-09 12:32:04  LogType=OUT  DevId=9  Result=ok
2026-03-09 12:33:56 SKIP  User=588  Time=2026-03-09 10:38:51  Reason=no_employee
2026-03-09 12:33:56 SKIP  User=7  Time=2026-03-09 11:25:35  Reason=no_employee
2026-03-09 12:33:56 SKIP  User=588  Time=2026-03-09 11:51:45  Reason=no_employee
2026-03-09 12:33:56 SKIP  User=588  Time=2026-03-09 11:56:32  Reason=no_employee
2026-03-09 12:33:56 SKIP  User=588  Time=2026-03-09 11:59:03  Reason=no_employee
2026-03-09 12:33:56 SKIP  User=7  Time=2026-03-09 12:10:11  Reason=no_employee
2026-03-09 12:33:56 SKIP  User=7  Time=2026-03-09 12:10:14  Reason=no_employee
2026-03-09 12:33:56 SKIP  User=7  Time=2026-03-09 12:29:53  Reason=no_employee
2026-03-09 12:34:17 OK    User=241  MappedId=SS00241  Time=2026-03-09 12:32:10  LogType=OUT  DevId=9  Result=ok
2026-03-09 12:35:23 SKIP  User=588  Time=2026-03-09 10:38:51  Reason=no_employee
2026-03-09 12:35:23 SKIP  User=7  Time=2026-03-09 11:25:35  Reason=no_employee
2026-03-09 12:35:23 SKIP  User=588  Time=2026-03-09 11:51:45  Reason=no_employee
2026-03-09 12:35:23 SKIP  User=588  Time=2026-03-09 11:56:32  Reason=no_employee
2026-03-09 12:35:23 SKIP  User=588  Time=2026-03-09 11:59:03  Reason=no_employee
2026-03-09 12:35:23 SKIP  User=7  Time=2026-03-09 12:10:11  Reason=no_employee
2026-03-09 12:35:23 SKIP  User=7  Time=2026-03-09 12:10:14  Reason=no_employee
2026-03-09 12:35:23 SKIP  User=7  Time=2026-03-09 12:29:53  Reason=no_employee
2026-03-09 12:35:24 OK    User=1114  MappedId=1114  Time=2026-03-09 12:34:34  LogType=OUT  DevId=9  Result=ok
2026-03-09 12:35:41 OK    User=884  MappedId=884  Time=2026-03-09 12:34:52  LogType=OUT  DevId=9  Result=ok
2026-03-09 12:35:43 OK    User=1159  MappedId=1159  Time=2026-03-09 12:34:56  LogType=OUT  DevId=9  Result=ok
2026-03-09 12:35:45 OK    User=1159  MappedId=1159  Time=2026-03-09 12:34:58  LogType=OUT  DevId=9  Result=ok
2026-03-09 12:35:47 OK    User=1159  MappedId=1159  Time=2026-03-09 12:35:00  LogType=OUT  DevId=9  Result=ok
2026-03-09 12:36:05 OK    User=816  MappedId=816  Time=2026-03-09 12:35:17  LogType=OUT  DevId=9  Result=ok
2026-03-09 12:37:10 SKIP  User=588  Time=2026-03-09 10:38:51  Reason=no_employee
2026-03-09 12:37:10 SKIP  User=7  Time=2026-03-09 11:25:35  Reason=no_employee
2026-03-09 12:37:10 SKIP  User=588  Time=2026-03-09 11:51:45  Reason=no_employee
2026-03-09 12:37:10 SKIP  User=588  Time=2026-03-09 11:56:32  Reason=no_employee
2026-03-09 12:37:10 SKIP  User=588  Time=2026-03-09 11:59:03  Reason=no_employee
2026-03-09 12:37:10 SKIP  User=7  Time=2026-03-09 12:10:11  Reason=no_employee
2026-03-09 12:37:10 SKIP  User=7  Time=2026-03-09 12:10:14  Reason=no_employee
2026-03-09 12:37:10 SKIP  User=7  Time=2026-03-09 12:29:53  Reason=no_employee
2026-03-09 12:37:26 OK    User=1062  MappedId=1062  Time=2026-03-09 12:36:27  LogType=OUT  DevId=9  Result=ok
2026-03-09 12:37:44 OK    User=927  MappedId=927  Time=2026-03-09 12:37:18  LogType=OUT  DevId=9  Result=ok
2026-03-09 12:38:15 FAIL  User=1001  MappedId=1001  Time=2026-03-09 12:37:22  LogType=OUT  DevId=9  Result=error
2026-03-09 12:38:32 OK    User=1001  MappedId=1001  Time=2026-03-09 12:37:26  LogType=OUT  DevId=9  Result=ok
2026-03-09 12:39:37 SKIP  User=588  Time=2026-03-09 10:38:51  Reason=no_employee
2026-03-09 12:39:37 SKIP  User=7  Time=2026-03-09 11:25:35  Reason=no_employee
2026-03-09 12:39:37 SKIP  User=588  Time=2026-03-09 11:51:45  Reason=no_employee
2026-03-09 12:39:37 SKIP  User=588  Time=2026-03-09 11:56:32  Reason=no_employee
2026-03-09 12:39:37 SKIP  User=588  Time=2026-03-09 11:59:03  Reason=no_employee
2026-03-09 12:39:37 SKIP  User=7  Time=2026-03-09 12:10:11  Reason=no_employee
2026-03-09 12:39:37 SKIP  User=7  Time=2026-03-09 12:10:14  Reason=no_employee
2026-03-09 12:39:37 SKIP  User=7  Time=2026-03-09 12:29:53  Reason=no_employee
2026-03-09 12:39:38 OK    User=1001  MappedId=1001  Time=2026-03-09 12:37:22  LogType=OUT  DevId=9  Result=duplicate
2026-03-09 12:39:56 OK    User=300  MappedId=SS00300  Time=2026-03-09 12:38:13  LogType=OUT  DevId=9  Result=ok
2026-03-09 12:41:02 SKIP  User=588  Time=2026-03-09 10:38:51  Reason=no_employee
2026-03-09 12:41:02 SKIP  User=7  Time=2026-03-09 11:25:35  Reason=no_employee
2026-03-09 12:41:02 SKIP  User=588  Time=2026-03-09 11:51:45  Reason=no_employee
2026-03-09 12:41:02 SKIP  User=588  Time=2026-03-09 11:56:32  Reason=no_employee
2026-03-09 12:41:02 SKIP  User=588  Time=2026-03-09 11:59:03  Reason=no_employee
2026-03-09 12:41:02 SKIP  User=7  Time=2026-03-09 12:10:11  Reason=no_employee
2026-03-09 12:41:02 SKIP  User=7  Time=2026-03-09 12:10:14  Reason=no_employee
2026-03-09 12:41:02 SKIP  User=7  Time=2026-03-09 12:29:53  Reason=no_employee
2026-03-09 12:41:03 OK    User=1214  MappedId=1214  Time=2026-03-09 12:40:55  LogType=OUT  DevId=9  Result=ok
2026-03-09 12:42:10 SKIP  User=588  Time=2026-03-09 10:38:51  Reason=no_employee
2026-03-09 12:42:10 SKIP  User=7  Time=2026-03-09 11:25:35  Reason=no_employee
2026-03-09 12:42:10 SKIP  User=588  Time=2026-03-09 11:51:45  Reason=no_employee
2026-03-09 12:42:10 SKIP  User=588  Time=2026-03-09 11:56:32  Reason=no_employee
2026-03-09 12:42:10 SKIP  User=588  Time=2026-03-09 11:59:03  Reason=no_employee
2026-03-09 12:42:10 SKIP  User=7  Time=2026-03-09 12:10:11  Reason=no_employee
2026-03-09 12:42:10 SKIP  User=7  Time=2026-03-09 12:10:14  Reason=no_employee
2026-03-09 12:42:10 SKIP  User=7  Time=2026-03-09 12:29:53  Reason=no_employee
2026-03-09 12:42:25 OK    User=1208  MappedId=1208  Time=2026-03-09 12:42:22  LogType=OUT  DevId=9  Result=ok
2026-03-09 12:43:31 SKIP  User=588  Time=2026-03-09 10:38:51  Reason=no_employee
2026-03-09 12:43:31 SKIP  User=7  Time=2026-03-09 11:25:35  Reason=no_employee
2026-03-09 12:43:31 SKIP  User=588  Time=2026-03-09 11:51:45  Reason=no_employee
2026-03-09 12:43:31 SKIP  User=588  Time=2026-03-09 11:56:32  Reason=no_employee
2026-03-09 12:43:31 SKIP  User=588  Time=2026-03-09 11:59:03  Reason=no_employee
2026-03-09 12:43:31 SKIP  User=7  Time=2026-03-09 12:10:11  Reason=no_employee
2026-03-09 12:43:31 SKIP  User=7  Time=2026-03-09 12:10:14  Reason=no_employee
2026-03-09 12:43:31 SKIP  User=7  Time=2026-03-09 12:29:53  Reason=no_employee
2026-03-09 12:44:02 FAIL  User=721  MappedId=SS00721  Time=2026-03-09 12:43:11  LogType=OUT  DevId=9  Result=error
2026-03-09 12:44:33 FAIL  User=656  MappedId=SS00656  Time=2026-03-09 12:43:14  LogType=OUT  DevId=9  Result=error
2026-03-09 12:45:04 FAIL  User=656  MappedId=SS00656  Time=2026-03-09 12:43:15  LogType=OUT  DevId=9  Result=error
2026-03-09 12:45:23 OK    User=656  MappedId=SS00656  Time=2026-03-09 12:43:17  LogType=OUT  DevId=9  Result=ok
2026-03-09 12:45:41 OK    User=1073  MappedId=1073  Time=2026-03-09 12:43:24  LogType=OUT  DevId=9  Result=ok
2026-03-09 12:46:12 FAIL  User=1073  MappedId=1073  Time=2026-03-09 12:43:26  LogType=OUT  DevId=9  Result=error
2026-03-09 12:47:17 SKIP  User=588  Time=2026-03-09 10:38:51  Reason=no_employee
2026-03-09 12:47:17 SKIP  User=7  Time=2026-03-09 11:25:35  Reason=no_employee
2026-03-09 12:47:17 SKIP  User=588  Time=2026-03-09 11:51:45  Reason=no_employee
2026-03-09 12:47:17 SKIP  User=588  Time=2026-03-09 11:56:32  Reason=no_employee
2026-03-09 12:47:17 SKIP  User=588  Time=2026-03-09 11:59:03  Reason=no_employee
2026-03-09 12:47:17 SKIP  User=7  Time=2026-03-09 12:10:11  Reason=no_employee
2026-03-09 12:47:17 SKIP  User=7  Time=2026-03-09 12:10:14  Reason=no_employee
2026-03-09 12:47:17 SKIP  User=7  Time=2026-03-09 12:29:53  Reason=no_employee
2026-03-09 12:47:25 OK    User=721  MappedId=SS00721  Time=2026-03-09 12:43:11  LogType=OUT  DevId=9  Result=duplicate
2026-03-09 12:47:42 OK    User=656  MappedId=SS00656  Time=2026-03-09 12:43:14  LogType=OUT  DevId=9  Result=duplicate
2026-03-09 12:47:44 OK    User=656  MappedId=SS00656  Time=2026-03-09 12:43:15  LogType=OUT  DevId=9  Result=duplicate
2026-03-09 12:47:46 OK    User=1073  MappedId=1073  Time=2026-03-09 12:43:26  LogType=OUT  DevId=9  Result=duplicate
2026-03-09 12:48:03 OK    User=1103  MappedId=1103  Time=2026-03-09 12:44:45  LogType=OUT  DevId=9  Result=ok
2026-03-09 12:48:35 FAIL  User=947  MappedId=947  Time=2026-03-09 12:44:53  LogType=OUT  DevId=9  Result=error
2026-03-09 12:48:37 OK    User=1224  MappedId=1224  Time=2026-03-09 12:45:33  LogType=OUT  DevId=9  Result=ok
2026-03-09 12:48:38 OK    User=1224  MappedId=1224  Time=2026-03-09 12:45:34  LogType=OUT  DevId=9  Result=ok
2026-03-09 12:48:56 OK    User=SS00588  MappedId=SS00588  Time=2026-03-09 12:45:55  LogType=OUT  DevId=9  Result=ok
2026-03-09 12:49:13 OK    User=SS00588  MappedId=SS00588  Time=2026-03-09 12:45:57  LogType=OUT  DevId=9  Result=ok
2026-03-09 12:49:45 FAIL  User=SS00588  MappedId=SS00588  Time=2026-03-09 12:46:00  LogType=OUT  DevId=9  Result=error
2026-03-09 12:50:16 FAIL  User=SS00588  MappedId=SS00588  Time=2026-03-09 12:46:05  LogType=OUT  DevId=9  Result=error
2026-03-09 12:50:47 FAIL  User=1100  MappedId=1100  Time=2026-03-09 12:46:52  LogType=OUT  DevId=9  Result=error
2026-03-09 12:51:52 SKIP  User=588  Time=2026-03-09 10:38:51  Reason=no_employee
2026-03-09 12:51:52 SKIP  User=7  Time=2026-03-09 11:25:35  Reason=no_employee
2026-03-09 12:51:52 SKIP  User=588  Time=2026-03-09 11:51:45  Reason=no_employee
2026-03-09 12:51:52 SKIP  User=588  Time=2026-03-09 11:56:32  Reason=no_employee
2026-03-09 12:51:52 SKIP  User=588  Time=2026-03-09 11:59:03  Reason=no_employee
2026-03-09 12:51:52 SKIP  User=7  Time=2026-03-09 12:10:11  Reason=no_employee
2026-03-09 12:51:52 SKIP  User=7  Time=2026-03-09 12:10:14  Reason=no_employee
2026-03-09 12:51:52 SKIP  User=7  Time=2026-03-09 12:29:53  Reason=no_employee
2026-03-09 12:52:11 OK    User=947  MappedId=947  Time=2026-03-09 12:44:53  LogType=OUT  DevId=9  Result=duplicate
2026-03-09 12:52:42 FAIL  User=SS00588  MappedId=SS00588  Time=2026-03-09 12:46:00  LogType=OUT  DevId=9  Result=error
2026-03-09 12:52:58 OK    User=SS00588  MappedId=SS00588  Time=2026-03-09 12:46:05  LogType=OUT  DevId=9  Result=duplicate
2026-03-09 12:53:29 FAIL  User=1100  MappedId=1100  Time=2026-03-09 12:46:52  LogType=OUT  DevId=9  Result=error
2026-03-09 12:53:47 OK    User=1056  MappedId=1056  Time=2026-03-09 12:49:52  LogType=OUT  DevId=9  Result=ok
2026-03-09 12:54:04 OK    User=1044  MappedId=1044  Time=2026-03-09 12:49:56  LogType=OUT  DevId=9  Result=ok
2026-03-09 12:54:36 FAIL  User=1041  MappedId=1041  Time=2026-03-09 12:50:45  LogType=OUT  DevId=9  Result=error
2026-03-09 12:54:53 OK    User=960  MappedId=960  Time=2026-03-09 12:51:30  LogType=OUT  DevId=9  Result=ok
2026-03-09 12:55:58 SKIP  User=588  Time=2026-03-09 10:38:51  Reason=no_employee
2026-03-09 12:55:58 SKIP  User=7  Time=2026-03-09 11:25:35  Reason=no_employee
2026-03-09 12:55:58 SKIP  User=588  Time=2026-03-09 11:51:45  Reason=no_employee
2026-03-09 12:55:58 SKIP  User=588  Time=2026-03-09 11:56:32  Reason=no_employee
2026-03-09 12:55:58 SKIP  User=588  Time=2026-03-09 11:59:03  Reason=no_employee
2026-03-09 12:55:58 SKIP  User=7  Time=2026-03-09 12:10:11  Reason=no_employee
2026-03-09 12:55:58 SKIP  User=7  Time=2026-03-09 12:10:14  Reason=no_employee
2026-03-09 12:55:58 SKIP  User=7  Time=2026-03-09 12:29:53  Reason=no_employee
2026-03-09 12:56:27 OK    User=SS00588  MappedId=SS00588  Time=2026-03-09 12:46:00  LogType=OUT  DevId=9  Result=duplicate
2026-03-09 12:56:43 OK    User=1100  MappedId=1100  Time=2026-03-09 12:46:52  LogType=OUT  DevId=9  Result=duplicate
2026-03-09 12:57:00 OK    User=1041  MappedId=1041  Time=2026-03-09 12:50:45  LogType=OUT  DevId=9  Result=duplicate
2026-03-09 12:57:02 OK    User=1068  MappedId=1068  Time=2026-03-09 12:52:29  LogType=OUT  DevId=9  Result=ok
2026-03-09 12:57:18 OK    User=1068  MappedId=1068  Time=2026-03-09 12:52:30  LogType=OUT  DevId=9  Result=ok
2026-03-09 12:57:49 FAIL  User=933  MappedId=933  Time=2026-03-09 12:54:04  LogType=OUT  DevId=9  Result=error
2026-03-09 12:58:20 FAIL  User=822  MappedId=822  Time=2026-03-09 12:54:46  LogType=OUT  DevId=9  Result=error
2026-03-09 12:58:38 OK    User=822  MappedId=822  Time=2026-03-09 12:54:47  LogType=OUT  DevId=9  Result=ok
2026-03-09 12:58:56 OK    User=857  MappedId=857  Time=2026-03-09 12:55:03  LogType=OUT  DevId=9  Result=ok
2026-03-09 12:59:13 OK    User=857  MappedId=857  Time=2026-03-09 12:55:04  LogType=OUT  DevId=9  Result=ok
2026-03-09 12:59:15 OK    User=1192  MappedId=1192  Time=2026-03-09 12:56:20  LogType=OUT  DevId=9  Result=ok
2026-03-09 13:00:20 SKIP  User=588  Time=2026-03-09 10:38:51  Reason=no_employee
2026-03-09 13:00:20 SKIP  User=7  Time=2026-03-09 11:25:35  Reason=no_employee
2026-03-09 13:00:20 SKIP  User=588  Time=2026-03-09 11:51:45  Reason=no_employee
2026-03-09 13:00:20 SKIP  User=588  Time=2026-03-09 11:56:32  Reason=no_employee
2026-03-09 13:00:20 SKIP  User=588  Time=2026-03-09 11:59:03  Reason=no_employee
2026-03-09 13:00:20 SKIP  User=7  Time=2026-03-09 12:10:11  Reason=no_employee
2026-03-09 13:00:20 SKIP  User=7  Time=2026-03-09 12:10:14  Reason=no_employee
2026-03-09 13:00:20 SKIP  User=7  Time=2026-03-09 12:29:53  Reason=no_employee
2026-03-09 13:00:26 OK    User=933  MappedId=933  Time=2026-03-09 12:54:04  LogType=OUT  DevId=9  Result=duplicate
2026-03-09 13:00:28 OK    User=822  MappedId=822  Time=2026-03-09 12:54:46  LogType=OUT  DevId=9  Result=duplicate
2026-03-09 13:00:30 OK    User=1145  MappedId=1145  Time=2026-03-09 12:57:09  LogType=OUT  DevId=9  Result=ok
2026-03-09 13:00:32 OK    User=1166  MappedId=1166  Time=2026-03-09 12:59:57  LogType=OUT  DevId=9  Result=ok
2026-03-09 13:00:49 OK    User=1097  MappedId=1097  Time=2026-03-09 13:00:38  LogType=OUT  DevId=9  Result=ok
2026-03-09 13:00:51 OK    User=1190  MappedId=1190  Time=2026-03-09 13:00:43  LogType=OUT  DevId=9  Result=ok
2026-03-09 13:01:57 SKIP  User=588  Time=2026-03-09 10:38:51  Reason=no_employee
2026-03-09 13:01:57 SKIP  User=7  Time=2026-03-09 11:25:35  Reason=no_employee
2026-03-09 13:01:57 SKIP  User=588  Time=2026-03-09 11:51:45  Reason=no_employee
2026-03-09 13:01:57 SKIP  User=588  Time=2026-03-09 11:56:32  Reason=no_employee
2026-03-09 13:01:57 SKIP  User=588  Time=2026-03-09 11:59:03  Reason=no_employee
2026-03-09 13:01:57 SKIP  User=7  Time=2026-03-09 12:10:11  Reason=no_employee
2026-03-09 13:01:57 SKIP  User=7  Time=2026-03-09 12:10:14  Reason=no_employee
2026-03-09 13:01:57 SKIP  User=7  Time=2026-03-09 12:29:53  Reason=no_employee
2026-03-09 13:02:27 FAIL  User=980  MappedId=980  Time=2026-03-09 13:01:52  LogType=OUT  DevId=9  Result=error
2026-03-09 13:02:58 FAIL  User=980  MappedId=980  Time=2026-03-09 13:01:53  LogType=OUT  DevId=9  Result=error
2026-03-09 13:03:30 FAIL  User=976  MappedId=976  Time=2026-03-09 13:02:18  LogType=OUT  DevId=9  Result=error
2026-03-09 13:03:48 OK    User=976  MappedId=976  Time=2026-03-09 13:02:20  LogType=OUT  DevId=9  Result=ok
2026-03-09 13:04:54 SKIP  User=588  Time=2026-03-09 10:38:51  Reason=no_employee
2026-03-09 13:04:54 SKIP  User=7  Time=2026-03-09 11:25:35  Reason=no_employee
2026-03-09 13:04:54 SKIP  User=588  Time=2026-03-09 11:51:45  Reason=no_employee
2026-03-09 13:04:54 SKIP  User=588  Time=2026-03-09 11:56:32  Reason=no_employee
2026-03-09 13:04:54 SKIP  User=588  Time=2026-03-09 11:59:03  Reason=no_employee
2026-03-09 13:04:54 SKIP  User=7  Time=2026-03-09 12:10:11  Reason=no_employee
2026-03-09 13:04:54 SKIP  User=7  Time=2026-03-09 12:10:14  Reason=no_employee
2026-03-09 13:04:54 SKIP  User=7  Time=2026-03-09 12:29:53  Reason=no_employee
2026-03-09 13:04:55 OK    User=980  MappedId=980  Time=2026-03-09 13:01:52  LogType=OUT  DevId=9  Result=duplicate
2026-03-09 13:04:56 OK    User=980  MappedId=980  Time=2026-03-09 13:01:53  LogType=OUT  DevId=9  Result=duplicate
2026-03-09 13:04:58 OK    User=976  MappedId=976  Time=2026-03-09 13:02:18  LogType=OUT  DevId=9  Result=duplicate
2026-03-09 13:05:16 OK    User=937  MappedId=937  Time=2026-03-09 13:02:29  LogType=OUT  DevId=9  Result=ok
2026-03-09 13:05:18 OK    User=1033  MappedId=1033  Time=2026-03-09 13:02:44  LogType=OUT  DevId=9  Result=ok
2026-03-09 13:05:35 OK    User=941  MappedId=941  Time=2026-03-09 13:03:04  LogType=OUT  DevId=9  Result=ok
2026-03-09 13:05:53 OK    User=941  MappedId=941  Time=2026-03-09 13:03:05  LogType=OUT  DevId=9  Result=ok
2026-03-09 13:05:55 OK    User=1182  MappedId=1182  Time=2026-03-09 13:04:22  LogType=OUT  DevId=9  Result=ok
2026-03-09 13:06:12 OK    User=862  MappedId=862  Time=2026-03-09 13:05:09  LogType=OUT  DevId=9  Result=ok
2026-03-09 13:07:17 SKIP  User=588  Time=2026-03-09 10:38:51  Reason=no_employee
2026-03-09 13:07:17 SKIP  User=7  Time=2026-03-09 11:25:35  Reason=no_employee
2026-03-09 13:07:17 SKIP  User=588  Time=2026-03-09 11:51:45  Reason=no_employee
2026-03-09 13:07:17 SKIP  User=588  Time=2026-03-09 11:56:32  Reason=no_employee
2026-03-09 13:07:17 SKIP  User=588  Time=2026-03-09 11:59:03  Reason=no_employee
2026-03-09 13:07:17 SKIP  User=7  Time=2026-03-09 12:10:11  Reason=no_employee
2026-03-09 13:07:17 SKIP  User=7  Time=2026-03-09 12:10:14  Reason=no_employee
2026-03-09 13:07:17 SKIP  User=7  Time=2026-03-09 12:29:53  Reason=no_employee
2026-03-09 13:07:18 OK    User=1208  MappedId=1208  Time=2026-03-09 13:06:23  LogType=OUT  DevId=9  Result=ok
2026-03-09 13:07:20 OK    User=1208  MappedId=1208  Time=2026-03-09 13:06:24  LogType=OUT  DevId=9  Result=ok
2026-03-09 13:07:37 OK    User=1023  MappedId=1023  Time=2026-03-09 13:06:48  LogType=OUT  DevId=9  Result=ok
2026-03-09 13:07:55 OK    User=1023  MappedId=1023  Time=2026-03-09 13:06:50  LogType=OUT  DevId=9  Result=ok
2026-03-09 13:07:57 OK    User=1134  MappedId=1134  Time=2026-03-09 13:07:02  LogType=OUT  DevId=9  Result=ok
2026-03-09 13:09:02 SKIP  User=588  Time=2026-03-09 10:38:51  Reason=no_employee
2026-03-09 13:09:02 SKIP  User=7  Time=2026-03-09 11:25:35  Reason=no_employee
2026-03-09 13:09:02 SKIP  User=588  Time=2026-03-09 11:51:45  Reason=no_employee
2026-03-09 13:09:02 SKIP  User=588  Time=2026-03-09 11:56:32  Reason=no_employee
2026-03-09 13:09:02 SKIP  User=588  Time=2026-03-09 11:59:03  Reason=no_employee
2026-03-09 13:09:02 SKIP  User=7  Time=2026-03-09 12:10:11  Reason=no_employee
2026-03-09 13:09:02 SKIP  User=7  Time=2026-03-09 12:10:14  Reason=no_employee
2026-03-09 13:09:02 SKIP  User=7  Time=2026-03-09 12:29:53  Reason=no_employee
2026-03-09 13:09:31 OK    User=936  MappedId=936  Time=2026-03-09 13:08:49  LogType=OUT  DevId=9  Result=ok
2026-03-09 13:10:02 FAIL  User=936  MappedId=936  Time=2026-03-09 13:08:50  LogType=OUT  DevId=9  Result=error
2026-03-09 13:10:04 OK    User=1221  MappedId=1221  Time=2026-03-09 13:08:59  LogType=OUT  DevId=9  Result=ok
2026-03-09 13:10:06 OK    User=1145  MappedId=1145  Time=2026-03-09 13:09:06  LogType=OUT  DevId=9  Result=ok
2026-03-09 13:10:24 OK    User=1141  MappedId=1141  Time=2026-03-09 13:09:09  LogType=OUT  DevId=9  Result=ok
2026-03-09 13:11:29 SKIP  User=588  Time=2026-03-09 10:38:51  Reason=no_employee
2026-03-09 13:11:29 SKIP  User=7  Time=2026-03-09 11:25:35  Reason=no_employee
2026-03-09 13:11:29 SKIP  User=588  Time=2026-03-09 11:51:45  Reason=no_employee
2026-03-09 13:11:29 SKIP  User=588  Time=2026-03-09 11:56:32  Reason=no_employee
2026-03-09 13:11:29 SKIP  User=588  Time=2026-03-09 11:59:03  Reason=no_employee
2026-03-09 13:11:29 SKIP  User=7  Time=2026-03-09 12:10:11  Reason=no_employee
2026-03-09 13:11:29 SKIP  User=7  Time=2026-03-09 12:10:14  Reason=no_employee
2026-03-09 13:11:29 SKIP  User=7  Time=2026-03-09 12:29:53  Reason=no_employee
2026-03-09 13:11:30 OK    User=936  MappedId=936  Time=2026-03-09 13:08:50  LogType=OUT  DevId=9  Result=duplicate
2026-03-09 13:11:48 OK    User=241  MappedId=SS00241  Time=2026-03-09 13:09:33  LogType=OUT  DevId=9  Result=ok
2026-03-09 13:12:06 OK    User=816  MappedId=816  Time=2026-03-09 13:09:37  LogType=OUT  DevId=9  Result=ok
2026-03-09 13:12:23 OK    User=720  MappedId=SS00720  Time=2026-03-09 13:11:16  LogType=OUT  DevId=9  Result=ok
2026-03-09 13:13:31 SKIP  User=588  Time=2026-03-09 10:38:51  Reason=no_employee
2026-03-09 13:13:31 SKIP  User=7  Time=2026-03-09 11:25:35  Reason=no_employee
2026-03-09 13:13:31 SKIP  User=588  Time=2026-03-09 11:51:45  Reason=no_employee
2026-03-09 13:13:31 SKIP  User=588  Time=2026-03-09 11:56:32  Reason=no_employee
2026-03-09 13:13:31 SKIP  User=588  Time=2026-03-09 11:59:03  Reason=no_employee
2026-03-09 13:13:31 SKIP  User=7  Time=2026-03-09 12:10:11  Reason=no_employee
2026-03-09 13:13:31 SKIP  User=7  Time=2026-03-09 12:10:14  Reason=no_employee
2026-03-09 13:13:31 SKIP  User=7  Time=2026-03-09 12:29:53  Reason=no_employee
2026-03-09 13:13:32 OK    User=1166  MappedId=1166  Time=2026-03-09 13:13:40  LogType=OUT  DevId=9  Result=ok
2026-03-09 13:13:34 OK    User=1166  MappedId=1166  Time=2026-03-09 13:13:41  LogType=OUT  DevId=9  Result=ok
2026-03-09 13:14:39 SKIP  User=588  Time=2026-03-09 10:38:51  Reason=no_employee
2026-03-09 13:14:39 SKIP  User=7  Time=2026-03-09 11:25:35  Reason=no_employee
2026-03-09 13:14:39 SKIP  User=588  Time=2026-03-09 11:51:45  Reason=no_employee
2026-03-09 13:14:39 SKIP  User=588  Time=2026-03-09 11:56:32  Reason=no_employee
2026-03-09 13:14:39 SKIP  User=588  Time=2026-03-09 11:59:03  Reason=no_employee
2026-03-09 13:14:39 SKIP  User=7  Time=2026-03-09 12:10:11  Reason=no_employee
2026-03-09 13:14:39 SKIP  User=7  Time=2026-03-09 12:10:14  Reason=no_employee
2026-03-09 13:14:39 SKIP  User=7  Time=2026-03-09 12:29:53  Reason=no_employee
2026-03-09 13:14:40 OK    User=1087  MappedId=1087  Time=2026-03-09 13:14:17  LogType=OUT  DevId=9  Result=ok
2026-03-09 13:14:57 OK    User=958  MappedId=958  Time=2026-03-09 13:14:28  LogType=OUT  DevId=9  Result=ok
2026-03-09 13:15:29 FAIL  User=958  MappedId=958  Time=2026-03-09 13:14:30  LogType=OUT  DevId=9  Result=error
2026-03-09 13:16:00 FAIL  User=1185  MappedId=1185  Time=2026-03-09 13:14:49  LogType=OUT  DevId=9  Result=error
2026-03-09 13:17:06 SKIP  User=588  Time=2026-03-09 10:38:51  Reason=no_employee
2026-03-09 13:17:06 SKIP  User=7  Time=2026-03-09 11:25:35  Reason=no_employee
2026-03-09 13:17:06 SKIP  User=588  Time=2026-03-09 11:51:45  Reason=no_employee
2026-03-09 13:17:06 SKIP  User=588  Time=2026-03-09 11:56:32  Reason=no_employee
2026-03-09 13:17:06 SKIP  User=588  Time=2026-03-09 11:59:03  Reason=no_employee
2026-03-09 13:17:06 SKIP  User=7  Time=2026-03-09 12:10:11  Reason=no_employee
2026-03-09 13:17:06 SKIP  User=7  Time=2026-03-09 12:10:14  Reason=no_employee
2026-03-09 13:17:06 SKIP  User=7  Time=2026-03-09 12:29:53  Reason=no_employee
2026-03-09 13:17:19 OK    User=958  MappedId=958  Time=2026-03-09 13:14:30  LogType=OUT  DevId=9  Result=duplicate
2026-03-09 13:17:36 OK    User=1185  MappedId=1185  Time=2026-03-09 13:14:49  LogType=OUT  DevId=9  Result=duplicate
2026-03-09 13:18:07 FAIL  User=914  MappedId=914  Time=2026-03-09 13:16:21  LogType=OUT  DevId=9  Result=error
2026-03-09 13:18:39 FAIL  User=943  MappedId=943  Time=2026-03-09 13:16:25  LogType=OUT  DevId=9  Result=error
2026-03-09 13:18:56 OK    User=924  MappedId=924  Time=2026-03-09 13:16:54  LogType=OUT  DevId=9  Result=ok
2026-03-09 13:19:14 OK    User=924  MappedId=924  Time=2026-03-09 13:16:56  LogType=OUT  DevId=9  Result=ok
2026-03-09 13:20:20 SKIP  User=588  Time=2026-03-09 10:38:51  Reason=no_employee
2026-03-09 13:20:20 SKIP  User=7  Time=2026-03-09 11:25:35  Reason=no_employee
2026-03-09 13:20:20 SKIP  User=588  Time=2026-03-09 11:51:45  Reason=no_employee
2026-03-09 13:20:20 SKIP  User=588  Time=2026-03-09 11:56:32  Reason=no_employee
2026-03-09 13:20:20 SKIP  User=588  Time=2026-03-09 11:59:03  Reason=no_employee
2026-03-09 13:20:20 SKIP  User=7  Time=2026-03-09 12:10:11  Reason=no_employee
2026-03-09 13:20:20 SKIP  User=7  Time=2026-03-09 12:10:14  Reason=no_employee
2026-03-09 13:20:20 SKIP  User=7  Time=2026-03-09 12:29:53  Reason=no_employee
2026-03-09 13:20:21 OK    User=914  MappedId=914  Time=2026-03-09 13:16:21  LogType=OUT  DevId=9  Result=duplicate
2026-03-09 13:20:22 OK    User=943  MappedId=943  Time=2026-03-09 13:16:25  LogType=OUT  DevId=9  Result=duplicate
2026-03-09 13:20:24 OK    User=1139  MappedId=1139  Time=2026-03-09 13:19:11  LogType=OUT  DevId=9  Result=ok
2026-03-09 13:20:26 OK    User=1117  MappedId=1117  Time=2026-03-09 13:20:24  LogType=OUT  DevId=9  Result=ok
2026-03-09 13:21:33 SKIP  User=588  Time=2026-03-09 10:38:51  Reason=no_employee
2026-03-09 13:21:33 SKIP  User=7  Time=2026-03-09 11:25:35  Reason=no_employee
2026-03-09 13:21:33 SKIP  User=588  Time=2026-03-09 11:51:45  Reason=no_employee
2026-03-09 13:21:33 SKIP  User=588  Time=2026-03-09 11:56:32  Reason=no_employee
2026-03-09 13:21:33 SKIP  User=588  Time=2026-03-09 11:59:03  Reason=no_employee
2026-03-09 13:21:33 SKIP  User=7  Time=2026-03-09 12:10:11  Reason=no_employee
2026-03-09 13:21:33 SKIP  User=7  Time=2026-03-09 12:10:14  Reason=no_employee
2026-03-09 13:21:33 SKIP  User=7  Time=2026-03-09 12:29:53  Reason=no_employee
2026-03-09 13:21:50 OK    User=860  MappedId=860  Time=2026-03-09 13:21:50  LogType=OUT  DevId=9  Result=ok
2026-03-09 13:22:08 OK    User=860  MappedId=860  Time=2026-03-09 13:21:52  LogType=OUT  DevId=9  Result=ok
2026-03-09 13:23:13 SKIP  User=588  Time=2026-03-09 10:38:51  Reason=no_employee
2026-03-09 13:23:13 SKIP  User=7  Time=2026-03-09 11:25:35  Reason=no_employee
2026-03-09 13:23:13 SKIP  User=588  Time=2026-03-09 11:51:45  Reason=no_employee
2026-03-09 13:23:13 SKIP  User=588  Time=2026-03-09 11:56:32  Reason=no_employee
2026-03-09 13:23:13 SKIP  User=588  Time=2026-03-09 11:59:03  Reason=no_employee
2026-03-09 13:23:13 SKIP  User=7  Time=2026-03-09 12:10:11  Reason=no_employee
2026-03-09 13:23:13 SKIP  User=7  Time=2026-03-09 12:10:14  Reason=no_employee
2026-03-09 13:23:13 SKIP  User=7  Time=2026-03-09 12:29:53  Reason=no_employee
2026-03-09 13:23:29 OK    User=887  MappedId=887  Time=2026-03-09 13:22:22  LogType=OUT  DevId=9  Result=ok
2026-03-09 13:23:47 OK    User=887  MappedId=887  Time=2026-03-09 13:22:23  LogType=OUT  DevId=9  Result=ok
2026-03-09 13:24:04 OK    User=836  MappedId=836  Time=2026-03-09 13:23:39  LogType=OUT  DevId=9  Result=ok
2026-03-09 13:25:09 SKIP  User=588  Time=2026-03-09 10:38:51  Reason=no_employee
2026-03-09 13:25:09 SKIP  User=7  Time=2026-03-09 11:25:35  Reason=no_employee
2026-03-09 13:25:09 SKIP  User=588  Time=2026-03-09 11:51:45  Reason=no_employee
2026-03-09 13:25:09 SKIP  User=588  Time=2026-03-09 11:56:32  Reason=no_employee
2026-03-09 13:25:09 SKIP  User=588  Time=2026-03-09 11:59:03  Reason=no_employee
2026-03-09 13:25:09 SKIP  User=7  Time=2026-03-09 12:10:11  Reason=no_employee
2026-03-09 13:25:09 SKIP  User=7  Time=2026-03-09 12:10:14  Reason=no_employee
2026-03-09 13:25:09 SKIP  User=7  Time=2026-03-09 12:29:53  Reason=no_employee
2026-03-09 13:25:26 OK    User=1077  MappedId=1077  Time=2026-03-09 13:25:16  LogType=OUT  DevId=9  Result=ok
2026-03-09 13:26:31 SKIP  User=588  Time=2026-03-09 10:38:51  Reason=no_employee
2026-03-09 13:26:31 SKIP  User=7  Time=2026-03-09 11:25:35  Reason=no_employee
2026-03-09 13:26:31 SKIP  User=588  Time=2026-03-09 11:51:45  Reason=no_employee
2026-03-09 13:26:31 SKIP  User=588  Time=2026-03-09 11:56:32  Reason=no_employee
2026-03-09 13:26:31 SKIP  User=588  Time=2026-03-09 11:59:03  Reason=no_employee
2026-03-09 13:26:31 SKIP  User=7  Time=2026-03-09 12:10:11  Reason=no_employee
2026-03-09 13:26:31 SKIP  User=7  Time=2026-03-09 12:10:14  Reason=no_employee
2026-03-09 13:26:31 SKIP  User=7  Time=2026-03-09 12:29:53  Reason=no_employee
2026-03-09 13:26:32 OK    User=1176  MappedId=1176  Time=2026-03-09 13:26:03  LogType=OUT  DevId=9  Result=ok
2026-03-09 13:26:34 OK    User=1092  MappedId=1092  Time=2026-03-09 13:26:08  LogType=OUT  DevId=9  Result=ok
2026-03-09 13:26:35 OK    User=1153  MappedId=1153  Time=2026-03-09 13:26:30  LogType=OUT  DevId=9  Result=ok
2026-03-09 13:27:46 SKIP  User=588  Time=2026-03-09 10:38:51  Reason=no_employee
2026-03-09 13:27:46 SKIP  User=7  Time=2026-03-09 11:25:35  Reason=no_employee
2026-03-09 13:27:46 SKIP  User=588  Time=2026-03-09 11:51:45  Reason=no_employee
2026-03-09 13:27:46 SKIP  User=588  Time=2026-03-09 11:56:32  Reason=no_employee
2026-03-09 13:27:46 SKIP  User=588  Time=2026-03-09 11:59:03  Reason=no_employee
2026-03-09 13:27:46 SKIP  User=7  Time=2026-03-09 12:10:11  Reason=no_employee
2026-03-09 13:27:46 SKIP  User=7  Time=2026-03-09 12:10:14  Reason=no_employee
2026-03-09 13:27:46 SKIP  User=7  Time=2026-03-09 12:29:53  Reason=no_employee
2026-03-09 13:28:16 FAIL  User=191  MappedId=SS00191  Time=2026-03-09 13:27:38  LogType=OUT  DevId=9  Result=error
2026-03-09 13:28:47 FAIL  User=375  MappedId=SS00375  Time=2026-03-09 13:27:40  LogType=OUT  DevId=9  Result=error
2026-03-09 13:29:18 FAIL  User=375  MappedId=SS00375  Time=2026-03-09 13:27:41  LogType=OUT  DevId=9  Result=error
2026-03-09 13:29:50 FAIL  User=375  MappedId=SS00375  Time=2026-03-09 13:27:42  LogType=OUT  DevId=9  Result=error
2026-03-09 13:30:21 FAIL  User=375  MappedId=SS00375  Time=2026-03-09 13:27:44  LogType=OUT  DevId=9  Result=error
2026-03-09 13:30:45 OK    User=300  MappedId=SS00300  Time=2026-03-09 13:27:46  LogType=OUT  DevId=9  Result=ok
2026-03-09 13:31:50 SKIP  User=588  Time=2026-03-09 10:38:51  Reason=no_employee
2026-03-09 13:31:50 SKIP  User=7  Time=2026-03-09 11:25:35  Reason=no_employee
2026-03-09 13:31:50 SKIP  User=588  Time=2026-03-09 11:51:45  Reason=no_employee
2026-03-09 13:31:50 SKIP  User=588  Time=2026-03-09 11:56:32  Reason=no_employee
2026-03-09 13:31:50 SKIP  User=588  Time=2026-03-09 11:59:03  Reason=no_employee
2026-03-09 13:31:50 SKIP  User=7  Time=2026-03-09 12:10:11  Reason=no_employee
2026-03-09 13:31:50 SKIP  User=7  Time=2026-03-09 12:10:14  Reason=no_employee
2026-03-09 13:31:50 SKIP  User=7  Time=2026-03-09 12:29:53  Reason=no_employee
2026-03-09 13:31:56 OK    User=191  MappedId=SS00191  Time=2026-03-09 13:27:38  LogType=OUT  DevId=9  Result=duplicate
2026-03-09 13:32:12 OK    User=375  MappedId=SS00375  Time=2026-03-09 13:27:40  LogType=OUT  DevId=9  Result=duplicate
2026-03-09 13:32:27 OK    User=375  MappedId=SS00375  Time=2026-03-09 13:27:41  LogType=OUT  DevId=9  Result=duplicate
2026-03-09 13:32:45 OK    User=375  MappedId=SS00375  Time=2026-03-09 13:27:42  LogType=OUT  DevId=9  Result=duplicate
2026-03-09 13:33:00 OK    User=375  MappedId=SS00375  Time=2026-03-09 13:27:44  LogType=OUT  DevId=9  Result=duplicate
2026-03-09 13:33:18 OK    User=933  MappedId=933  Time=2026-03-09 13:28:45  LogType=OUT  DevId=9  Result=ok
2026-03-09 13:33:20 OK    User=1139  MappedId=1139  Time=2026-03-09 13:30:34  LogType=OUT  DevId=9  Result=ok
2026-03-09 13:33:21 OK    User=1139  MappedId=1139  Time=2026-03-09 13:30:42  LogType=OUT  DevId=9  Result=ok
2026-03-09 13:33:38 OK    User=1210  MappedId=1210  Time=2026-03-09 13:31:04  LogType=OUT  DevId=9  Result=ok
2026-03-09 13:33:55 OK    User=1210  MappedId=1210  Time=2026-03-09 13:31:06  LogType=OUT  DevId=9  Result=ok
2026-03-09 13:35:01 SKIP  User=588  Time=2026-03-09 10:38:51  Reason=no_employee
2026-03-09 13:35:01 SKIP  User=7  Time=2026-03-09 11:25:35  Reason=no_employee
2026-03-09 13:35:01 SKIP  User=588  Time=2026-03-09 11:51:45  Reason=no_employee
2026-03-09 13:35:01 SKIP  User=588  Time=2026-03-09 11:56:32  Reason=no_employee
2026-03-09 13:35:01 SKIP  User=588  Time=2026-03-09 11:59:03  Reason=no_employee
2026-03-09 13:35:01 SKIP  User=7  Time=2026-03-09 12:10:11  Reason=no_employee
2026-03-09 13:35:01 SKIP  User=7  Time=2026-03-09 12:10:14  Reason=no_employee
2026-03-09 13:35:01 SKIP  User=7  Time=2026-03-09 12:29:53  Reason=no_employee
2026-03-09 13:35:31 FAIL  User=1225  MappedId=1225  Time=2026-03-09 13:33:11  LogType=OUT  DevId=9  Result=error
2026-03-09 13:36:02 FAIL  User=1042  MappedId=1042  Time=2026-03-09 13:33:17  LogType=OUT  DevId=9  Result=error
2026-03-09 13:37:09 SKIP  User=588  Time=2026-03-09 10:38:51  Reason=no_employee
2026-03-09 13:37:09 SKIP  User=7  Time=2026-03-09 11:25:35  Reason=no_employee
2026-03-09 13:37:09 SKIP  User=588  Time=2026-03-09 11:51:45  Reason=no_employee
2026-03-09 13:37:09 SKIP  User=588  Time=2026-03-09 11:56:32  Reason=no_employee
2026-03-09 13:37:09 SKIP  User=588  Time=2026-03-09 11:59:03  Reason=no_employee
2026-03-09 13:37:09 SKIP  User=7  Time=2026-03-09 12:10:11  Reason=no_employee
2026-03-09 13:37:09 SKIP  User=7  Time=2026-03-09 12:10:14  Reason=no_employee
2026-03-09 13:37:09 SKIP  User=7  Time=2026-03-09 12:29:53  Reason=no_employee
2026-03-09 13:37:16 OK    User=1225  MappedId=1225  Time=2026-03-09 13:33:11  LogType=OUT  DevId=9  Result=duplicate
2026-03-09 13:37:18 OK    User=1042  MappedId=1042  Time=2026-03-09 13:33:17  LogType=OUT  DevId=9  Result=duplicate
2026-03-09 13:37:35 OK    User=964  MappedId=964  Time=2026-03-09 13:35:54  LogType=OUT  DevId=9  Result=ok
2026-03-09 13:38:07 FAIL  User=1067  MappedId=1067  Time=2026-03-09 13:36:00  LogType=OUT  DevId=9  Result=error
2026-03-09 13:38:38 FAIL  User=721  MappedId=SS00721  Time=2026-03-09 13:36:26  LogType=OUT  DevId=9  Result=error
2026-03-09 13:39:09 FAIL  User=721  MappedId=SS00721  Time=2026-03-09 13:36:28  LogType=OUT  DevId=9  Result=error
2026-03-09 13:39:41 FAIL  User=795  MappedId=795  Time=2026-03-09 13:36:32  LogType=OUT  DevId=9  Result=error
2026-03-09 13:39:57 OK    User=1199  MappedId=1199  Time=2026-03-09 13:36:43  LogType=OUT  DevId=9  Result=ok
2026-03-09 13:40:14 OK    User=1199  MappedId=1199  Time=2026-03-09 13:36:44  LogType=OUT  DevId=9  Result=ok
2026-03-09 13:40:16 OK    User=1135  MappedId=1135  Time=2026-03-09 13:36:47  LogType=OUT  DevId=9  Result=ok
2026-03-09 13:40:18 OK    User=1135  MappedId=1135  Time=2026-03-09 13:36:48  LogType=OUT  DevId=9  Result=ok
2026-03-09 13:40:20 OK    User=1135  MappedId=1135  Time=2026-03-09 13:36:53  LogType=OUT  DevId=9  Result=ok
2026-03-09 13:40:22 OK    User=1135  MappedId=1135  Time=2026-03-09 13:36:54  LogType=OUT  DevId=9  Result=ok
2026-03-09 13:41:28 SKIP  User=588  Time=2026-03-09 10:38:51  Reason=no_employee
2026-03-09 13:41:28 SKIP  User=7  Time=2026-03-09 11:25:35  Reason=no_employee
2026-03-09 13:41:28 SKIP  User=588  Time=2026-03-09 11:51:45  Reason=no_employee
2026-03-09 13:41:28 SKIP  User=588  Time=2026-03-09 11:56:32  Reason=no_employee
2026-03-09 13:41:28 SKIP  User=588  Time=2026-03-09 11:59:03  Reason=no_employee
2026-03-09 13:41:28 SKIP  User=7  Time=2026-03-09 12:10:11  Reason=no_employee
2026-03-09 13:41:28 SKIP  User=7  Time=2026-03-09 12:10:14  Reason=no_employee
2026-03-09 13:41:28 SKIP  User=7  Time=2026-03-09 12:29:53  Reason=no_employee
2026-03-09 13:41:28 OK    User=1067  MappedId=1067  Time=2026-03-09 13:36:00  LogType=OUT  DevId=9  Result=duplicate
2026-03-09 13:41:46 OK    User=721  MappedId=SS00721  Time=2026-03-09 13:36:26  LogType=OUT  DevId=9  Result=duplicate
2026-03-09 13:41:47 OK    User=721  MappedId=SS00721  Time=2026-03-09 13:36:28  LogType=OUT  DevId=9  Result=duplicate
2026-03-09 13:41:49 OK    User=795  MappedId=795  Time=2026-03-09 13:36:32  LogType=OUT  DevId=9  Result=duplicate
2026-03-09 13:41:51 OK    User=1068  MappedId=1068  Time=2026-03-09 13:37:35  LogType=OUT  DevId=9  Result=ok
2026-03-09 13:42:09 OK    User=1078  MappedId=1078  Time=2026-03-09 13:37:41  LogType=OUT  DevId=9  Result=ok
2026-03-09 13:42:26 OK    User=927  MappedId=927  Time=2026-03-09 13:37:55  LogType=OUT  DevId=9  Result=ok
2026-03-09 13:42:44 OK    User=1001  MappedId=1001  Time=2026-03-09 13:37:58  LogType=OUT  DevId=9  Result=ok
2026-03-09 13:43:01 OK    User=928  MappedId=928  Time=2026-03-09 13:38:09  LogType=OUT  DevId=9  Result=ok
2026-03-09 13:43:18 OK    User=928  MappedId=928  Time=2026-03-09 13:38:10  LogType=OUT  DevId=9  Result=ok
2026-03-09 13:43:36 OK    User=796  MappedId=796  Time=2026-03-09 13:39:40  LogType=OUT  DevId=9  Result=ok
2026-03-09 13:43:53 OK    User=796  MappedId=796  Time=2026-03-09 13:39:42  LogType=OUT  DevId=9  Result=ok
2026-03-09 13:44:11 OK    User=931  MappedId=931  Time=2026-03-09 13:40:15  LogType=OUT  DevId=9  Result=ok
2026-03-09 13:44:42 FAIL  User=931  MappedId=931  Time=2026-03-09 13:40:16  LogType=OUT  DevId=9  Result=error
2026-03-09 13:45:13 FAIL  User=781  MappedId=781  Time=2026-03-09 13:40:23  LogType=OUT  DevId=9  Result=error
2026-03-09 13:45:45 FAIL  User=781  MappedId=781  Time=2026-03-09 13:40:25  LogType=OUT  DevId=9  Result=error
2026-03-09 13:46:16 FAIL  User=1215  MappedId=1215  Time=2026-03-09 13:40:49  LogType=OUT  DevId=9  Result=error
2026-03-09 13:46:47 FAIL  User=1037  MappedId=1037  Time=2026-03-09 13:41:29  LogType=OUT  DevId=9  Result=error
2026-03-09 13:47:05 OK    User=1196  MappedId=1196  Time=2026-03-09 13:41:41  LogType=OUT  DevId=9  Result=ok
2026-03-09 13:47:22 OK    User=999  MappedId=999  Time=2026-03-09 13:41:45  LogType=OUT  DevId=9  Result=ok
2026-03-09 13:47:53 FAIL  User=999  MappedId=999  Time=2026-03-09 13:41:48  LogType=OUT  DevId=9  Result=error
2026-03-09 13:48:59 SKIP  User=588  Time=2026-03-09 10:38:51  Reason=no_employee
2026-03-09 13:48:59 SKIP  User=7  Time=2026-03-09 11:25:35  Reason=no_employee
2026-03-09 13:48:59 SKIP  User=588  Time=2026-03-09 11:51:45  Reason=no_employee
2026-03-09 13:48:59 SKIP  User=588  Time=2026-03-09 11:56:32  Reason=no_employee
2026-03-09 13:48:59 SKIP  User=588  Time=2026-03-09 11:59:03  Reason=no_employee
2026-03-09 13:48:59 SKIP  User=7  Time=2026-03-09 12:10:11  Reason=no_employee
2026-03-09 13:48:59 SKIP  User=7  Time=2026-03-09 12:10:14  Reason=no_employee
2026-03-09 13:48:59 SKIP  User=7  Time=2026-03-09 12:29:53  Reason=no_employee
2026-03-09 13:49:01 OK    User=931  MappedId=931  Time=2026-03-09 13:40:16  LogType=OUT  DevId=9  Result=duplicate
2026-03-09 13:49:18 OK    User=781  MappedId=781  Time=2026-03-09 13:40:23  LogType=OUT  DevId=9  Result=duplicate
2026-03-09 13:49:20 OK    User=781  MappedId=781  Time=2026-03-09 13:40:25  LogType=OUT  DevId=9  Result=duplicate
2026-03-09 13:49:22 OK    User=1215  MappedId=1215  Time=2026-03-09 13:40:49  LogType=OUT  DevId=9  Result=duplicate
2026-03-09 13:49:24 OK    User=1037  MappedId=1037  Time=2026-03-09 13:41:29  LogType=OUT  DevId=9  Result=duplicate
2026-03-09 13:49:26 OK    User=999  MappedId=999  Time=2026-03-09 13:41:48  LogType=OUT  DevId=9  Result=duplicate
2026-03-09 13:49:27 OK    User=1167  MappedId=1167  Time=2026-03-09 13:42:05  LogType=OUT  DevId=9  Result=ok
2026-03-09 13:49:29 OK    User=1087  MappedId=1087  Time=2026-03-09 13:42:15  LogType=OUT  DevId=9  Result=ok
2026-03-09 13:49:47 OK    User=747  MappedId=747  Time=2026-03-09 13:42:24  LogType=OUT  DevId=9  Result=ok
2026-03-09 13:50:04 OK    User=629  MappedId=629  Time=2026-03-09 13:42:30  LogType=OUT  DevId=9  Result=ok
2026-03-09 13:50:22 OK    User=968  MappedId=968  Time=2026-03-09 13:43:07  LogType=OUT  DevId=9  Result=ok
2026-03-09 13:50:39 OK    User=861  MappedId=861  Time=2026-03-09 13:43:09  LogType=OUT  DevId=9  Result=ok
2026-03-09 13:51:11 FAIL  User=861  MappedId=861  Time=2026-03-09 13:43:11  LogType=OUT  DevId=9  Result=error
2026-03-09 13:51:28 OK    User=861  MappedId=861  Time=2026-03-09 13:43:16  LogType=OUT  DevId=9  Result=ok
2026-03-09 13:51:46 OK    User=983  MappedId=983  Time=2026-03-09 13:43:20  LogType=OUT  DevId=9  Result=ok
2026-03-09 13:52:17 FAIL  User=964  MappedId=964  Time=2026-03-09 13:43:24  LogType=OUT  DevId=9  Result=error
2026-03-09 13:52:48 FAIL  User=965  MappedId=965  Time=2026-03-09 13:43:40  LogType=OUT  DevId=9  Result=error
2026-03-09 13:53:05 OK    User=1203  MappedId=1203  Time=2026-03-09 13:43:46  LogType=OUT  DevId=9  Result=ok
2026-03-09 13:53:36 FAIL  User=960  MappedId=960  Time=2026-03-09 13:43:56  LogType=OUT  DevId=9  Result=error
2026-03-09 13:54:07 FAIL  User=959  MappedId=959  Time=2026-03-09 13:44:40  LogType=OUT  DevId=9  Result=error
2026-03-09 13:54:25 OK    User=952  MappedId=952  Time=2026-03-09 13:44:47  LogType=OUT  DevId=9  Result=ok
2026-03-09 13:54:42 OK    User=984  MappedId=984  Time=2026-03-09 13:45:10  LogType=OUT  DevId=9  Result=ok
2026-03-09 13:55:14 FAIL  User=984  MappedId=984  Time=2026-03-09 13:45:11  LogType=OUT  DevId=9  Result=error
2026-03-09 13:55:15 OK    User=1129  MappedId=1129  Time=2026-03-09 13:46:10  LogType=OUT  DevId=9  Result=ok
2026-03-09 13:55:17 OK    User=1129  MappedId=1129  Time=2026-03-09 13:46:12  LogType=OUT  DevId=9  Result=ok
2026-03-09 13:55:35 OK    User=826  MappedId=826  Time=2026-03-09 13:47:15  LogType=OUT  DevId=9  Result=ok
2026-03-09 13:55:52 OK    User=1018  MappedId=1018  Time=2026-03-09 13:47:23  LogType=OUT  DevId=9  Result=ok
2026-03-09 13:56:10 OK    User=857  MappedId=857  Time=2026-03-09 13:48:05  LogType=OUT  DevId=9  Result=ok
2026-03-09 13:56:28 OK    User=963  MappedId=963  Time=2026-03-09 13:48:10  LogType=OUT  DevId=9  Result=ok
2026-03-09 13:56:29 OK    User=1214  MappedId=1214  Time=2026-03-09 13:48:42  LogType=OUT  DevId=9  Result=ok
2026-03-09 13:56:31 OK    User=1220  MappedId=1220  Time=2026-03-09 13:48:50  LogType=OUT  DevId=9  Result=ok
2026-03-09 13:56:49 OK    User=1077  MappedId=1077  Time=2026-03-09 13:48:54  LogType=OUT  DevId=9  Result=ok
2026-03-09 13:57:07 OK    User=1077  MappedId=1077  Time=2026-03-09 13:48:56  LogType=OUT  DevId=9  Result=ok
2026-03-09 13:57:24 OK    User=1077  MappedId=1077  Time=2026-03-09 13:49:04  LogType=OUT  DevId=9  Result=ok
2026-03-09 13:57:26 OK    User=1066  MappedId=1066  Time=2026-03-09 13:49:08  LogType=OUT  DevId=9  Result=ok
2026-03-09 13:57:28 OK    User=1066  MappedId=1066  Time=2026-03-09 13:49:09  LogType=OUT  DevId=9  Result=ok
2026-03-09 13:57:45 OK    User=1077  MappedId=1077  Time=2026-03-09 13:49:11  LogType=OUT  DevId=9  Result=ok
2026-03-09 13:58:17 FAIL  User=1077  MappedId=1077  Time=2026-03-09 13:49:14  LogType=OUT  DevId=9  Result=error
2026-03-09 13:59:22 SKIP  User=588  Time=2026-03-09 10:38:51  Reason=no_employee
2026-03-09 13:59:22 SKIP  User=7  Time=2026-03-09 11:25:35  Reason=no_employee
2026-03-09 13:59:22 SKIP  User=588  Time=2026-03-09 11:51:45  Reason=no_employee
2026-03-09 13:59:22 SKIP  User=588  Time=2026-03-09 11:56:32  Reason=no_employee
2026-03-09 13:59:22 SKIP  User=588  Time=2026-03-09 11:59:03  Reason=no_employee
2026-03-09 13:59:22 SKIP  User=7  Time=2026-03-09 12:10:11  Reason=no_employee
2026-03-09 13:59:22 SKIP  User=7  Time=2026-03-09 12:10:14  Reason=no_employee
2026-03-09 13:59:22 SKIP  User=7  Time=2026-03-09 12:29:53  Reason=no_employee
2026-03-09 13:59:23 OK    User=861  MappedId=861  Time=2026-03-09 13:43:11  LogType=OUT  DevId=9  Result=duplicate
2026-03-09 13:59:25 OK    User=964  MappedId=964  Time=2026-03-09 13:43:24  LogType=OUT  DevId=9  Result=duplicate
2026-03-09 13:59:26 OK    User=965  MappedId=965  Time=2026-03-09 13:43:40  LogType=OUT  DevId=9  Result=duplicate
2026-03-09 13:59:28 OK    User=960  MappedId=960  Time=2026-03-09 13:43:56  LogType=OUT  DevId=9  Result=duplicate
2026-03-09 13:59:30 OK    User=959  MappedId=959  Time=2026-03-09 13:44:40  LogType=OUT  DevId=9  Result=duplicate
2026-03-09 13:59:32 OK    User=984  MappedId=984  Time=2026-03-09 13:45:11  LogType=OUT  DevId=9  Result=duplicate
2026-03-09 13:59:34 OK    User=1077  MappedId=1077  Time=2026-03-09 13:49:14  LogType=OUT  DevId=9  Result=duplicate
2026-03-09 13:59:51 OK    User=1077  MappedId=1077  Time=2026-03-09 13:49:26  LogType=OUT  DevId=9  Result=ok
2026-03-09 13:59:53 OK    User=1066  MappedId=1066  Time=2026-03-09 13:49:31  LogType=OUT  DevId=9  Result=ok
2026-03-09 14:00:25 FAIL  User=1089  MappedId=1089  Time=2026-03-09 13:49:43  LogType=OUT  DevId=9  Result=error
2026-03-09 14:00:26 SKIP  User=7  Time=2026-03-09 13:49:52  Reason=no_employee
2026-03-09 14:00:56 FAIL  User=1023  MappedId=1023  Time=2026-03-09 13:49:54  LogType=OUT  DevId=9  Result=error
2026-03-09 14:01:27 FAIL  User=1023  MappedId=1023  Time=2026-03-09 13:49:56  LogType=OUT  DevId=9  Result=error
2026-03-09 14:01:58 FAIL  User=961  MappedId=961  Time=2026-03-09 13:49:59  LogType=OUT  DevId=9  Result=error
2026-03-09 14:02:30 FAIL  User=961  MappedId=961  Time=2026-03-09 13:50:00  LogType=OUT  DevId=9  Result=error
2026-03-09 14:02:33 OK    User=1213  MappedId=1213  Time=2026-03-09 13:50:19  LogType=OUT  DevId=9  Result=ok
2026-03-09 14:02:34 OK    User=1213  MappedId=1213  Time=2026-03-09 13:50:20  LogType=OUT  DevId=9  Result=ok
2026-03-09 14:02:36 OK    User=1213  MappedId=1213  Time=2026-03-09 13:50:26  LogType=OUT  DevId=9  Result=ok
2026-03-09 14:02:53 OK    User=1160  MappedId=1160  Time=2026-03-09 13:50:39  LogType=OUT  DevId=9  Result=ok
2026-03-09 14:03:24 FAIL  User=825  MappedId=825  Time=2026-03-09 13:50:42  LogType=OUT  DevId=9  Result=error
2026-03-09 14:03:55 FAIL  User=825  MappedId=825  Time=2026-03-09 13:50:44  LogType=OUT  DevId=9  Result=error
2026-03-09 14:04:13 OK    User=1161  MappedId=1161  Time=2026-03-09 13:50:47  LogType=OUT  DevId=9  Result=ok
2026-03-09 14:04:45 FAIL  User=825  MappedId=825  Time=2026-03-09 13:51:00  LogType=OUT  DevId=9  Result=error
2026-03-09 14:05:16 FAIL  User=822  MappedId=822  Time=2026-03-09 13:51:07  LogType=OUT  DevId=9  Result=error
2026-03-09 14:05:47 FAIL  User=822  MappedId=822  Time=2026-03-09 13:51:08  LogType=OUT  DevId=9  Result=error
2026-03-09 14:06:18 FAIL  User=1038  MappedId=1038  Time=2026-03-09 13:51:20  LogType=OUT  DevId=9  Result=error
2026-03-09 14:06:50 FAIL  User=1023  MappedId=1023  Time=2026-03-09 13:51:23  LogType=OUT  DevId=9  Result=error
2026-03-09 14:07:21 FAIL  User=1023  MappedId=1023  Time=2026-03-09 13:51:24  LogType=OUT  DevId=9  Result=error
2026-03-09 14:07:52 FAIL  User=1057  MappedId=1057  Time=2026-03-09 13:51:29  LogType=OUT  DevId=9  Result=error
2026-03-09 14:08:23 FAIL  User=1057  MappedId=1057  Time=2026-03-09 13:51:34  LogType=OUT  DevId=9  Result=error
2026-03-09 14:08:55 FAIL  User=1057  MappedId=1057  Time=2026-03-09 13:51:35  LogType=OUT  DevId=9  Result=error
2026-03-09 14:09:13 OK    User=980  MappedId=980  Time=2026-03-09 13:51:37  LogType=OUT  DevId=9  Result=ok
2026-03-09 14:09:45 FAIL  User=980  MappedId=980  Time=2026-03-09 13:51:38  LogType=OUT  DevId=9  Result=error
2026-03-09 14:09:47 OK    User=1149  MappedId=1149  Time=2026-03-09 13:51:41  LogType=OUT  DevId=9  Result=ok
2026-03-09 14:09:49 OK    User=1149  MappedId=1149  Time=2026-03-09 13:51:43  LogType=OUT  DevId=9  Result=ok
2026-03-09 14:10:06 OK    User=1081  MappedId=1081  Time=2026-03-09 13:52:05  LogType=OUT  DevId=9  Result=ok
2026-03-09 14:10:24 OK    User=1186  MappedId=1186  Time=2026-03-09 13:52:42  LogType=OUT  DevId=9  Result=ok
2026-03-09 14:10:55 FAIL  User=922  MappedId=922  Time=2026-03-09 13:52:45  LogType=OUT  DevId=9  Result=error
2026-03-09 14:11:26 FAIL  User=922  MappedId=922  Time=2026-03-09 13:52:47  LogType=OUT  DevId=9  Result=error
2026-03-09 14:11:43 OK    User=1155  MappedId=1155  Time=2026-03-09 13:53:17  LogType=OUT  DevId=9  Result=ok
2026-03-09 14:11:45 OK    User=1148  MappedId=1148  Time=2026-03-09 13:53:19  LogType=OUT  DevId=9  Result=ok
2026-03-09 14:12:02 OK    User=1148  MappedId=1148  Time=2026-03-09 13:53:21  LogType=OUT  DevId=9  Result=ok
2026-03-09 14:12:04 OK    User=1191  MappedId=1191  Time=2026-03-09 13:53:34  LogType=OUT  DevId=9  Result=ok
2026-03-09 14:12:22 OK    User=21  MappedId=SS0021  Time=2026-03-09 13:53:42  LogType=OUT  DevId=9  Result=ok
2026-03-09 14:12:39 OK    User=24  MappedId=SS0024  Time=2026-03-09 13:53:49  LogType=OUT  DevId=9  Result=ok
2026-03-09 14:12:57 OK    User=880  MappedId=880  Time=2026-03-09 13:55:11  LogType=OUT  DevId=9  Result=ok
2026-03-09 14:13:14 OK    User=484  MappedId=SS00484  Time=2026-03-09 13:55:33  LogType=OUT  DevId=9  Result=ok
2026-03-09 14:13:32 OK    User=490  MappedId=SS00490  Time=2026-03-09 13:55:37  LogType=OUT  DevId=9  Result=ok
2026-03-09 14:14:03 FAIL  User=490  MappedId=SS00490  Time=2026-03-09 13:55:38  LogType=OUT  DevId=9  Result=error
2026-03-09 14:14:34 FAIL  User=1103  MappedId=1103  Time=2026-03-09 13:55:46  LogType=OUT  DevId=9  Result=error
2026-03-09 14:14:52 OK    User=1103  MappedId=1103  Time=2026-03-09 13:55:48  LogType=OUT  DevId=9  Result=ok
2026-03-09 14:15:09 OK    User=992  MappedId=992  Time=2026-03-09 13:56:07  LogType=OUT  DevId=9  Result=ok
2026-03-09 14:15:25 OK    User=1147  MappedId=1147  Time=2026-03-09 13:56:56  LogType=OUT  DevId=9  Result=ok
2026-03-09 14:15:42 OK    User=1159  MappedId=1159  Time=2026-03-09 13:57:00  LogType=OUT  DevId=9  Result=ok
2026-03-09 14:15:44 OK    User=1159  MappedId=1159  Time=2026-03-09 13:57:07  LogType=OUT  DevId=9  Result=ok
2026-03-09 14:16:00 OK    User=1150  MappedId=1150  Time=2026-03-09 13:57:41  LogType=OUT  DevId=9  Result=ok
2026-03-09 14:16:17 OK    User=1144  MappedId=1144  Time=2026-03-09 13:57:43  LogType=OUT  DevId=9  Result=ok
2026-03-09 14:16:35 OK    User=1163  MappedId=1163  Time=2026-03-09 13:58:24  LogType=OUT  DevId=9  Result=ok
2026-03-09 14:16:52 OK    User=1163  MappedId=1163  Time=2026-03-09 13:58:25  LogType=OUT  DevId=9  Result=ok
2026-03-09 14:17:11 OK    User=1093  MappedId=1093  Time=2026-03-09 13:58:38  LogType=OUT  DevId=9  Result=ok
2026-03-09 14:17:13 OK    User=1070  MappedId=1070  Time=2026-03-09 13:59:47  LogType=OUT  DevId=9  Result=ok
2026-03-09 14:18:19 SKIP  User=588  Time=2026-03-09 10:38:51  Reason=no_employee
2026-03-09 14:18:19 SKIP  User=7  Time=2026-03-09 11:25:35  Reason=no_employee
2026-03-09 14:18:19 SKIP  User=588  Time=2026-03-09 11:51:45  Reason=no_employee
2026-03-09 14:18:19 SKIP  User=588  Time=2026-03-09 11:56:32  Reason=no_employee
2026-03-09 14:18:19 SKIP  User=588  Time=2026-03-09 11:59:03  Reason=no_employee
2026-03-09 14:18:19 SKIP  User=7  Time=2026-03-09 12:10:11  Reason=no_employee
2026-03-09 14:18:19 SKIP  User=7  Time=2026-03-09 12:10:14  Reason=no_employee
2026-03-09 14:18:19 SKIP  User=7  Time=2026-03-09 12:29:53  Reason=no_employee
2026-03-09 14:18:35 OK    User=1089  MappedId=1089  Time=2026-03-09 13:49:43  LogType=OUT  DevId=9  Result=duplicate
2026-03-09 14:18:36 SKIP  User=7  Time=2026-03-09 13:49:52  Reason=no_employee
2026-03-09 14:18:52 OK    User=1023  MappedId=1023  Time=2026-03-09 13:49:54  LogType=OUT  DevId=9  Result=duplicate
2026-03-09 14:19:10 OK    User=1023  MappedId=1023  Time=2026-03-09 13:49:56  LogType=OUT  DevId=9  Result=duplicate
2026-03-09 14:19:12 OK    User=961  MappedId=961  Time=2026-03-09 13:49:59  LogType=OUT  DevId=9  Result=duplicate
2026-03-09 14:19:14 OK    User=961  MappedId=961  Time=2026-03-09 13:50:00  LogType=OUT  DevId=9  Result=duplicate
2026-03-09 14:19:16 OK    User=825  MappedId=825  Time=2026-03-09 13:50:42  LogType=OUT  DevId=9  Result=duplicate
2026-03-09 14:19:18 OK    User=825  MappedId=825  Time=2026-03-09 13:50:44  LogType=OUT  DevId=9  Result=duplicate
2026-03-09 14:19:20 OK    User=825  MappedId=825  Time=2026-03-09 13:51:00  LogType=OUT  DevId=9  Result=duplicate
2026-03-09 14:19:22 OK    User=822  MappedId=822  Time=2026-03-09 13:51:07  LogType=OUT  DevId=9  Result=duplicate
2026-03-09 14:19:24 OK    User=822  MappedId=822  Time=2026-03-09 13:51:08  LogType=OUT  DevId=9  Result=duplicate
2026-03-09 14:19:26 OK    User=1038  MappedId=1038  Time=2026-03-09 13:51:20  LogType=OUT  DevId=9  Result=duplicate
2026-03-09 14:19:28 OK    User=1023  MappedId=1023  Time=2026-03-09 13:51:23  LogType=OUT  DevId=9  Result=duplicate
2026-03-09 14:19:30 OK    User=1023  MappedId=1023  Time=2026-03-09 13:51:24  LogType=OUT  DevId=9  Result=duplicate
2026-03-09 14:19:32 OK    User=1057  MappedId=1057  Time=2026-03-09 13:51:29  LogType=OUT  DevId=9  Result=duplicate
2026-03-09 14:19:34 OK    User=1057  MappedId=1057  Time=2026-03-09 13:51:34  LogType=OUT  DevId=9  Result=duplicate
2026-03-09 14:19:36 OK    User=1057  MappedId=1057  Time=2026-03-09 13:51:35  LogType=OUT  DevId=9  Result=duplicate
2026-03-09 14:19:38 OK    User=980  MappedId=980  Time=2026-03-09 13:51:38  LogType=OUT  DevId=9  Result=duplicate
2026-03-09 14:19:40 OK    User=922  MappedId=922  Time=2026-03-09 13:52:45  LogType=OUT  DevId=9  Result=duplicate
2026-03-09 14:19:42 OK    User=922  MappedId=922  Time=2026-03-09 13:52:47  LogType=OUT  DevId=9  Result=duplicate
2026-03-09 14:19:44 OK    User=490  MappedId=SS00490  Time=2026-03-09 13:55:38  LogType=OUT  DevId=9  Result=duplicate
2026-03-09 14:19:47 OK    User=1103  MappedId=1103  Time=2026-03-09 13:55:46  LogType=OUT  DevId=9  Result=duplicate
2026-03-09 14:19:49 OK    User=1177  MappedId=1177  Time=2026-03-09 13:59:50  LogType=OUT  DevId=9  Result=ok
2026-03-09 14:19:51 OK    User=1143  MappedId=1143  Time=2026-03-09 14:02:49  LogType=OUT  DevId=9  Result=ok
2026-03-09 14:20:09 OK    User=1116  MappedId=1116  Time=2026-03-09 14:03:56  LogType=OUT  DevId=9  Result=ok
2026-03-09 14:20:27 OK    User=788  MappedId=788  Time=2026-03-09 14:04:02  LogType=OUT  DevId=9  Result=ok
2026-03-09 14:20:44 OK    User=915  MappedId=915  Time=2026-03-09 14:04:05  LogType=OUT  DevId=9  Result=ok
2026-03-09 14:21:02 OK    User=915  MappedId=915  Time=2026-03-09 14:04:06  LogType=OUT  DevId=9  Result=ok
2026-03-09 14:21:20 OK    User=915  MappedId=915  Time=2026-03-09 14:04:07  LogType=OUT  DevId=9  Result=ok
2026-03-09 14:21:37 OK    User=915  MappedId=915  Time=2026-03-09 14:04:09  LogType=OUT  DevId=9  Result=ok
2026-03-09 14:21:39 OK    User=1183  MappedId=1183  Time=2026-03-09 14:05:20  LogType=OUT  DevId=9  Result=ok
2026-03-09 14:21:42 OK    User=1083  MappedId=1083  Time=2026-03-09 14:05:34  LogType=OUT  DevId=9  Result=ok
2026-03-09 14:21:44 OK    User=1207  MappedId=1207  Time=2026-03-09 14:05:38  LogType=OUT  DevId=9  Result=ok
2026-03-09 14:21:47 OK    User=1207  MappedId=1207  Time=2026-03-09 14:05:39  LogType=OUT  DevId=9  Result=ok
2026-03-09 14:21:49 OK    User=1207  MappedId=1207  Time=2026-03-09 14:05:41  LogType=OUT  DevId=9  Result=ok
2026-03-09 14:21:50 OK    User=1207  MappedId=1207  Time=2026-03-09 14:05:45  LogType=OUT  DevId=9  Result=ok
2026-03-09 14:22:08 OK    User=1039  MappedId=1039  Time=2026-03-09 14:05:49  LogType=OUT  DevId=9  Result=ok
2026-03-09 14:22:10 OK    User=1199  MappedId=1199  Time=2026-03-09 14:05:51  LogType=OUT  DevId=9  Result=ok
2026-03-09 14:22:13 OK    User=1167  MappedId=1167  Time=2026-03-09 14:05:54  LogType=OUT  DevId=9  Result=ok
2026-03-09 14:22:15 OK    User=1182  MappedId=1182  Time=2026-03-09 14:06:44  LogType=OUT  DevId=9  Result=ok
2026-03-09 14:22:17 OK    User=1109  MappedId=1109  Time=2026-03-09 14:06:58  LogType=OUT  DevId=9  Result=ok
2026-03-09 14:22:19 OK    User=1115  MappedId=1115  Time=2026-03-09 14:07:13  LogType=OUT  DevId=9  Result=ok
2026-03-09 14:22:21 OK    User=1182  MappedId=1182  Time=2026-03-09 14:07:18  LogType=OUT  DevId=9  Result=ok
2026-03-09 14:22:23 OK    User=1134  MappedId=1134  Time=2026-03-09 14:07:28  LogType=OUT  DevId=9  Result=ok
2026-03-09 14:22:25 OK    User=1126  MappedId=1126  Time=2026-03-09 14:07:32  LogType=OUT  DevId=9  Result=ok
2026-03-09 14:22:42 OK    User=835  MappedId=835  Time=2026-03-09 14:08:27  LogType=OUT  DevId=9  Result=ok
2026-03-09 14:23:00 OK    User=835  MappedId=835  Time=2026-03-09 14:08:29  LogType=OUT  DevId=9  Result=ok
2026-03-09 14:23:02 OK    User=1210  MappedId=1210  Time=2026-03-09 14:08:32  LogType=OUT  DevId=9  Result=ok
2026-03-09 14:23:04 OK    User=1210  MappedId=1210  Time=2026-03-09 14:08:33  LogType=OUT  DevId=9  Result=ok
2026-03-09 14:23:06 OK    User=1210  MappedId=1210  Time=2026-03-09 14:08:36  LogType=OUT  DevId=9  Result=ok
2026-03-09 14:23:08 OK    User=1092  MappedId=1092  Time=2026-03-09 14:08:52  LogType=OUT  DevId=9  Result=ok
2026-03-09 14:23:26 OK    User=954  MappedId=954  Time=2026-03-09 14:08:56  LogType=OUT  DevId=9  Result=ok
2026-03-09 14:23:43 OK    User=954  MappedId=954  Time=2026-03-09 14:08:58  LogType=OUT  DevId=9  Result=ok
2026-03-09 14:23:45 OK    User=1153  MappedId=1153  Time=2026-03-09 14:09:11  LogType=OUT  DevId=9  Result=ok
2026-03-09 14:23:47 OK    User=1153  MappedId=1153  Time=2026-03-09 14:09:13  LogType=OUT  DevId=9  Result=ok
2026-03-09 14:24:19 FAIL  User=1003  MappedId=1003  Time=2026-03-09 14:11:09  LogType=OUT  DevId=9  Result=error
2026-03-09 14:24:50 FAIL  User=1003  MappedId=1003  Time=2026-03-09 14:11:10  LogType=OUT  DevId=9  Result=error
2026-03-09 14:24:51 SKIP  User=7  Time=2026-03-09 14:12:09  Reason=no_employee
2026-03-09 14:25:08 OK    User=720  MappedId=SS00720  Time=2026-03-09 14:13:55  LogType=OUT  DevId=9  Result=ok
2026-03-09 14:25:26 OK    User=656  MappedId=SS00656  Time=2026-03-09 14:14:01  LogType=OUT  DevId=9  Result=ok
2026-03-09 14:25:57 FAIL  User=1073  MappedId=1073  Time=2026-03-09 14:14:11  LogType=OUT  DevId=9  Result=error
2026-03-09 14:26:15 OK    User=1073  MappedId=1073  Time=2026-03-09 14:14:12  LogType=OUT  DevId=9  Result=ok
2026-03-09 14:26:32 OK    User=1073  MappedId=1073  Time=2026-03-09 14:14:16  LogType=OUT  DevId=9  Result=ok
2026-03-09 14:26:50 OK    User=1073  MappedId=1073  Time=2026-03-09 14:14:18  LogType=OUT  DevId=9  Result=ok
2026-03-09 14:27:08 OK    User=1073  MappedId=1073  Time=2026-03-09 14:14:25  LogType=OUT  DevId=9  Result=ok
2026-03-09 14:27:10 OK    User=1169  MappedId=1169  Time=2026-03-09 14:14:31  LogType=OUT  DevId=9  Result=ok
2026-03-09 14:27:28 OK    User=1169  MappedId=1169  Time=2026-03-09 14:14:33  LogType=OUT  DevId=9  Result=ok
2026-03-09 14:27:45 OK    User=1169  MappedId=1169  Time=2026-03-09 14:14:37  LogType=OUT  DevId=9  Result=ok
2026-03-09 14:28:16 FAIL  User=1073  MappedId=1073  Time=2026-03-09 14:14:39  LogType=OUT  DevId=9  Result=error
2026-03-09 14:28:48 FAIL  User=1073  MappedId=1073  Time=2026-03-09 14:14:40  LogType=OUT  DevId=9  Result=error
2026-03-09 14:29:19 FAIL  User=1073  MappedId=1073  Time=2026-03-09 14:14:41  LogType=OUT  DevId=9  Result=error
2026-03-09 14:29:35 OK    User=1169  MappedId=1169  Time=2026-03-09 14:14:47  LogType=OUT  DevId=9  Result=ok
2026-03-09 14:29:53 OK    User=1073  MappedId=1073  Time=2026-03-09 14:15:00  LogType=OUT  DevId=9  Result=ok
2026-03-09 14:29:55 OK    User=1169  MappedId=1169  Time=2026-03-09 14:15:04  LogType=OUT  DevId=9  Result=ok
2026-03-09 14:29:56 OK    User=1169  MappedId=1169  Time=2026-03-09 14:15:10  LogType=OUT  DevId=9  Result=ok
2026-03-09 14:30:28 FAIL  User=947  MappedId=947  Time=2026-03-09 14:15:19  LogType=OUT  DevId=9  Result=error
2026-03-09 14:30:59 FAIL  User=1033  MappedId=1033  Time=2026-03-09 14:15:25  LogType=OUT  DevId=9  Result=error
2026-03-09 14:31:30 FAIL  User=SS00588  MappedId=SS00588  Time=2026-03-09 14:15:42  LogType=OUT  DevId=9  Result=error
2026-03-09 14:32:02 FAIL  User=888  MappedId=888  Time=2026-03-09 14:16:19  LogType=OUT  DevId=9  Result=error
2026-03-09 14:32:33 FAIL  User=1062  MappedId=1062  Time=2026-03-09 14:16:51  LogType=OUT  DevId=9  Result=error
2026-03-09 14:33:04 FAIL  User=1022  MappedId=1022  Time=2026-03-09 14:16:54  LogType=OUT  DevId=9  Result=error
2026-03-09 14:33:07 OK    User=1022  MappedId=1022  Time=2026-03-09 14:16:56  LogType=OUT  DevId=9  Result=ok
2026-03-09 14:33:24 OK    User=970  MappedId=970  Time=2026-03-09 14:17:02  LogType=OUT  DevId=9  Result=ok
2026-03-09 14:33:42 OK    User=970  MappedId=970  Time=2026-03-09 14:17:04  LogType=OUT  DevId=9  Result=ok
2026-03-09 14:33:59 OK    User=1041  MappedId=1041  Time=2026-03-09 14:17:33  LogType=OUT  DevId=9  Result=ok
2026-03-09 14:34:30 FAIL  User=1059  MappedId=1059  Time=2026-03-09 14:17:58  LogType=OUT  DevId=9  Result=error
2026-03-09 14:35:37 SKIP  User=588  Time=2026-03-09 10:38:51  Reason=no_employee
2026-03-09 14:35:37 SKIP  User=7  Time=2026-03-09 11:25:35  Reason=no_employee
2026-03-09 14:35:37 SKIP  User=588  Time=2026-03-09 11:51:45  Reason=no_employee
2026-03-09 14:35:37 SKIP  User=588  Time=2026-03-09 11:56:32  Reason=no_employee
2026-03-09 14:35:37 SKIP  User=588  Time=2026-03-09 11:59:03  Reason=no_employee
2026-03-09 14:35:37 SKIP  User=7  Time=2026-03-09 12:10:11  Reason=no_employee
2026-03-09 14:35:37 SKIP  User=7  Time=2026-03-09 12:10:14  Reason=no_employee
2026-03-09 14:35:37 SKIP  User=7  Time=2026-03-09 12:29:53  Reason=no_employee
2026-03-09 14:35:37 SKIP  User=7  Time=2026-03-09 13:49:52  Reason=no_employee
2026-03-09 14:35:56 OK    User=1003  MappedId=1003  Time=2026-03-09 14:11:09  LogType=OUT  DevId=9  Result=duplicate
2026-03-09 14:36:13 OK    User=1003  MappedId=1003  Time=2026-03-09 14:11:10  LogType=OUT  DevId=9  Result=duplicate
2026-03-09 14:36:14 SKIP  User=7  Time=2026-03-09 14:12:09  Reason=no_employee
2026-03-09 14:36:28 OK    User=1073  MappedId=1073  Time=2026-03-09 14:14:11  LogType=OUT  DevId=9  Result=duplicate
2026-03-09 14:36:45 OK    User=1073  MappedId=1073  Time=2026-03-09 14:14:39  LogType=OUT  DevId=9  Result=duplicate
2026-03-09 14:36:46 OK    User=1073  MappedId=1073  Time=2026-03-09 14:14:40  LogType=OUT  DevId=9  Result=duplicate
2026-03-09 14:36:48 OK    User=1073  MappedId=1073  Time=2026-03-09 14:14:41  LogType=OUT  DevId=9  Result=duplicate
2026-03-09 14:36:50 OK    User=947  MappedId=947  Time=2026-03-09 14:15:19  LogType=OUT  DevId=9  Result=duplicate
2026-03-09 14:36:52 OK    User=1033  MappedId=1033  Time=2026-03-09 14:15:25  LogType=OUT  DevId=9  Result=duplicate
2026-03-09 14:36:54 OK    User=SS00588  MappedId=SS00588  Time=2026-03-09 14:15:42  LogType=OUT  DevId=9  Result=duplicate
2026-03-09 14:36:55 OK    User=888  MappedId=888  Time=2026-03-09 14:16:19  LogType=OUT  DevId=9  Result=duplicate
2026-03-09 14:36:57 OK    User=1062  MappedId=1062  Time=2026-03-09 14:16:51  LogType=OUT  DevId=9  Result=duplicate
2026-03-09 14:36:59 OK    User=1022  MappedId=1022  Time=2026-03-09 14:16:54  LogType=OUT  DevId=9  Result=duplicate
2026-03-09 14:37:00 OK    User=1059  MappedId=1059  Time=2026-03-09 14:17:58  LogType=OUT  DevId=9  Result=duplicate
2026-03-09 14:37:18 OK    User=1151  MappedId=1151  Time=2026-03-09 14:19:09  LogType=OUT  DevId=9  Result=ok
2026-03-09 14:37:50 FAIL  User=1151  MappedId=1151  Time=2026-03-09 14:19:10  LogType=OUT  DevId=9  Result=error
2026-03-09 14:38:21 FAIL  User=1065  MappedId=1065  Time=2026-03-09 14:19:14  LogType=OUT  DevId=9  Result=error
2026-03-09 14:38:39 OK    User=1065  MappedId=1065  Time=2026-03-09 14:19:16  LogType=OUT  DevId=9  Result=ok
2026-03-09 14:39:10 FAIL  User=493  MappedId=SS00493  Time=2026-03-09 14:19:20  LogType=OUT  DevId=9  Result=error
2026-03-09 14:39:41 FAIL  User=493  MappedId=SS00493  Time=2026-03-09 14:19:21  LogType=OUT  DevId=9  Result=error
2026-03-09 14:39:59 OK    User=493  MappedId=SS00493  Time=2026-03-09 14:19:22  LogType=OUT  DevId=9  Result=ok
2026-03-09 14:40:30 FAIL  User=1084  MappedId=1084  Time=2026-03-09 14:19:27  LogType=OUT  DevId=9  Result=error
2026-03-09 14:40:32 OK    User=1198  MappedId=1198  Time=2026-03-09 14:19:32  LogType=OUT  DevId=9  Result=ok
2026-03-09 14:40:49 OK    User=1198  MappedId=1198  Time=2026-03-09 14:19:34  LogType=OUT  DevId=9  Result=ok
2026-03-09 14:40:51 OK    User=1217  MappedId=1217  Time=2026-03-09 14:19:40  LogType=OUT  DevId=9  Result=ok
2026-03-09 14:41:08 OK    User=1114  MappedId=1114  Time=2026-03-09 14:19:45  LogType=OUT  DevId=9  Result=ok
2026-03-09 14:41:26 OK    User=1192  MappedId=1192  Time=2026-03-09 14:19:55  LogType=OUT  DevId=9  Result=ok
2026-03-09 14:41:43 OK    User=1212  MappedId=1212  Time=2026-03-09 14:20:07  LogType=OUT  DevId=9  Result=ok
2026-03-09 14:41:45 OK    User=1212  MappedId=1212  Time=2026-03-09 14:20:08  LogType=OUT  DevId=9  Result=ok
2026-03-09 14:42:03 OK    User=1044  MappedId=1044  Time=2026-03-09 14:20:56  LogType=OUT  DevId=9  Result=ok
2026-03-09 14:42:05 OK    User=1056  MappedId=1056  Time=2026-03-09 14:21:00  LogType=OUT  DevId=9  Result=ok
2026-03-09 14:42:23 OK    User=837  MappedId=837  Time=2026-03-09 14:21:39  LogType=OUT  DevId=9  Result=ok
2026-03-09 14:42:40 OK    User=992  MappedId=992  Time=2026-03-09 14:21:58  LogType=OUT  DevId=9  Result=ok
2026-03-09 14:42:42 OK    User=1061  MappedId=1061  Time=2026-03-09 14:22:26  LogType=OUT  DevId=9  Result=ok
2026-03-09 14:42:58 OK    User=1066  MappedId=1066  Time=2026-03-09 14:22:30  LogType=OUT  DevId=9  Result=ok
2026-03-09 14:43:00 OK    User=1064  MappedId=1064  Time=2026-03-09 14:22:33  LogType=OUT  DevId=9  Result=ok
2026-03-09 14:43:02 OK    User=1064  MappedId=1064  Time=2026-03-09 14:22:36  LogType=OUT  DevId=9  Result=ok
2026-03-09 14:43:20 OK    User=846  MappedId=846  Time=2026-03-09 14:22:45  LogType=OUT  DevId=9  Result=ok
2026-03-09 14:43:37 OK    User=846  MappedId=846  Time=2026-03-09 14:22:47  LogType=OUT  DevId=9  Result=ok
2026-03-09 14:43:55 OK    User=944  MappedId=944  Time=2026-03-09 14:26:40  LogType=OUT  DevId=9  Result=ok
2026-03-09 14:44:12 OK    User=944  MappedId=944  Time=2026-03-09 14:26:41  LogType=OUT  DevId=9  Result=ok
2026-03-09 14:44:30 OK    User=941  MappedId=941  Time=2026-03-09 14:26:47  LogType=OUT  DevId=9  Result=ok
2026-03-09 14:44:47 OK    User=941  MappedId=941  Time=2026-03-09 14:26:48  LogType=OUT  DevId=9  Result=ok
2026-03-09 14:45:05 OK    User=941  MappedId=941  Time=2026-03-09 14:26:52  LogType=OUT  DevId=9  Result=ok
2026-03-09 14:45:36 FAIL  User=241  MappedId=SS00241  Time=2026-03-09 14:32:24  LogType=OUT  DevId=9  Result=error
2026-03-09 14:46:07 FAIL  User=907  MappedId=907  Time=2026-03-09 14:33:36  LogType=OUT  DevId=9  Result=error
2026-03-09 14:46:38 FAIL  User=907  MappedId=907  Time=2026-03-09 14:33:37  LogType=OUT  DevId=9  Result=error
2026-03-09 14:47:10 FAIL  User=911  MappedId=911  Time=2026-03-09 14:34:11  LogType=OUT  DevId=9  Result=error
2026-03-09 14:47:41 FAIL  User=911  MappedId=911  Time=2026-03-09 14:34:12  LogType=OUT  DevId=9  Result=error
2026-03-09 14:48:05 OK    User=1087  MappedId=1087  Time=2026-03-09 14:34:20  LogType=OUT  DevId=9  Result=ok
2026-03-09 14:48:36 FAIL  User=884  MappedId=884  Time=2026-03-09 14:35:32  LogType=OUT  DevId=9  Result=error
2026-03-09 14:49:08 FAIL  User=884  MappedId=884  Time=2026-03-09 14:35:33  LogType=OUT  DevId=9  Result=error
2026-03-09 14:50:13 SKIP  User=588  Time=2026-03-09 10:38:51  Reason=no_employee
2026-03-09 14:50:13 SKIP  User=7  Time=2026-03-09 11:25:35  Reason=no_employee
2026-03-09 14:50:13 SKIP  User=588  Time=2026-03-09 11:51:45  Reason=no_employee
2026-03-09 14:50:13 SKIP  User=588  Time=2026-03-09 11:56:32  Reason=no_employee
2026-03-09 14:50:13 SKIP  User=588  Time=2026-03-09 11:59:03  Reason=no_employee
2026-03-09 14:50:13 SKIP  User=7  Time=2026-03-09 12:10:11  Reason=no_employee
2026-03-09 14:50:13 SKIP  User=7  Time=2026-03-09 12:10:14  Reason=no_employee
2026-03-09 14:50:13 SKIP  User=7  Time=2026-03-09 12:29:53  Reason=no_employee
2026-03-09 14:50:13 SKIP  User=7  Time=2026-03-09 13:49:52  Reason=no_employee
2026-03-09 14:50:13 SKIP  User=7  Time=2026-03-09 14:12:09  Reason=no_employee
2026-03-09 14:50:16 OK    User=1151  MappedId=1151  Time=2026-03-09 14:19:10  LogType=OUT  DevId=9  Result=duplicate
2026-03-09 14:50:18 OK    User=1065  MappedId=1065  Time=2026-03-09 14:19:14  LogType=OUT  DevId=9  Result=duplicate
2026-03-09 14:50:34 OK    User=493  MappedId=SS00493  Time=2026-03-09 14:19:20  LogType=OUT  DevId=9  Result=duplicate
2026-03-09 14:50:52 OK    User=493  MappedId=SS00493  Time=2026-03-09 14:19:21  LogType=OUT  DevId=9  Result=duplicate
2026-03-09 14:50:54 OK    User=1084  MappedId=1084  Time=2026-03-09 14:19:27  LogType=OUT  DevId=9  Result=duplicate
2026-03-09 14:51:10 OK    User=241  MappedId=SS00241  Time=2026-03-09 14:32:24  LogType=OUT  DevId=9  Result=duplicate
2026-03-09 14:51:28 OK    User=907  MappedId=907  Time=2026-03-09 14:33:36  LogType=OUT  DevId=9  Result=duplicate
2026-03-09 14:51:29 OK    User=907  MappedId=907  Time=2026-03-09 14:33:37  LogType=OUT  DevId=9  Result=duplicate
2026-03-09 14:51:46 OK    User=911  MappedId=911  Time=2026-03-09 14:34:11  LogType=OUT  DevId=9  Result=duplicate
2026-03-09 14:52:04 OK    User=911  MappedId=911  Time=2026-03-09 14:34:12  LogType=OUT  DevId=9  Result=duplicate
2026-03-09 14:52:06 OK    User=884  MappedId=884  Time=2026-03-09 14:35:32  LogType=OUT  DevId=9  Result=duplicate
2026-03-09 14:52:07 OK    User=884  MappedId=884  Time=2026-03-09 14:35:33  LogType=OUT  DevId=9  Result=duplicate
2026-03-09 14:52:08 SKIP  User=7  Time=2026-03-09 14:37:01  Reason=no_employee
2026-03-09 14:52:39 FAIL  User=972  MappedId=972  Time=2026-03-09 14:37:36  LogType=OUT  DevId=9  Result=error
2026-03-09 14:52:57 OK    User=972  MappedId=972  Time=2026-03-09 14:37:38  LogType=OUT  DevId=9  Result=ok
2026-03-09 14:52:59 OK    User=1224  MappedId=1224  Time=2026-03-09 14:38:40  LogType=OUT  DevId=9  Result=ok
2026-03-09 14:53:00 OK    User=1224  MappedId=1224  Time=2026-03-09 14:38:42  LogType=OUT  DevId=9  Result=ok
2026-03-09 14:53:19 OK    User=928  MappedId=928  Time=2026-03-09 14:41:21  LogType=OUT  DevId=9  Result=ok
2026-03-09 14:53:21 OK    User=1083  MappedId=1083  Time=2026-03-09 14:42:32  LogType=OUT  DevId=9  Result=ok
2026-03-09 14:53:37 OK    User=1083  MappedId=1083  Time=2026-03-09 14:42:33  LogType=OUT  DevId=9  Result=ok
2026-03-09 14:54:08 FAIL  User=879  MappedId=879  Time=2026-03-09 14:42:54  LogType=OUT  DevId=9  Result=error
2026-03-09 14:54:40 FAIL  User=879  MappedId=879  Time=2026-03-09 14:42:55  LogType=OUT  DevId=9  Result=error
2026-03-09 14:55:11 FAIL  User=490  MappedId=SS00490  Time=2026-03-09 14:48:50  LogType=OUT  DevId=9  Result=error
2026-03-09 14:55:42 FAIL  User=490  MappedId=SS00490  Time=2026-03-09 14:48:52  LogType=OUT  DevId=9  Result=error
2026-03-09 14:56:48 SKIP  User=588  Time=2026-03-09 10:38:51  Reason=no_employee
2026-03-09 14:56:48 SKIP  User=7  Time=2026-03-09 11:25:35  Reason=no_employee
2026-03-09 14:56:48 SKIP  User=588  Time=2026-03-09 11:51:45  Reason=no_employee
2026-03-09 14:56:48 SKIP  User=588  Time=2026-03-09 11:56:32  Reason=no_employee
2026-03-09 14:56:48 SKIP  User=588  Time=2026-03-09 11:59:03  Reason=no_employee
2026-03-09 14:56:48 SKIP  User=7  Time=2026-03-09 12:10:11  Reason=no_employee
2026-03-09 14:56:48 SKIP  User=7  Time=2026-03-09 12:10:14  Reason=no_employee
2026-03-09 14:56:48 SKIP  User=7  Time=2026-03-09 12:29:53  Reason=no_employee
2026-03-09 14:56:48 SKIP  User=7  Time=2026-03-09 13:49:52  Reason=no_employee
2026-03-09 14:56:48 SKIP  User=7  Time=2026-03-09 14:12:09  Reason=no_employee
2026-03-09 14:56:48 SKIP  User=7  Time=2026-03-09 14:37:01  Reason=no_employee
2026-03-09 14:57:05 OK    User=972  MappedId=972  Time=2026-03-09 14:37:36  LogType=OUT  DevId=9  Result=duplicate
2026-03-09 14:57:07 OK    User=879  MappedId=879  Time=2026-03-09 14:42:54  LogType=OUT  DevId=9  Result=duplicate
2026-03-09 14:57:09 OK    User=879  MappedId=879  Time=2026-03-09 14:42:55  LogType=OUT  DevId=9  Result=duplicate
2026-03-09 14:57:10 OK    User=490  MappedId=SS00490  Time=2026-03-09 14:48:50  LogType=OUT  DevId=9  Result=duplicate
2026-03-09 14:57:12 OK    User=490  MappedId=SS00490  Time=2026-03-09 14:48:52  LogType=OUT  DevId=9  Result=duplicate
2026-03-09 14:57:14 OK    User=1070  MappedId=1070  Time=2026-03-09 14:53:29  LogType=OUT  DevId=9  Result=ok
2026-03-09 14:57:16 OK    User=1185  MappedId=1185  Time=2026-03-09 14:55:17  LogType=OUT  DevId=9  Result=ok
2026-03-09 14:58:21 SKIP  User=588  Time=2026-03-09 10:38:51  Reason=no_employee
2026-03-09 14:58:21 SKIP  User=7  Time=2026-03-09 11:25:35  Reason=no_employee
2026-03-09 14:58:21 SKIP  User=588  Time=2026-03-09 11:51:45  Reason=no_employee
2026-03-09 14:58:21 SKIP  User=588  Time=2026-03-09 11:56:32  Reason=no_employee
2026-03-09 14:58:21 SKIP  User=588  Time=2026-03-09 11:59:03  Reason=no_employee
2026-03-09 14:58:21 SKIP  User=7  Time=2026-03-09 12:10:11  Reason=no_employee
2026-03-09 14:58:21 SKIP  User=7  Time=2026-03-09 12:10:14  Reason=no_employee
2026-03-09 14:58:21 SKIP  User=7  Time=2026-03-09 12:29:53  Reason=no_employee
2026-03-09 14:58:21 SKIP  User=7  Time=2026-03-09 13:49:52  Reason=no_employee
2026-03-09 14:58:21 SKIP  User=7  Time=2026-03-09 14:12:09  Reason=no_employee
2026-03-09 14:58:21 SKIP  User=7  Time=2026-03-09 14:37:01  Reason=no_employee
2026-03-09 14:59:26 SKIP  User=588  Time=2026-03-09 10:38:51  Reason=no_employee
2026-03-09 14:59:26 SKIP  User=7  Time=2026-03-09 11:25:35  Reason=no_employee
2026-03-09 14:59:26 SKIP  User=588  Time=2026-03-09 11:51:45  Reason=no_employee
2026-03-09 14:59:26 SKIP  User=588  Time=2026-03-09 11:56:32  Reason=no_employee
2026-03-09 14:59:26 SKIP  User=588  Time=2026-03-09 11:59:03  Reason=no_employee
2026-03-09 14:59:26 SKIP  User=7  Time=2026-03-09 12:10:11  Reason=no_employee
2026-03-09 14:59:26 SKIP  User=7  Time=2026-03-09 12:10:14  Reason=no_employee
2026-03-09 14:59:26 SKIP  User=7  Time=2026-03-09 12:29:53  Reason=no_employee
2026-03-09 14:59:26 SKIP  User=7  Time=2026-03-09 13:49:52  Reason=no_employee
2026-03-09 14:59:26 SKIP  User=7  Time=2026-03-09 14:12:09  Reason=no_employee
2026-03-09 14:59:26 SKIP  User=7  Time=2026-03-09 14:37:01  Reason=no_employee
2026-03-09 14:59:39 OK    User=1223  MappedId=1223  Time=2026-03-09 14:58:51  LogType=OUT  DevId=9  Result=ok
2026-03-09 14:59:57 OK    User=1223  MappedId=1223  Time=2026-03-09 14:58:53  LogType=OUT  DevId=9  Result=ok
2026-03-09 15:01:03 SKIP  User=588  Time=2026-03-09 10:38:51  Reason=no_employee
2026-03-09 15:01:03 SKIP  User=7  Time=2026-03-09 11:25:35  Reason=no_employee
2026-03-09 15:01:03 SKIP  User=588  Time=2026-03-09 11:51:45  Reason=no_employee
2026-03-09 15:01:03 SKIP  User=588  Time=2026-03-09 11:56:32  Reason=no_employee
2026-03-09 15:01:03 SKIP  User=588  Time=2026-03-09 11:59:03  Reason=no_employee
2026-03-09 15:01:03 SKIP  User=7  Time=2026-03-09 12:10:11  Reason=no_employee
2026-03-09 15:01:03 SKIP  User=7  Time=2026-03-09 12:10:14  Reason=no_employee
2026-03-09 15:01:03 SKIP  User=7  Time=2026-03-09 12:29:53  Reason=no_employee
2026-03-09 15:01:03 SKIP  User=7  Time=2026-03-09 13:49:52  Reason=no_employee
2026-03-09 15:01:03 SKIP  User=7  Time=2026-03-09 14:12:09  Reason=no_employee
2026-03-09 15:01:03 SKIP  User=7  Time=2026-03-09 14:37:01  Reason=no_employee
2026-03-09 15:02:07 SKIP  User=588  Time=2026-03-09 10:38:51  Reason=no_employee
2026-03-09 15:02:07 SKIP  User=7  Time=2026-03-09 11:25:35  Reason=no_employee
2026-03-09 15:02:07 SKIP  User=588  Time=2026-03-09 11:51:45  Reason=no_employee
2026-03-09 15:02:07 SKIP  User=588  Time=2026-03-09 11:56:32  Reason=no_employee
2026-03-09 15:02:07 SKIP  User=588  Time=2026-03-09 11:59:03  Reason=no_employee
2026-03-09 15:02:07 SKIP  User=7  Time=2026-03-09 12:10:11  Reason=no_employee
2026-03-09 15:02:07 SKIP  User=7  Time=2026-03-09 12:10:14  Reason=no_employee
2026-03-09 15:02:07 SKIP  User=7  Time=2026-03-09 12:29:53  Reason=no_employee
2026-03-09 15:02:07 SKIP  User=7  Time=2026-03-09 13:49:52  Reason=no_employee
2026-03-09 15:02:07 SKIP  User=7  Time=2026-03-09 14:12:09  Reason=no_employee
2026-03-09 15:02:07 SKIP  User=7  Time=2026-03-09 14:37:01  Reason=no_employee
2026-03-09 15:03:12 SKIP  User=588  Time=2026-03-09 10:38:51  Reason=no_employee
2026-03-09 15:03:12 SKIP  User=7  Time=2026-03-09 11:25:35  Reason=no_employee
2026-03-09 15:03:12 SKIP  User=588  Time=2026-03-09 11:51:45  Reason=no_employee
2026-03-09 15:03:12 SKIP  User=588  Time=2026-03-09 11:56:32  Reason=no_employee
2026-03-09 15:03:12 SKIP  User=588  Time=2026-03-09 11:59:03  Reason=no_employee
2026-03-09 15:03:12 SKIP  User=7  Time=2026-03-09 12:10:11  Reason=no_employee
2026-03-09 15:03:12 SKIP  User=7  Time=2026-03-09 12:10:14  Reason=no_employee
2026-03-09 15:03:12 SKIP  User=7  Time=2026-03-09 12:29:53  Reason=no_employee
2026-03-09 15:03:12 SKIP  User=7  Time=2026-03-09 13:49:52  Reason=no_employee
2026-03-09 15:03:12 SKIP  User=7  Time=2026-03-09 14:12:09  Reason=no_employee
2026-03-09 15:03:12 SKIP  User=7  Time=2026-03-09 14:37:01  Reason=no_employee
2026-03-09 15:04:17 SKIP  User=588  Time=2026-03-09 10:38:51  Reason=no_employee
2026-03-09 15:04:17 SKIP  User=7  Time=2026-03-09 11:25:35  Reason=no_employee
2026-03-09 15:04:17 SKIP  User=588  Time=2026-03-09 11:51:45  Reason=no_employee
2026-03-09 15:04:17 SKIP  User=588  Time=2026-03-09 11:56:32  Reason=no_employee
2026-03-09 15:04:17 SKIP  User=588  Time=2026-03-09 11:59:03  Reason=no_employee
2026-03-09 15:04:17 SKIP  User=7  Time=2026-03-09 12:10:11  Reason=no_employee
2026-03-09 15:04:17 SKIP  User=7  Time=2026-03-09 12:10:14  Reason=no_employee
2026-03-09 15:04:17 SKIP  User=7  Time=2026-03-09 12:29:53  Reason=no_employee
2026-03-09 15:04:17 SKIP  User=7  Time=2026-03-09 13:49:52  Reason=no_employee
2026-03-09 15:04:17 SKIP  User=7  Time=2026-03-09 14:12:09  Reason=no_employee
2026-03-09 15:04:17 SKIP  User=7  Time=2026-03-09 14:37:01  Reason=no_employee
2026-03-09 15:04:47 FAIL  User=823  MappedId=823  Time=2026-03-09 15:04:25  LogType=OUT  DevId=9  Result=error
2026-03-09 15:05:53 SKIP  User=588  Time=2026-03-09 10:38:51  Reason=no_employee
2026-03-09 15:05:53 SKIP  User=7  Time=2026-03-09 11:25:35  Reason=no_employee
2026-03-09 15:05:53 SKIP  User=588  Time=2026-03-09 11:51:45  Reason=no_employee
2026-03-09 15:05:53 SKIP  User=588  Time=2026-03-09 11:56:32  Reason=no_employee
2026-03-09 15:05:53 SKIP  User=588  Time=2026-03-09 11:59:03  Reason=no_employee
2026-03-09 15:05:53 SKIP  User=7  Time=2026-03-09 12:10:11  Reason=no_employee
2026-03-09 15:05:53 SKIP  User=7  Time=2026-03-09 12:10:14  Reason=no_employee
2026-03-09 15:05:53 SKIP  User=7  Time=2026-03-09 12:29:53  Reason=no_employee
2026-03-09 15:05:53 SKIP  User=7  Time=2026-03-09 13:49:52  Reason=no_employee
2026-03-09 15:05:53 SKIP  User=7  Time=2026-03-09 14:12:09  Reason=no_employee
2026-03-09 15:05:53 SKIP  User=7  Time=2026-03-09 14:37:01  Reason=no_employee
2026-03-09 15:05:54 OK    User=823  MappedId=823  Time=2026-03-09 15:04:25  LogType=OUT  DevId=9  Result=duplicate
2026-03-09 15:06:11 OK    User=1144  MappedId=1144  Time=2026-03-09 15:04:46  LogType=OUT  DevId=9  Result=ok
2026-03-09 15:06:42 FAIL  User=1166  MappedId=1166  Time=2026-03-09 15:05:33  LogType=OUT  DevId=9  Result=error
2026-03-09 15:07:00 OK    User=1166  MappedId=1166  Time=2026-03-09 15:05:34  LogType=OUT  DevId=9  Result=ok
2026-03-09 15:08:07 SKIP  User=588  Time=2026-03-09 10:38:51  Reason=no_employee
2026-03-09 15:08:07 SKIP  User=7  Time=2026-03-09 11:25:35  Reason=no_employee
2026-03-09 15:08:07 SKIP  User=588  Time=2026-03-09 11:51:45  Reason=no_employee
2026-03-09 15:08:07 SKIP  User=588  Time=2026-03-09 11:56:32  Reason=no_employee
2026-03-09 15:08:07 SKIP  User=588  Time=2026-03-09 11:59:03  Reason=no_employee
2026-03-09 15:08:07 SKIP  User=7  Time=2026-03-09 12:10:11  Reason=no_employee
2026-03-09 15:08:07 SKIP  User=7  Time=2026-03-09 12:10:14  Reason=no_employee
2026-03-09 15:08:07 SKIP  User=7  Time=2026-03-09 12:29:53  Reason=no_employee
2026-03-09 15:08:07 SKIP  User=7  Time=2026-03-09 13:49:52  Reason=no_employee
2026-03-09 15:08:07 SKIP  User=7  Time=2026-03-09 14:12:09  Reason=no_employee
2026-03-09 15:08:07 SKIP  User=7  Time=2026-03-09 14:37:01  Reason=no_employee
2026-03-09 15:08:11 OK    User=1166  MappedId=1166  Time=2026-03-09 15:05:33  LogType=OUT  DevId=9  Result=duplicate
2026-03-09 15:08:29 OK    User=836  MappedId=836  Time=2026-03-09 15:08:23  LogType=OUT  DevId=9  Result=ok
2026-03-09 15:09:01 FAIL  User=836  MappedId=836  Time=2026-03-09 15:08:24  LogType=OUT  DevId=9  Result=error
2026-03-09 15:10:06 SKIP  User=588  Time=2026-03-09 10:38:51  Reason=no_employee
2026-03-09 15:10:06 SKIP  User=7  Time=2026-03-09 11:25:35  Reason=no_employee
2026-03-09 15:10:06 SKIP  User=588  Time=2026-03-09 11:51:45  Reason=no_employee
2026-03-09 15:10:06 SKIP  User=588  Time=2026-03-09 11:56:32  Reason=no_employee
2026-03-09 15:10:06 SKIP  User=588  Time=2026-03-09 11:59:03  Reason=no_employee
2026-03-09 15:10:06 SKIP  User=7  Time=2026-03-09 12:10:11  Reason=no_employee
2026-03-09 15:10:06 SKIP  User=7  Time=2026-03-09 12:10:14  Reason=no_employee
2026-03-09 15:10:06 SKIP  User=7  Time=2026-03-09 12:29:53  Reason=no_employee
2026-03-09 15:10:06 SKIP  User=7  Time=2026-03-09 13:49:52  Reason=no_employee
2026-03-09 15:10:06 SKIP  User=7  Time=2026-03-09 14:12:09  Reason=no_employee
2026-03-09 15:10:06 SKIP  User=7  Time=2026-03-09 14:37:01  Reason=no_employee
2026-03-09 15:10:11 OK    User=836  MappedId=836  Time=2026-03-09 15:08:24  LogType=OUT  DevId=9  Result=duplicate
2026-03-09 15:10:29 OK    User=933  MappedId=933  Time=2026-03-09 15:08:38  LogType=OUT  DevId=9  Result=ok
2026-03-09 15:11:35 SKIP  User=588  Time=2026-03-09 10:38:51  Reason=no_employee
2026-03-09 15:11:35 SKIP  User=7  Time=2026-03-09 11:25:35  Reason=no_employee
2026-03-09 15:11:35 SKIP  User=588  Time=2026-03-09 11:51:45  Reason=no_employee
2026-03-09 15:11:35 SKIP  User=588  Time=2026-03-09 11:56:32  Reason=no_employee
2026-03-09 15:11:35 SKIP  User=588  Time=2026-03-09 11:59:03  Reason=no_employee
2026-03-09 15:11:35 SKIP  User=7  Time=2026-03-09 12:10:11  Reason=no_employee
2026-03-09 15:11:35 SKIP  User=7  Time=2026-03-09 12:10:14  Reason=no_employee
2026-03-09 15:11:35 SKIP  User=7  Time=2026-03-09 12:29:53  Reason=no_employee
2026-03-09 15:11:35 SKIP  User=7  Time=2026-03-09 13:49:52  Reason=no_employee
2026-03-09 15:11:35 SKIP  User=7  Time=2026-03-09 14:12:09  Reason=no_employee
2026-03-09 15:11:35 SKIP  User=7  Time=2026-03-09 14:37:01  Reason=no_employee
2026-03-09 15:11:59 OK    User=887  MappedId=887  Time=2026-03-09 15:10:42  LogType=OUT  DevId=9  Result=ok
2026-03-09 15:12:31 FAIL  User=887  MappedId=887  Time=2026-03-09 15:10:44  LogType=OUT  DevId=9  Result=error
2026-03-09 15:13:37 SKIP  User=588  Time=2026-03-09 10:38:51  Reason=no_employee
2026-03-09 15:13:37 SKIP  User=7  Time=2026-03-09 11:25:35  Reason=no_employee
2026-03-09 15:13:37 SKIP  User=588  Time=2026-03-09 11:51:45  Reason=no_employee
2026-03-09 15:13:37 SKIP  User=588  Time=2026-03-09 11:56:32  Reason=no_employee
2026-03-09 15:13:37 SKIP  User=588  Time=2026-03-09 11:59:03  Reason=no_employee
2026-03-09 15:13:37 SKIP  User=7  Time=2026-03-09 12:10:11  Reason=no_employee
2026-03-09 15:13:37 SKIP  User=7  Time=2026-03-09 12:10:14  Reason=no_employee
2026-03-09 15:13:37 SKIP  User=7  Time=2026-03-09 12:29:53  Reason=no_employee
2026-03-09 15:13:37 SKIP  User=7  Time=2026-03-09 13:49:52  Reason=no_employee
2026-03-09 15:13:37 SKIP  User=7  Time=2026-03-09 14:12:09  Reason=no_employee
2026-03-09 15:13:37 SKIP  User=7  Time=2026-03-09 14:37:01  Reason=no_employee
2026-03-09 15:13:37 OK    User=887  MappedId=887  Time=2026-03-09 15:10:44  LogType=OUT  DevId=9  Result=duplicate
2026-03-09 15:13:39 OK    User=978  MappedId=978  Time=2026-03-09 15:12:56  LogType=OUT  DevId=9  Result=ok
2026-03-09 15:13:41 OK    User=978  MappedId=978  Time=2026-03-09 15:13:01  LogType=OUT  DevId=9  Result=ok
2026-03-09 15:14:46 SKIP  User=588  Time=2026-03-09 10:38:51  Reason=no_employee
2026-03-09 15:14:46 SKIP  User=7  Time=2026-03-09 11:25:35  Reason=no_employee
2026-03-09 15:14:46 SKIP  User=588  Time=2026-03-09 11:51:45  Reason=no_employee
2026-03-09 15:14:46 SKIP  User=588  Time=2026-03-09 11:56:32  Reason=no_employee
2026-03-09 15:14:46 SKIP  User=588  Time=2026-03-09 11:59:03  Reason=no_employee
2026-03-09 15:14:46 SKIP  User=7  Time=2026-03-09 12:10:11  Reason=no_employee
2026-03-09 15:14:46 SKIP  User=7  Time=2026-03-09 12:10:14  Reason=no_employee
2026-03-09 15:14:46 SKIP  User=7  Time=2026-03-09 12:29:53  Reason=no_employee
2026-03-09 15:14:46 SKIP  User=7  Time=2026-03-09 13:49:52  Reason=no_employee
2026-03-09 15:14:46 SKIP  User=7  Time=2026-03-09 14:12:09  Reason=no_employee
2026-03-09 15:14:46 SKIP  User=7  Time=2026-03-09 14:37:01  Reason=no_employee
2026-03-09 15:15:51 SKIP  User=588  Time=2026-03-09 10:38:51  Reason=no_employee
2026-03-09 15:15:51 SKIP  User=7  Time=2026-03-09 11:25:35  Reason=no_employee
2026-03-09 15:15:51 SKIP  User=588  Time=2026-03-09 11:51:45  Reason=no_employee
2026-03-09 15:15:51 SKIP  User=588  Time=2026-03-09 11:56:32  Reason=no_employee
2026-03-09 15:15:51 SKIP  User=588  Time=2026-03-09 11:59:03  Reason=no_employee
2026-03-09 15:15:51 SKIP  User=7  Time=2026-03-09 12:10:11  Reason=no_employee
2026-03-09 15:15:51 SKIP  User=7  Time=2026-03-09 12:10:14  Reason=no_employee
2026-03-09 15:15:51 SKIP  User=7  Time=2026-03-09 12:29:53  Reason=no_employee
2026-03-09 15:15:51 SKIP  User=7  Time=2026-03-09 13:49:52  Reason=no_employee
2026-03-09 15:15:51 SKIP  User=7  Time=2026-03-09 14:12:09  Reason=no_employee
2026-03-09 15:15:51 SKIP  User=7  Time=2026-03-09 14:37:01  Reason=no_employee
2026-03-09 15:16:57 SKIP  User=588  Time=2026-03-09 10:38:51  Reason=no_employee
2026-03-09 15:16:57 SKIP  User=7  Time=2026-03-09 11:25:35  Reason=no_employee
2026-03-09 15:16:57 SKIP  User=588  Time=2026-03-09 11:51:45  Reason=no_employee
2026-03-09 15:16:57 SKIP  User=588  Time=2026-03-09 11:56:32  Reason=no_employee
2026-03-09 15:16:57 SKIP  User=588  Time=2026-03-09 11:59:03  Reason=no_employee
2026-03-09 15:16:57 SKIP  User=7  Time=2026-03-09 12:10:11  Reason=no_employee
2026-03-09 15:16:57 SKIP  User=7  Time=2026-03-09 12:10:14  Reason=no_employee
2026-03-09 15:16:57 SKIP  User=7  Time=2026-03-09 12:29:53  Reason=no_employee
2026-03-09 15:16:57 SKIP  User=7  Time=2026-03-09 13:49:52  Reason=no_employee
2026-03-09 15:16:57 SKIP  User=7  Time=2026-03-09 14:12:09  Reason=no_employee
2026-03-09 15:16:57 SKIP  User=7  Time=2026-03-09 14:37:01  Reason=no_employee
2026-03-09 15:17:02 OK    User=1181  MappedId=1181  Time=2026-03-09 15:16:57  LogType=OUT  DevId=9  Result=ok
2026-03-09 15:17:04 OK    User=1181  MappedId=1181  Time=2026-03-09 15:16:58  LogType=OUT  DevId=9  Result=ok
2026-03-09 15:18:10 SKIP  User=588  Time=2026-03-09 10:38:51  Reason=no_employee
2026-03-09 15:18:10 SKIP  User=7  Time=2026-03-09 11:25:35  Reason=no_employee
2026-03-09 15:18:10 SKIP  User=588  Time=2026-03-09 11:51:45  Reason=no_employee
2026-03-09 15:18:10 SKIP  User=588  Time=2026-03-09 11:56:32  Reason=no_employee
2026-03-09 15:18:10 SKIP  User=588  Time=2026-03-09 11:59:03  Reason=no_employee
2026-03-09 15:18:10 SKIP  User=7  Time=2026-03-09 12:10:11  Reason=no_employee
2026-03-09 15:18:10 SKIP  User=7  Time=2026-03-09 12:10:14  Reason=no_employee
2026-03-09 15:18:10 SKIP  User=7  Time=2026-03-09 12:29:53  Reason=no_employee
2026-03-09 15:18:10 SKIP  User=7  Time=2026-03-09 13:49:52  Reason=no_employee
2026-03-09 15:18:10 SKIP  User=7  Time=2026-03-09 14:12:09  Reason=no_employee
2026-03-09 15:18:10 SKIP  User=7  Time=2026-03-09 14:37:01  Reason=no_employee
2026-03-09 15:18:40 FAIL  User=1018  MappedId=1018  Time=2026-03-09 15:18:05  LogType=OUT  DevId=9  Result=error
2026-03-09 15:19:12 FAIL  User=1018  MappedId=1018  Time=2026-03-09 15:18:07  LogType=OUT  DevId=9  Result=error
2026-03-09 15:19:43 FAIL  User=1141  MappedId=1141  Time=2026-03-09 15:18:33  LogType=OUT  DevId=9  Result=error
2026-03-09 15:20:48 SKIP  User=588  Time=2026-03-09 10:38:51  Reason=no_employee
2026-03-09 15:20:48 SKIP  User=7  Time=2026-03-09 11:25:35  Reason=no_employee
2026-03-09 15:20:48 SKIP  User=588  Time=2026-03-09 11:51:45  Reason=no_employee
2026-03-09 15:20:48 SKIP  User=588  Time=2026-03-09 11:56:32  Reason=no_employee
2026-03-09 15:20:48 SKIP  User=588  Time=2026-03-09 11:59:03  Reason=no_employee
2026-03-09 15:20:48 SKIP  User=7  Time=2026-03-09 12:10:11  Reason=no_employee
2026-03-09 15:20:48 SKIP  User=7  Time=2026-03-09 12:10:14  Reason=no_employee
2026-03-09 15:20:48 SKIP  User=7  Time=2026-03-09 12:29:53  Reason=no_employee
2026-03-09 15:20:48 SKIP  User=7  Time=2026-03-09 13:49:52  Reason=no_employee
2026-03-09 15:20:48 SKIP  User=7  Time=2026-03-09 14:12:09  Reason=no_employee
2026-03-09 15:20:48 SKIP  User=7  Time=2026-03-09 14:37:01  Reason=no_employee
2026-03-09 15:21:18 FAIL  User=1018  MappedId=1018  Time=2026-03-09 15:18:05  LogType=OUT  DevId=9  Result=error
2026-03-09 15:21:49 FAIL  User=1018  MappedId=1018  Time=2026-03-09 15:18:07  LogType=OUT  DevId=9  Result=error
2026-03-09 15:21:51 OK    User=1141  MappedId=1141  Time=2026-03-09 15:18:33  LogType=OUT  DevId=9  Result=duplicate
2026-03-09 15:21:53 OK    User=1223  MappedId=1223  Time=2026-03-09 15:18:48  LogType=OUT  DevId=9  Result=ok
2026-03-09 15:21:55 OK    User=1223  MappedId=1223  Time=2026-03-09 15:18:50  LogType=OUT  DevId=9  Result=ok
2026-03-09 15:22:14 OK    User=1065  MappedId=1065  Time=2026-03-09 15:19:38  LogType=OUT  DevId=9  Result=ok
2026-03-09 15:23:20 SKIP  User=588  Time=2026-03-09 10:38:51  Reason=no_employee
2026-03-09 15:23:20 SKIP  User=7  Time=2026-03-09 11:25:35  Reason=no_employee
2026-03-09 15:23:20 SKIP  User=588  Time=2026-03-09 11:51:45  Reason=no_employee
2026-03-09 15:23:20 SKIP  User=588  Time=2026-03-09 11:56:32  Reason=no_employee
2026-03-09 15:23:20 SKIP  User=588  Time=2026-03-09 11:59:03  Reason=no_employee
2026-03-09 15:23:20 SKIP  User=7  Time=2026-03-09 12:10:11  Reason=no_employee
2026-03-09 15:23:20 SKIP  User=7  Time=2026-03-09 12:10:14  Reason=no_employee
2026-03-09 15:23:20 SKIP  User=7  Time=2026-03-09 12:29:53  Reason=no_employee
2026-03-09 15:23:20 SKIP  User=7  Time=2026-03-09 13:49:52  Reason=no_employee
2026-03-09 15:23:20 SKIP  User=7  Time=2026-03-09 14:12:09  Reason=no_employee
2026-03-09 15:23:20 SKIP  User=7  Time=2026-03-09 14:37:01  Reason=no_employee
2026-03-09 15:23:33 OK    User=1018  MappedId=1018  Time=2026-03-09 15:18:05  LogType=OUT  DevId=9  Result=duplicate
2026-03-09 15:23:35 OK    User=1018  MappedId=1018  Time=2026-03-09 15:18:07  LogType=OUT  DevId=9  Result=duplicate
2026-03-09 15:24:06 FAIL  User=629  MappedId=629  Time=2026-03-09 15:21:41  LogType=OUT  DevId=9  Result=error
2026-03-09 15:24:38 FAIL  User=490  MappedId=SS00490  Time=2026-03-09 15:21:49  LogType=OUT  DevId=9  Result=error
2026-03-09 15:25:09 FAIL  User=490  MappedId=SS00490  Time=2026-03-09 15:21:50  LogType=OUT  DevId=9  Result=error
2026-03-09 15:26:16 SKIP  User=588  Time=2026-03-09 10:38:51  Reason=no_employee
2026-03-09 15:26:16 SKIP  User=7  Time=2026-03-09 11:25:35  Reason=no_employee
2026-03-09 15:26:16 SKIP  User=588  Time=2026-03-09 11:51:45  Reason=no_employee
2026-03-09 15:26:16 SKIP  User=588  Time=2026-03-09 11:56:32  Reason=no_employee
2026-03-09 15:26:16 SKIP  User=588  Time=2026-03-09 11:59:03  Reason=no_employee
2026-03-09 15:26:16 SKIP  User=7  Time=2026-03-09 12:10:11  Reason=no_employee
2026-03-09 15:26:16 SKIP  User=7  Time=2026-03-09 12:10:14  Reason=no_employee
2026-03-09 15:26:16 SKIP  User=7  Time=2026-03-09 12:29:53  Reason=no_employee
2026-03-09 15:26:16 SKIP  User=7  Time=2026-03-09 13:49:52  Reason=no_employee
2026-03-09 15:26:16 SKIP  User=7  Time=2026-03-09 14:12:09  Reason=no_employee
2026-03-09 15:26:16 SKIP  User=7  Time=2026-03-09 14:37:01  Reason=no_employee
2026-03-09 15:26:30 OK    User=629  MappedId=629  Time=2026-03-09 15:21:41  LogType=OUT  DevId=9  Result=duplicate
2026-03-09 15:26:48 OK    User=490  MappedId=SS00490  Time=2026-03-09 15:21:49  LogType=OUT  DevId=9  Result=duplicate
2026-03-09 15:26:50 OK    User=490  MappedId=SS00490  Time=2026-03-09 15:21:50  LogType=OUT  DevId=9  Result=duplicate
2026-03-09 15:27:21 FAIL  User=1081  MappedId=1081  Time=2026-03-09 15:24:12  LogType=OUT  DevId=9  Result=error
2026-03-09 15:27:39 OK    User=1170  MappedId=1170  Time=2026-03-09 15:25:32  LogType=OUT  DevId=9  Result=ok
2026-03-09 15:28:45 SKIP  User=588  Time=2026-03-09 10:38:51  Reason=no_employee
2026-03-09 15:28:45 SKIP  User=7  Time=2026-03-09 11:25:35  Reason=no_employee
2026-03-09 15:28:45 SKIP  User=588  Time=2026-03-09 11:51:45  Reason=no_employee
2026-03-09 15:28:45 SKIP  User=588  Time=2026-03-09 11:56:32  Reason=no_employee
2026-03-09 15:28:45 SKIP  User=588  Time=2026-03-09 11:59:03  Reason=no_employee
2026-03-09 15:28:45 SKIP  User=7  Time=2026-03-09 12:10:11  Reason=no_employee
2026-03-09 15:28:45 SKIP  User=7  Time=2026-03-09 12:10:14  Reason=no_employee
2026-03-09 15:28:45 SKIP  User=7  Time=2026-03-09 12:29:53  Reason=no_employee
2026-03-09 15:28:45 SKIP  User=7  Time=2026-03-09 13:49:52  Reason=no_employee
2026-03-09 15:28:45 SKIP  User=7  Time=2026-03-09 14:12:09  Reason=no_employee
2026-03-09 15:28:45 SKIP  User=7  Time=2026-03-09 14:37:01  Reason=no_employee
2026-03-09 15:28:50 OK    User=1081  MappedId=1081  Time=2026-03-09 15:24:12  LogType=OUT  DevId=9  Result=duplicate
2026-03-09 15:29:08 OK    User=1041  MappedId=1041  Time=2026-03-09 15:28:51  LogType=OUT  DevId=9  Result=ok
2026-03-09 15:29:25 OK    User=846  MappedId=846  Time=2026-03-09 15:28:57  LogType=OUT  DevId=9  Result=ok
2026-03-09 15:29:43 OK    User=846  MappedId=846  Time=2026-03-09 15:28:58  LogType=OUT  DevId=9  Result=ok
2026-03-09 15:30:01 OK    User=846  MappedId=846  Time=2026-03-09 15:29:00  LogType=OUT  DevId=9  Result=ok
2026-03-09 15:30:19 OK    User=846  MappedId=846  Time=2026-03-09 15:29:02  LogType=OUT  DevId=9  Result=ok
2026-03-09 15:31:25 SKIP  User=588  Time=2026-03-09 10:38:51  Reason=no_employee
2026-03-09 15:31:25 SKIP  User=7  Time=2026-03-09 11:25:35  Reason=no_employee
2026-03-09 15:31:25 SKIP  User=588  Time=2026-03-09 11:51:45  Reason=no_employee
2026-03-09 15:31:25 SKIP  User=588  Time=2026-03-09 11:56:32  Reason=no_employee
2026-03-09 15:31:25 SKIP  User=588  Time=2026-03-09 11:59:03  Reason=no_employee
2026-03-09 15:31:25 SKIP  User=7  Time=2026-03-09 12:10:11  Reason=no_employee
2026-03-09 15:31:25 SKIP  User=7  Time=2026-03-09 12:10:14  Reason=no_employee
2026-03-09 15:31:25 SKIP  User=7  Time=2026-03-09 12:29:53  Reason=no_employee
2026-03-09 15:31:25 SKIP  User=7  Time=2026-03-09 13:49:52  Reason=no_employee
2026-03-09 15:31:25 SKIP  User=7  Time=2026-03-09 14:12:09  Reason=no_employee
2026-03-09 15:31:25 SKIP  User=7  Time=2026-03-09 14:37:01  Reason=no_employee
2026-03-09 15:32:32 SKIP  User=588  Time=2026-03-09 10:38:51  Reason=no_employee
2026-03-09 15:32:32 SKIP  User=7  Time=2026-03-09 11:25:35  Reason=no_employee
2026-03-09 15:32:32 SKIP  User=588  Time=2026-03-09 11:51:45  Reason=no_employee
2026-03-09 15:32:32 SKIP  User=588  Time=2026-03-09 11:56:32  Reason=no_employee
2026-03-09 15:32:32 SKIP  User=588  Time=2026-03-09 11:59:03  Reason=no_employee
2026-03-09 15:32:32 SKIP  User=7  Time=2026-03-09 12:10:11  Reason=no_employee
2026-03-09 15:32:32 SKIP  User=7  Time=2026-03-09 12:10:14  Reason=no_employee
2026-03-09 15:32:32 SKIP  User=7  Time=2026-03-09 12:29:53  Reason=no_employee
2026-03-09 15:32:32 SKIP  User=7  Time=2026-03-09 13:49:52  Reason=no_employee
2026-03-09 15:32:32 SKIP  User=7  Time=2026-03-09 14:12:09  Reason=no_employee
2026-03-09 15:32:32 SKIP  User=7  Time=2026-03-09 14:37:01  Reason=no_employee
2026-03-09 15:33:35 SKIP  User=588  Time=2026-03-09 10:38:51  Reason=no_employee
2026-03-09 15:33:35 SKIP  User=7  Time=2026-03-09 11:25:35  Reason=no_employee
2026-03-09 15:33:35 SKIP  User=588  Time=2026-03-09 11:51:45  Reason=no_employee
2026-03-09 15:33:35 SKIP  User=588  Time=2026-03-09 11:56:32  Reason=no_employee
2026-03-09 15:33:35 SKIP  User=588  Time=2026-03-09 11:59:03  Reason=no_employee
2026-03-09 15:33:35 SKIP  User=7  Time=2026-03-09 12:10:11  Reason=no_employee
2026-03-09 15:33:35 SKIP  User=7  Time=2026-03-09 12:10:14  Reason=no_employee
2026-03-09 15:33:35 SKIP  User=7  Time=2026-03-09 12:29:53  Reason=no_employee
2026-03-09 15:33:35 SKIP  User=7  Time=2026-03-09 13:49:52  Reason=no_employee
2026-03-09 15:33:35 SKIP  User=7  Time=2026-03-09 14:12:09  Reason=no_employee
2026-03-09 15:33:35 SKIP  User=7  Time=2026-03-09 14:37:01  Reason=no_employee
2026-03-09 15:33:52 OK    User=484  MappedId=SS00484  Time=2026-03-09 15:33:21  LogType=OUT  DevId=9  Result=ok
2026-03-09 15:34:58 SKIP  User=588  Time=2026-03-09 10:38:51  Reason=no_employee
2026-03-09 15:34:58 SKIP  User=7  Time=2026-03-09 11:25:35  Reason=no_employee
2026-03-09 15:34:58 SKIP  User=588  Time=2026-03-09 11:51:45  Reason=no_employee
2026-03-09 15:34:58 SKIP  User=588  Time=2026-03-09 11:56:32  Reason=no_employee
2026-03-09 15:34:58 SKIP  User=588  Time=2026-03-09 11:59:03  Reason=no_employee
2026-03-09 15:34:58 SKIP  User=7  Time=2026-03-09 12:10:11  Reason=no_employee
2026-03-09 15:34:58 SKIP  User=7  Time=2026-03-09 12:10:14  Reason=no_employee
2026-03-09 15:34:58 SKIP  User=7  Time=2026-03-09 12:29:53  Reason=no_employee
2026-03-09 15:34:58 SKIP  User=7  Time=2026-03-09 13:49:52  Reason=no_employee
2026-03-09 15:34:58 SKIP  User=7  Time=2026-03-09 14:12:09  Reason=no_employee
2026-03-09 15:34:58 SKIP  User=7  Time=2026-03-09 14:37:01  Reason=no_employee
2026-03-09 15:36:01 SKIP  User=588  Time=2026-03-09 10:38:51  Reason=no_employee
2026-03-09 15:36:01 SKIP  User=7  Time=2026-03-09 11:25:35  Reason=no_employee
2026-03-09 15:36:01 SKIP  User=588  Time=2026-03-09 11:51:45  Reason=no_employee
2026-03-09 15:36:01 SKIP  User=588  Time=2026-03-09 11:56:32  Reason=no_employee
2026-03-09 15:36:01 SKIP  User=588  Time=2026-03-09 11:59:03  Reason=no_employee
2026-03-09 15:36:01 SKIP  User=7  Time=2026-03-09 12:10:11  Reason=no_employee
2026-03-09 15:36:01 SKIP  User=7  Time=2026-03-09 12:10:14  Reason=no_employee
2026-03-09 15:36:01 SKIP  User=7  Time=2026-03-09 12:29:53  Reason=no_employee
2026-03-09 15:36:01 SKIP  User=7  Time=2026-03-09 13:49:52  Reason=no_employee
2026-03-09 15:36:01 SKIP  User=7  Time=2026-03-09 14:12:09  Reason=no_employee
2026-03-09 15:36:01 SKIP  User=7  Time=2026-03-09 14:37:01  Reason=no_employee
2026-03-09 15:36:19 OK    User=861  MappedId=861  Time=2026-03-09 15:35:24  LogType=OUT  DevId=9  Result=ok
2026-03-09 15:37:25 SKIP  User=588  Time=2026-03-09 10:38:51  Reason=no_employee
2026-03-09 15:37:25 SKIP  User=7  Time=2026-03-09 11:25:35  Reason=no_employee
2026-03-09 15:37:25 SKIP  User=588  Time=2026-03-09 11:51:45  Reason=no_employee
2026-03-09 15:37:25 SKIP  User=588  Time=2026-03-09 11:56:32  Reason=no_employee
2026-03-09 15:37:25 SKIP  User=588  Time=2026-03-09 11:59:03  Reason=no_employee
2026-03-09 15:37:25 SKIP  User=7  Time=2026-03-09 12:10:11  Reason=no_employee
2026-03-09 15:37:25 SKIP  User=7  Time=2026-03-09 12:10:14  Reason=no_employee
2026-03-09 15:37:25 SKIP  User=7  Time=2026-03-09 12:29:53  Reason=no_employee
2026-03-09 15:37:25 SKIP  User=7  Time=2026-03-09 13:49:52  Reason=no_employee
2026-03-09 15:37:25 SKIP  User=7  Time=2026-03-09 14:12:09  Reason=no_employee
2026-03-09 15:37:25 SKIP  User=7  Time=2026-03-09 14:37:01  Reason=no_employee
2026-03-09 15:38:29 SKIP  User=588  Time=2026-03-09 10:38:51  Reason=no_employee
2026-03-09 15:38:29 SKIP  User=7  Time=2026-03-09 11:25:35  Reason=no_employee
2026-03-09 15:38:29 SKIP  User=588  Time=2026-03-09 11:51:45  Reason=no_employee
2026-03-09 15:38:29 SKIP  User=588  Time=2026-03-09 11:56:32  Reason=no_employee
2026-03-09 15:38:29 SKIP  User=588  Time=2026-03-09 11:59:03  Reason=no_employee
2026-03-09 15:38:29 SKIP  User=7  Time=2026-03-09 12:10:11  Reason=no_employee
2026-03-09 15:38:29 SKIP  User=7  Time=2026-03-09 12:10:14  Reason=no_employee
2026-03-09 15:38:29 SKIP  User=7  Time=2026-03-09 12:29:53  Reason=no_employee
2026-03-09 15:38:29 SKIP  User=7  Time=2026-03-09 13:49:52  Reason=no_employee
2026-03-09 15:38:29 SKIP  User=7  Time=2026-03-09 14:12:09  Reason=no_employee
2026-03-09 15:38:29 SKIP  User=7  Time=2026-03-09 14:37:01  Reason=no_employee
2026-03-09 15:39:33 SKIP  User=588  Time=2026-03-09 10:38:51  Reason=no_employee
2026-03-09 15:39:33 SKIP  User=7  Time=2026-03-09 11:25:35  Reason=no_employee
2026-03-09 15:39:33 SKIP  User=588  Time=2026-03-09 11:51:45  Reason=no_employee
2026-03-09 15:39:33 SKIP  User=588  Time=2026-03-09 11:56:32  Reason=no_employee
2026-03-09 15:39:33 SKIP  User=588  Time=2026-03-09 11:59:03  Reason=no_employee
2026-03-09 15:39:33 SKIP  User=7  Time=2026-03-09 12:10:11  Reason=no_employee
2026-03-09 15:39:33 SKIP  User=7  Time=2026-03-09 12:10:14  Reason=no_employee
2026-03-09 15:39:33 SKIP  User=7  Time=2026-03-09 12:29:53  Reason=no_employee
2026-03-09 15:39:33 SKIP  User=7  Time=2026-03-09 13:49:52  Reason=no_employee
2026-03-09 15:39:33 SKIP  User=7  Time=2026-03-09 14:12:09  Reason=no_employee
2026-03-09 15:39:33 SKIP  User=7  Time=2026-03-09 14:37:01  Reason=no_employee
2026-03-09 15:39:51 OK    User=959  MappedId=959  Time=2026-03-09 15:39:38  LogType=OUT  DevId=9  Result=ok
2026-03-09 15:40:56 SKIP  User=588  Time=2026-03-09 10:38:51  Reason=no_employee
2026-03-09 15:40:56 SKIP  User=7  Time=2026-03-09 11:25:35  Reason=no_employee
2026-03-09 15:40:56 SKIP  User=588  Time=2026-03-09 11:51:45  Reason=no_employee
2026-03-09 15:40:56 SKIP  User=588  Time=2026-03-09 11:56:32  Reason=no_employee
2026-03-09 15:40:56 SKIP  User=588  Time=2026-03-09 11:59:03  Reason=no_employee
2026-03-09 15:40:56 SKIP  User=7  Time=2026-03-09 12:10:11  Reason=no_employee
2026-03-09 15:40:56 SKIP  User=7  Time=2026-03-09 12:10:14  Reason=no_employee
2026-03-09 15:40:56 SKIP  User=7  Time=2026-03-09 12:29:53  Reason=no_employee
2026-03-09 15:40:56 SKIP  User=7  Time=2026-03-09 13:49:52  Reason=no_employee
2026-03-09 15:40:56 SKIP  User=7  Time=2026-03-09 14:12:09  Reason=no_employee
2026-03-09 15:40:56 SKIP  User=7  Time=2026-03-09 14:37:01  Reason=no_employee
2026-03-09 15:41:20 OK    User=954  MappedId=954  Time=2026-03-09 15:40:08  LogType=OUT  DevId=9  Result=ok
2026-03-09 15:41:51 FAIL  User=954  MappedId=954  Time=2026-03-09 15:40:10  LogType=OUT  DevId=9  Result=error
2026-03-09 15:42:57 SKIP  User=588  Time=2026-03-09 10:38:51  Reason=no_employee
2026-03-09 15:42:57 SKIP  User=7  Time=2026-03-09 11:25:35  Reason=no_employee
2026-03-09 15:42:57 SKIP  User=588  Time=2026-03-09 11:51:45  Reason=no_employee
2026-03-09 15:42:57 SKIP  User=588  Time=2026-03-09 11:56:32  Reason=no_employee
2026-03-09 15:42:57 SKIP  User=588  Time=2026-03-09 11:59:03  Reason=no_employee
2026-03-09 15:42:57 SKIP  User=7  Time=2026-03-09 12:10:11  Reason=no_employee
2026-03-09 15:42:57 SKIP  User=7  Time=2026-03-09 12:10:14  Reason=no_employee
2026-03-09 15:42:57 SKIP  User=7  Time=2026-03-09 12:29:53  Reason=no_employee
2026-03-09 15:42:57 SKIP  User=7  Time=2026-03-09 13:49:52  Reason=no_employee
2026-03-09 15:42:57 SKIP  User=7  Time=2026-03-09 14:12:09  Reason=no_employee
2026-03-09 15:42:57 SKIP  User=7  Time=2026-03-09 14:37:01  Reason=no_employee
2026-03-09 15:43:07 OK    User=954  MappedId=954  Time=2026-03-09 15:40:10  LogType=OUT  DevId=9  Result=duplicate
2026-03-09 15:43:09 OK    User=1166  MappedId=1166  Time=2026-03-09 15:42:06  LogType=OUT  DevId=9  Result=ok
2026-03-09 15:43:27 OK    User=936  MappedId=936  Time=2026-03-09 15:42:48  LogType=OUT  DevId=9  Result=ok
2026-03-09 15:44:33 SKIP  User=588  Time=2026-03-09 10:38:51  Reason=no_employee
2026-03-09 15:44:33 SKIP  User=7  Time=2026-03-09 11:25:35  Reason=no_employee
2026-03-09 15:44:33 SKIP  User=588  Time=2026-03-09 11:51:45  Reason=no_employee
2026-03-09 15:44:33 SKIP  User=588  Time=2026-03-09 11:56:32  Reason=no_employee
2026-03-09 15:44:33 SKIP  User=588  Time=2026-03-09 11:59:03  Reason=no_employee
2026-03-09 15:44:33 SKIP  User=7  Time=2026-03-09 12:10:11  Reason=no_employee
2026-03-09 15:44:33 SKIP  User=7  Time=2026-03-09 12:10:14  Reason=no_employee
2026-03-09 15:44:33 SKIP  User=7  Time=2026-03-09 12:29:53  Reason=no_employee
2026-03-09 15:44:33 SKIP  User=7  Time=2026-03-09 13:49:52  Reason=no_employee
2026-03-09 15:44:33 SKIP  User=7  Time=2026-03-09 14:12:09  Reason=no_employee
2026-03-09 15:44:33 SKIP  User=7  Time=2026-03-09 14:37:01  Reason=no_employee
2026-03-09 15:45:37 SKIP  User=588  Time=2026-03-09 10:38:51  Reason=no_employee
2026-03-09 15:45:37 SKIP  User=7  Time=2026-03-09 11:25:35  Reason=no_employee
2026-03-09 15:45:37 SKIP  User=588  Time=2026-03-09 11:51:45  Reason=no_employee
2026-03-09 15:45:37 SKIP  User=588  Time=2026-03-09 11:56:32  Reason=no_employee
2026-03-09 15:45:37 SKIP  User=588  Time=2026-03-09 11:59:03  Reason=no_employee
2026-03-09 15:45:37 SKIP  User=7  Time=2026-03-09 12:10:11  Reason=no_employee
2026-03-09 15:45:37 SKIP  User=7  Time=2026-03-09 12:10:14  Reason=no_employee
2026-03-09 15:45:37 SKIP  User=7  Time=2026-03-09 12:29:53  Reason=no_employee
2026-03-09 15:45:37 SKIP  User=7  Time=2026-03-09 13:49:52  Reason=no_employee
2026-03-09 15:45:37 SKIP  User=7  Time=2026-03-09 14:12:09  Reason=no_employee
2026-03-09 15:45:37 SKIP  User=7  Time=2026-03-09 14:37:01  Reason=no_employee
2026-03-09 15:46:06 OK    User=968  MappedId=968  Time=2026-03-09 15:45:03  LogType=OUT  DevId=9  Result=ok
2026-03-09 15:47:10 SKIP  User=588  Time=2026-03-09 10:38:51  Reason=no_employee
2026-03-09 15:47:10 SKIP  User=7  Time=2026-03-09 11:25:35  Reason=no_employee
2026-03-09 15:47:10 SKIP  User=588  Time=2026-03-09 11:51:45  Reason=no_employee
2026-03-09 15:47:10 SKIP  User=588  Time=2026-03-09 11:56:32  Reason=no_employee
2026-03-09 15:47:10 SKIP  User=588  Time=2026-03-09 11:59:03  Reason=no_employee
2026-03-09 15:47:10 SKIP  User=7  Time=2026-03-09 12:10:11  Reason=no_employee
2026-03-09 15:47:10 SKIP  User=7  Time=2026-03-09 12:10:14  Reason=no_employee
2026-03-09 15:47:10 SKIP  User=7  Time=2026-03-09 12:29:53  Reason=no_employee
2026-03-09 15:47:10 SKIP  User=7  Time=2026-03-09 13:49:52  Reason=no_employee
2026-03-09 15:47:10 SKIP  User=7  Time=2026-03-09 14:12:09  Reason=no_employee
2026-03-09 15:47:10 SKIP  User=7  Time=2026-03-09 14:37:01  Reason=no_employee
2026-03-09 15:48:14 SKIP  User=588  Time=2026-03-09 10:38:51  Reason=no_employee
2026-03-09 15:48:14 SKIP  User=7  Time=2026-03-09 11:25:35  Reason=no_employee
2026-03-09 15:48:14 SKIP  User=588  Time=2026-03-09 11:51:45  Reason=no_employee
2026-03-09 15:48:14 SKIP  User=588  Time=2026-03-09 11:56:32  Reason=no_employee
2026-03-09 15:48:14 SKIP  User=588  Time=2026-03-09 11:59:03  Reason=no_employee
2026-03-09 15:48:14 SKIP  User=7  Time=2026-03-09 12:10:11  Reason=no_employee
2026-03-09 15:48:14 SKIP  User=7  Time=2026-03-09 12:10:14  Reason=no_employee
2026-03-09 15:48:14 SKIP  User=7  Time=2026-03-09 12:29:53  Reason=no_employee
2026-03-09 15:48:14 SKIP  User=7  Time=2026-03-09 13:49:52  Reason=no_employee
2026-03-09 15:48:14 SKIP  User=7  Time=2026-03-09 14:12:09  Reason=no_employee
2026-03-09 15:48:14 SKIP  User=7  Time=2026-03-09 14:37:01  Reason=no_employee
2026-03-09 15:49:19 SKIP  User=588  Time=2026-03-09 10:38:51  Reason=no_employee
2026-03-09 15:49:19 SKIP  User=7  Time=2026-03-09 11:25:35  Reason=no_employee
2026-03-09 15:49:19 SKIP  User=588  Time=2026-03-09 11:51:45  Reason=no_employee
2026-03-09 15:49:19 SKIP  User=588  Time=2026-03-09 11:56:32  Reason=no_employee
2026-03-09 15:49:19 SKIP  User=588  Time=2026-03-09 11:59:03  Reason=no_employee
2026-03-09 15:49:19 SKIP  User=7  Time=2026-03-09 12:10:11  Reason=no_employee
2026-03-09 15:49:19 SKIP  User=7  Time=2026-03-09 12:10:14  Reason=no_employee
2026-03-09 15:49:19 SKIP  User=7  Time=2026-03-09 12:29:53  Reason=no_employee
2026-03-09 15:49:19 SKIP  User=7  Time=2026-03-09 13:49:52  Reason=no_employee
2026-03-09 15:49:19 SKIP  User=7  Time=2026-03-09 14:12:09  Reason=no_employee
2026-03-09 15:49:19 SKIP  User=7  Time=2026-03-09 14:37:01  Reason=no_employee
2026-03-09 15:49:42 OK    User=1001  MappedId=1001  Time=2026-03-09 15:49:43  LogType=OUT  DevId=9  Result=ok
2026-03-09 15:50:49 SKIP  User=588  Time=2026-03-09 10:38:51  Reason=no_employee
2026-03-09 15:50:49 SKIP  User=7  Time=2026-03-09 11:25:35  Reason=no_employee
2026-03-09 15:50:49 SKIP  User=588  Time=2026-03-09 11:51:45  Reason=no_employee
2026-03-09 15:50:49 SKIP  User=588  Time=2026-03-09 11:56:32  Reason=no_employee
2026-03-09 15:50:49 SKIP  User=588  Time=2026-03-09 11:59:03  Reason=no_employee
2026-03-09 15:50:49 SKIP  User=7  Time=2026-03-09 12:10:11  Reason=no_employee
2026-03-09 15:50:49 SKIP  User=7  Time=2026-03-09 12:10:14  Reason=no_employee
2026-03-09 15:50:49 SKIP  User=7  Time=2026-03-09 12:29:53  Reason=no_employee
2026-03-09 15:50:49 SKIP  User=7  Time=2026-03-09 13:49:52  Reason=no_employee
2026-03-09 15:50:49 SKIP  User=7  Time=2026-03-09 14:12:09  Reason=no_employee
2026-03-09 15:50:49 SKIP  User=7  Time=2026-03-09 14:37:01  Reason=no_employee
2026-03-09 15:51:05 OK    User=944  MappedId=944  Time=2026-03-09 15:49:58  LogType=OUT  DevId=9  Result=ok
2026-03-09 15:51:23 OK    User=944  MappedId=944  Time=2026-03-09 15:49:59  LogType=OUT  DevId=9  Result=ok
2026-03-09 15:51:41 OK    User=835  MappedId=835  Time=2026-03-09 15:50:38  LogType=OUT  DevId=9  Result=ok
2026-03-09 15:52:12 FAIL  User=835  MappedId=835  Time=2026-03-09 15:50:40  LogType=OUT  DevId=9  Result=error
2026-03-09 15:53:19 SKIP  User=588  Time=2026-03-09 10:38:51  Reason=no_employee
2026-03-09 15:53:19 SKIP  User=7  Time=2026-03-09 11:25:35  Reason=no_employee
2026-03-09 15:53:19 SKIP  User=588  Time=2026-03-09 11:51:45  Reason=no_employee
2026-03-09 15:53:19 SKIP  User=588  Time=2026-03-09 11:56:32  Reason=no_employee
2026-03-09 15:53:19 SKIP  User=588  Time=2026-03-09 11:59:03  Reason=no_employee
2026-03-09 15:53:19 SKIP  User=7  Time=2026-03-09 12:10:11  Reason=no_employee
2026-03-09 15:53:19 SKIP  User=7  Time=2026-03-09 12:10:14  Reason=no_employee
2026-03-09 15:53:19 SKIP  User=7  Time=2026-03-09 12:29:53  Reason=no_employee
2026-03-09 15:53:19 SKIP  User=7  Time=2026-03-09 13:49:52  Reason=no_employee
2026-03-09 15:53:19 SKIP  User=7  Time=2026-03-09 14:12:09  Reason=no_employee
2026-03-09 15:53:19 SKIP  User=7  Time=2026-03-09 14:37:01  Reason=no_employee
2026-03-09 15:53:20 OK    User=835  MappedId=835  Time=2026-03-09 15:50:40  LogType=OUT  DevId=9  Result=duplicate
2026-03-09 15:53:37 OK    User=924  MappedId=924  Time=2026-03-09 15:51:59  LogType=OUT  DevId=9  Result=ok
2026-03-09 15:53:55 OK    User=924  MappedId=924  Time=2026-03-09 15:52:01  LogType=OUT  DevId=9  Result=ok
2026-03-09 15:54:27 FAIL  User=944  MappedId=944  Time=2026-03-09 15:53:32  LogType=OUT  DevId=9  Result=error
2026-03-09 15:55:32 SKIP  User=588  Time=2026-03-09 10:38:51  Reason=no_employee
2026-03-09 15:55:32 SKIP  User=7  Time=2026-03-09 11:25:35  Reason=no_employee
2026-03-09 15:55:32 SKIP  User=588  Time=2026-03-09 11:51:45  Reason=no_employee
2026-03-09 15:55:32 SKIP  User=588  Time=2026-03-09 11:56:32  Reason=no_employee
2026-03-09 15:55:32 SKIP  User=588  Time=2026-03-09 11:59:03  Reason=no_employee
2026-03-09 15:55:32 SKIP  User=7  Time=2026-03-09 12:10:11  Reason=no_employee
2026-03-09 15:55:32 SKIP  User=7  Time=2026-03-09 12:10:14  Reason=no_employee
2026-03-09 15:55:32 SKIP  User=7  Time=2026-03-09 12:29:53  Reason=no_employee
2026-03-09 15:55:32 SKIP  User=7  Time=2026-03-09 13:49:52  Reason=no_employee
2026-03-09 15:55:32 SKIP  User=7  Time=2026-03-09 14:12:09  Reason=no_employee
2026-03-09 15:55:32 SKIP  User=7  Time=2026-03-09 14:37:01  Reason=no_employee
2026-03-09 15:55:38 OK    User=944  MappedId=944  Time=2026-03-09 15:53:32  LogType=OUT  DevId=9  Result=duplicate
2026-03-09 15:56:10 FAIL  User=241  MappedId=SS00241  Time=2026-03-09 15:53:52  LogType=OUT  DevId=9  Result=error
2026-03-09 15:56:41 FAIL  User=928  MappedId=928  Time=2026-03-09 15:54:57  LogType=OUT  DevId=9  Result=error
2026-03-09 15:57:46 SKIP  User=588  Time=2026-03-09 10:38:51  Reason=no_employee
2026-03-09 15:57:46 SKIP  User=7  Time=2026-03-09 11:25:35  Reason=no_employee
2026-03-09 15:57:46 SKIP  User=588  Time=2026-03-09 11:51:45  Reason=no_employee
2026-03-09 15:57:46 SKIP  User=588  Time=2026-03-09 11:56:32  Reason=no_employee
2026-03-09 15:57:46 SKIP  User=588  Time=2026-03-09 11:59:03  Reason=no_employee
2026-03-09 15:57:46 SKIP  User=7  Time=2026-03-09 12:10:11  Reason=no_employee
2026-03-09 15:57:46 SKIP  User=7  Time=2026-03-09 12:10:14  Reason=no_employee
2026-03-09 15:57:46 SKIP  User=7  Time=2026-03-09 12:29:53  Reason=no_employee
2026-03-09 15:57:46 SKIP  User=7  Time=2026-03-09 13:49:52  Reason=no_employee
2026-03-09 15:57:46 SKIP  User=7  Time=2026-03-09 14:12:09  Reason=no_employee
2026-03-09 15:57:46 SKIP  User=7  Time=2026-03-09 14:37:01  Reason=no_employee
2026-03-09 15:57:46 OK    User=241  MappedId=SS00241  Time=2026-03-09 15:53:52  LogType=OUT  DevId=9  Result=duplicate
2026-03-09 15:57:48 OK    User=928  MappedId=928  Time=2026-03-09 15:54:57  LogType=OUT  DevId=9  Result=duplicate
2026-03-09 15:57:50 OK    User=1087  MappedId=1087  Time=2026-03-09 15:57:05  LogType=OUT  DevId=9  Result=ok
2026-03-09 15:58:56 SKIP  User=588  Time=2026-03-09 10:38:51  Reason=no_employee
2026-03-09 15:58:56 SKIP  User=7  Time=2026-03-09 11:25:35  Reason=no_employee
2026-03-09 15:58:56 SKIP  User=588  Time=2026-03-09 11:51:45  Reason=no_employee
2026-03-09 15:58:56 SKIP  User=588  Time=2026-03-09 11:56:32  Reason=no_employee
2026-03-09 15:58:56 SKIP  User=588  Time=2026-03-09 11:59:03  Reason=no_employee
2026-03-09 15:58:56 SKIP  User=7  Time=2026-03-09 12:10:11  Reason=no_employee
2026-03-09 15:58:56 SKIP  User=7  Time=2026-03-09 12:10:14  Reason=no_employee
2026-03-09 15:58:56 SKIP  User=7  Time=2026-03-09 12:29:53  Reason=no_employee
2026-03-09 15:58:56 SKIP  User=7  Time=2026-03-09 13:49:52  Reason=no_employee
2026-03-09 15:58:56 SKIP  User=7  Time=2026-03-09 14:12:09  Reason=no_employee
2026-03-09 15:58:56 SKIP  User=7  Time=2026-03-09 14:37:01  Reason=no_employee
2026-03-09 15:59:13 OK    User=1100  MappedId=1100  Time=2026-03-09 15:58:19  LogType=OUT  DevId=9  Result=ok
2026-03-09 15:59:31 OK    User=1100  MappedId=1100  Time=2026-03-09 15:58:20  LogType=OUT  DevId=9  Result=ok
2026-03-09 15:59:33 OK    User=1193  MappedId=1193  Time=2026-03-09 15:58:26  LogType=OUT  DevId=9  Result=ok
2026-03-09 15:59:50 OK    User=1151  MappedId=1151  Time=2026-03-09 15:59:03  LogType=OUT  DevId=9  Result=ok
2026-03-09 16:00:22 FAIL  User=1151  MappedId=1151  Time=2026-03-09 15:59:05  LogType=OUT  DevId=9  Result=error
2026-03-09 16:00:42 OK    User=1167  MappedId=1167  Time=2026-03-09 15:59:14  LogType=OUT  DevId=9  Result=ok
2026-03-09 16:01:48 SKIP  User=588  Time=2026-03-09 10:38:51  Reason=no_employee
2026-03-09 16:01:48 SKIP  User=7  Time=2026-03-09 11:25:35  Reason=no_employee
2026-03-09 16:01:48 SKIP  User=588  Time=2026-03-09 11:51:45  Reason=no_employee
2026-03-09 16:01:48 SKIP  User=588  Time=2026-03-09 11:56:32  Reason=no_employee
2026-03-09 16:01:48 SKIP  User=588  Time=2026-03-09 11:59:03  Reason=no_employee
2026-03-09 16:01:48 SKIP  User=7  Time=2026-03-09 12:10:11  Reason=no_employee
2026-03-09 16:01:48 SKIP  User=7  Time=2026-03-09 12:10:14  Reason=no_employee
2026-03-09 16:01:48 SKIP  User=7  Time=2026-03-09 12:29:53  Reason=no_employee
2026-03-09 16:01:48 SKIP  User=7  Time=2026-03-09 13:49:52  Reason=no_employee
2026-03-09 16:01:48 SKIP  User=7  Time=2026-03-09 14:12:09  Reason=no_employee
2026-03-09 16:01:48 SKIP  User=7  Time=2026-03-09 14:37:01  Reason=no_employee
2026-03-09 16:01:49 OK    User=1151  MappedId=1151  Time=2026-03-09 15:59:05  LogType=OUT  DevId=9  Result=duplicate
2026-03-09 16:02:20 FAIL  User=721  MappedId=SS00721  Time=2026-03-09 15:59:30  LogType=OUT  DevId=9  Result=error
2026-03-09 16:02:38 OK    User=721  MappedId=SS00721  Time=2026-03-09 15:59:32  LogType=OUT  DevId=9  Result=ok
2026-03-09 16:03:09 FAIL  User=937  MappedId=937  Time=2026-03-09 16:01:19  LogType=OUT  DevId=9  Result=error
2026-03-09 16:03:26 OK    User=943  MappedId=943  Time=2026-03-09 16:01:35  LogType=OUT  DevId=9  Result=ok
2026-03-09 16:03:28 OK    User=1226  MappedId=1226  Time=2026-03-09 16:01:56  LogType=OUT  DevId=9  Result=ok
2026-03-09 16:03:30 OK    User=1226  MappedId=1226  Time=2026-03-09 16:01:58  LogType=OUT  DevId=9  Result=ok
2026-03-09 16:04:38 SKIP  User=588  Time=2026-03-09 10:38:51  Reason=no_employee
2026-03-09 16:04:38 SKIP  User=7  Time=2026-03-09 11:25:35  Reason=no_employee
2026-03-09 16:04:38 SKIP  User=588  Time=2026-03-09 11:51:45  Reason=no_employee
2026-03-09 16:04:38 SKIP  User=588  Time=2026-03-09 11:56:32  Reason=no_employee
2026-03-09 16:04:38 SKIP  User=588  Time=2026-03-09 11:59:03  Reason=no_employee
2026-03-09 16:04:38 SKIP  User=7  Time=2026-03-09 12:10:11  Reason=no_employee
2026-03-09 16:04:38 SKIP  User=7  Time=2026-03-09 12:10:14  Reason=no_employee
2026-03-09 16:04:38 SKIP  User=7  Time=2026-03-09 12:29:53  Reason=no_employee
2026-03-09 16:04:38 SKIP  User=7  Time=2026-03-09 13:49:52  Reason=no_employee
2026-03-09 16:04:38 SKIP  User=7  Time=2026-03-09 14:12:09  Reason=no_employee
2026-03-09 16:04:38 SKIP  User=7  Time=2026-03-09 14:37:01  Reason=no_employee
2026-03-09 16:04:51 OK    User=721  MappedId=SS00721  Time=2026-03-09 15:59:30  LogType=OUT  DevId=9  Result=duplicate
2026-03-09 16:04:53 OK    User=937  MappedId=937  Time=2026-03-09 16:01:19  LogType=OUT  DevId=9  Result=duplicate
2026-03-09 16:05:11 OK    User=947  MappedId=947  Time=2026-03-09 16:02:44  LogType=OUT  DevId=9  Result=ok
2026-03-09 16:05:13 OK    User=1176  MappedId=1176  Time=2026-03-09 16:04:01  LogType=OUT  DevId=9  Result=ok
2026-03-09 16:05:31 OK    User=21  MappedId=SS0021  Time=2026-03-09 16:04:19  LogType=OUT  DevId=9  Result=ok
2026-03-09 16:05:32 OK    User=1190  MappedId=1190  Time=2026-03-09 16:04:38  LogType=OUT  DevId=9  Result=ok
2026-03-09 16:06:38 SKIP  User=588  Time=2026-03-09 10:38:51  Reason=no_employee
2026-03-09 16:06:38 SKIP  User=7  Time=2026-03-09 11:25:35  Reason=no_employee
2026-03-09 16:06:38 SKIP  User=588  Time=2026-03-09 11:51:45  Reason=no_employee
2026-03-09 16:06:38 SKIP  User=588  Time=2026-03-09 11:56:32  Reason=no_employee
2026-03-09 16:06:38 SKIP  User=588  Time=2026-03-09 11:59:03  Reason=no_employee
2026-03-09 16:06:38 SKIP  User=7  Time=2026-03-09 12:10:11  Reason=no_employee
2026-03-09 16:06:38 SKIP  User=7  Time=2026-03-09 12:10:14  Reason=no_employee
2026-03-09 16:06:38 SKIP  User=7  Time=2026-03-09 12:29:53  Reason=no_employee
2026-03-09 16:06:38 SKIP  User=7  Time=2026-03-09 13:49:52  Reason=no_employee
2026-03-09 16:06:38 SKIP  User=7  Time=2026-03-09 14:12:09  Reason=no_employee
2026-03-09 16:06:38 SKIP  User=7  Time=2026-03-09 14:37:01  Reason=no_employee
2026-03-09 16:06:41 OK    User=1068  MappedId=1068  Time=2026-03-09 16:05:17  LogType=OUT  DevId=9  Result=ok
2026-03-09 16:06:59 OK    User=983  MappedId=983  Time=2026-03-09 16:05:26  LogType=OUT  DevId=9  Result=ok
2026-03-09 16:07:01 OK    User=1161  MappedId=1161  Time=2026-03-09 16:06:35  LogType=OUT  DevId=9  Result=ok
2026-03-09 16:08:06 SKIP  User=588  Time=2026-03-09 10:38:51  Reason=no_employee
2026-03-09 16:08:06 SKIP  User=7  Time=2026-03-09 11:25:35  Reason=no_employee
2026-03-09 16:08:06 SKIP  User=588  Time=2026-03-09 11:51:45  Reason=no_employee
2026-03-09 16:08:06 SKIP  User=588  Time=2026-03-09 11:56:32  Reason=no_employee
2026-03-09 16:08:06 SKIP  User=588  Time=2026-03-09 11:59:03  Reason=no_employee
2026-03-09 16:08:06 SKIP  User=7  Time=2026-03-09 12:10:11  Reason=no_employee
2026-03-09 16:08:06 SKIP  User=7  Time=2026-03-09 12:10:14  Reason=no_employee
2026-03-09 16:08:06 SKIP  User=7  Time=2026-03-09 12:29:53  Reason=no_employee
2026-03-09 16:08:06 SKIP  User=7  Time=2026-03-09 13:49:52  Reason=no_employee
2026-03-09 16:08:06 SKIP  User=7  Time=2026-03-09 14:12:09  Reason=no_employee
2026-03-09 16:08:06 SKIP  User=7  Time=2026-03-09 14:37:01  Reason=no_employee
2026-03-09 16:08:07 OK    User=1144  MappedId=1144  Time=2026-03-09 16:08:19  LogType=OUT  DevId=9  Result=ok
2026-03-09 16:08:39 FAIL  User=984  MappedId=984  Time=2026-03-09 16:08:26  LogType=OUT  DevId=9  Result=error
2026-03-09 16:09:45 SKIP  User=588  Time=2026-03-09 10:38:51  Reason=no_employee
2026-03-09 16:09:45 SKIP  User=7  Time=2026-03-09 11:25:35  Reason=no_employee
2026-03-09 16:09:45 SKIP  User=588  Time=2026-03-09 11:51:45  Reason=no_employee
2026-03-09 16:09:45 SKIP  User=588  Time=2026-03-09 11:56:32  Reason=no_employee
2026-03-09 16:09:45 SKIP  User=588  Time=2026-03-09 11:59:03  Reason=no_employee
2026-03-09 16:09:45 SKIP  User=7  Time=2026-03-09 12:10:11  Reason=no_employee
2026-03-09 16:09:45 SKIP  User=7  Time=2026-03-09 12:10:14  Reason=no_employee
2026-03-09 16:09:45 SKIP  User=7  Time=2026-03-09 12:29:53  Reason=no_employee
2026-03-09 16:09:45 SKIP  User=7  Time=2026-03-09 13:49:52  Reason=no_employee
2026-03-09 16:09:45 SKIP  User=7  Time=2026-03-09 14:12:09  Reason=no_employee
2026-03-09 16:09:45 SKIP  User=7  Time=2026-03-09 14:37:01  Reason=no_employee
2026-03-09 16:10:04 OK    User=984  MappedId=984  Time=2026-03-09 16:08:26  LogType=OUT  DevId=9  Result=duplicate
2026-03-09 16:10:35 FAIL  User=1220  MappedId=1220  Time=2026-03-09 16:08:33  LogType=OUT  DevId=9  Result=error
2026-03-09 16:11:40 SKIP  User=588  Time=2026-03-09 10:38:51  Reason=no_employee
2026-03-09 16:11:40 SKIP  User=7  Time=2026-03-09 11:25:35  Reason=no_employee
2026-03-09 16:11:40 SKIP  User=588  Time=2026-03-09 11:51:45  Reason=no_employee
2026-03-09 16:11:40 SKIP  User=588  Time=2026-03-09 11:56:32  Reason=no_employee
2026-03-09 16:11:40 SKIP  User=588  Time=2026-03-09 11:59:03  Reason=no_employee
2026-03-09 16:11:40 SKIP  User=7  Time=2026-03-09 12:10:11  Reason=no_employee
2026-03-09 16:11:40 SKIP  User=7  Time=2026-03-09 12:10:14  Reason=no_employee
2026-03-09 16:11:40 SKIP  User=7  Time=2026-03-09 12:29:53  Reason=no_employee
2026-03-09 16:11:40 SKIP  User=7  Time=2026-03-09 13:49:52  Reason=no_employee
2026-03-09 16:11:40 SKIP  User=7  Time=2026-03-09 14:12:09  Reason=no_employee
2026-03-09 16:11:40 SKIP  User=7  Time=2026-03-09 14:37:01  Reason=no_employee
2026-03-09 16:11:41 OK    User=1220  MappedId=1220  Time=2026-03-09 16:08:33  LogType=OUT  DevId=9  Result=duplicate
2026-03-09 16:11:42 SKIP  User=7  Time=2026-03-09 16:12:05  Reason=no_employee
2026-03-09 16:12:47 SKIP  User=588  Time=2026-03-09 10:38:51  Reason=no_employee
2026-03-09 16:12:47 SKIP  User=7  Time=2026-03-09 11:25:35  Reason=no_employee
2026-03-09 16:12:47 SKIP  User=588  Time=2026-03-09 11:51:45  Reason=no_employee
2026-03-09 16:12:47 SKIP  User=588  Time=2026-03-09 11:56:32  Reason=no_employee
2026-03-09 16:12:47 SKIP  User=588  Time=2026-03-09 11:59:03  Reason=no_employee
2026-03-09 16:12:47 SKIP  User=7  Time=2026-03-09 12:10:11  Reason=no_employee
2026-03-09 16:12:47 SKIP  User=7  Time=2026-03-09 12:10:14  Reason=no_employee
2026-03-09 16:12:47 SKIP  User=7  Time=2026-03-09 12:29:53  Reason=no_employee
2026-03-09 16:12:47 SKIP  User=7  Time=2026-03-09 13:49:52  Reason=no_employee
2026-03-09 16:12:47 SKIP  User=7  Time=2026-03-09 14:12:09  Reason=no_employee
2026-03-09 16:12:47 SKIP  User=7  Time=2026-03-09 14:37:01  Reason=no_employee
2026-03-09 16:12:47 SKIP  User=7  Time=2026-03-09 16:12:05  Reason=no_employee
2026-03-09 16:12:47 SKIP  User=7  Time=2026-03-09 16:12:30  Reason=no_employee
2026-03-09 16:12:53 OK    User=1135  MappedId=1135  Time=2026-03-09 16:13:09  LogType=OUT  DevId=9  Result=ok
2026-03-09 16:12:54 OK    User=1135  MappedId=1135  Time=2026-03-09 16:13:10  LogType=OUT  DevId=9  Result=ok
2026-03-09 16:13:59 SKIP  User=588  Time=2026-03-09 10:38:51  Reason=no_employee
2026-03-09 16:13:59 SKIP  User=7  Time=2026-03-09 11:25:35  Reason=no_employee
2026-03-09 16:13:59 SKIP  User=588  Time=2026-03-09 11:51:45  Reason=no_employee
2026-03-09 16:13:59 SKIP  User=588  Time=2026-03-09 11:56:32  Reason=no_employee
2026-03-09 16:13:59 SKIP  User=588  Time=2026-03-09 11:59:03  Reason=no_employee
2026-03-09 16:13:59 SKIP  User=7  Time=2026-03-09 12:10:11  Reason=no_employee
2026-03-09 16:13:59 SKIP  User=7  Time=2026-03-09 12:10:14  Reason=no_employee
2026-03-09 16:13:59 SKIP  User=7  Time=2026-03-09 12:29:53  Reason=no_employee
2026-03-09 16:13:59 SKIP  User=7  Time=2026-03-09 13:49:52  Reason=no_employee
2026-03-09 16:13:59 SKIP  User=7  Time=2026-03-09 14:12:09  Reason=no_employee
2026-03-09 16:13:59 SKIP  User=7  Time=2026-03-09 14:37:01  Reason=no_employee
2026-03-09 16:13:59 SKIP  User=7  Time=2026-03-09 16:12:05  Reason=no_employee
2026-03-09 16:13:59 SKIP  User=7  Time=2026-03-09 16:12:30  Reason=no_employee
2026-03-09 16:15:05 SKIP  User=588  Time=2026-03-09 10:38:51  Reason=no_employee
2026-03-09 16:15:05 SKIP  User=7  Time=2026-03-09 11:25:35  Reason=no_employee
2026-03-09 16:15:05 SKIP  User=588  Time=2026-03-09 11:51:45  Reason=no_employee
2026-03-09 16:15:05 SKIP  User=588  Time=2026-03-09 11:56:32  Reason=no_employee
2026-03-09 16:15:05 SKIP  User=588  Time=2026-03-09 11:59:03  Reason=no_employee
2026-03-09 16:15:05 SKIP  User=7  Time=2026-03-09 12:10:11  Reason=no_employee
2026-03-09 16:15:05 SKIP  User=7  Time=2026-03-09 12:10:14  Reason=no_employee
2026-03-09 16:15:05 SKIP  User=7  Time=2026-03-09 12:29:53  Reason=no_employee
2026-03-09 16:15:05 SKIP  User=7  Time=2026-03-09 13:49:52  Reason=no_employee
2026-03-09 16:15:05 SKIP  User=7  Time=2026-03-09 14:12:09  Reason=no_employee
2026-03-09 16:15:05 SKIP  User=7  Time=2026-03-09 14:37:01  Reason=no_employee
2026-03-09 16:15:05 SKIP  User=7  Time=2026-03-09 16:12:05  Reason=no_employee
2026-03-09 16:15:05 SKIP  User=7  Time=2026-03-09 16:12:30  Reason=no_employee
2026-03-09 16:15:21 OK    User=944  MappedId=944  Time=2026-03-09 16:15:10  LogType=OUT  DevId=9  Result=ok
2026-03-09 16:15:53 FAIL  User=944  MappedId=944  Time=2026-03-09 16:15:11  LogType=OUT  DevId=9  Result=error
2026-03-09 16:16:59 SKIP  User=588  Time=2026-03-09 10:38:51  Reason=no_employee
2026-03-09 16:16:59 SKIP  User=7  Time=2026-03-09 11:25:35  Reason=no_employee
2026-03-09 16:16:59 SKIP  User=588  Time=2026-03-09 11:51:45  Reason=no_employee
2026-03-09 16:16:59 SKIP  User=588  Time=2026-03-09 11:56:32  Reason=no_employee
2026-03-09 16:16:59 SKIP  User=588  Time=2026-03-09 11:59:03  Reason=no_employee
2026-03-09 16:16:59 SKIP  User=7  Time=2026-03-09 12:10:11  Reason=no_employee
2026-03-09 16:16:59 SKIP  User=7  Time=2026-03-09 12:10:14  Reason=no_employee
2026-03-09 16:16:59 SKIP  User=7  Time=2026-03-09 12:29:53  Reason=no_employee
2026-03-09 16:16:59 SKIP  User=7  Time=2026-03-09 13:49:52  Reason=no_employee
2026-03-09 16:16:59 SKIP  User=7  Time=2026-03-09 14:12:09  Reason=no_employee
2026-03-09 16:16:59 SKIP  User=7  Time=2026-03-09 14:37:01  Reason=no_employee
2026-03-09 16:16:59 SKIP  User=7  Time=2026-03-09 16:12:05  Reason=no_employee
2026-03-09 16:16:59 SKIP  User=7  Time=2026-03-09 16:12:30  Reason=no_employee
2026-03-09 16:17:00 OK    User=944  MappedId=944  Time=2026-03-09 16:15:11  LogType=OUT  DevId=9  Result=duplicate
2026-03-09 16:17:17 OK    User=300  MappedId=SS00300  Time=2026-03-09 16:16:55  LogType=OUT  DevId=9  Result=ok
2026-03-09 16:18:23 SKIP  User=588  Time=2026-03-09 10:38:51  Reason=no_employee
2026-03-09 16:18:23 SKIP  User=7  Time=2026-03-09 11:25:35  Reason=no_employee
2026-03-09 16:18:23 SKIP  User=588  Time=2026-03-09 11:51:45  Reason=no_employee
2026-03-09 16:18:23 SKIP  User=588  Time=2026-03-09 11:56:32  Reason=no_employee
2026-03-09 16:18:23 SKIP  User=588  Time=2026-03-09 11:59:03  Reason=no_employee
2026-03-09 16:18:23 SKIP  User=7  Time=2026-03-09 12:10:11  Reason=no_employee
2026-03-09 16:18:23 SKIP  User=7  Time=2026-03-09 12:10:14  Reason=no_employee
2026-03-09 16:18:23 SKIP  User=7  Time=2026-03-09 12:29:53  Reason=no_employee
2026-03-09 16:18:23 SKIP  User=7  Time=2026-03-09 13:49:52  Reason=no_employee
2026-03-09 16:18:23 SKIP  User=7  Time=2026-03-09 14:12:09  Reason=no_employee
2026-03-09 16:18:23 SKIP  User=7  Time=2026-03-09 14:37:01  Reason=no_employee
2026-03-09 16:18:23 SKIP  User=7  Time=2026-03-09 16:12:05  Reason=no_employee
2026-03-09 16:18:23 SKIP  User=7  Time=2026-03-09 16:12:30  Reason=no_employee
2026-03-09 16:18:39 OK    User=822  MappedId=822  Time=2026-03-09 16:18:05  LogType=OUT  DevId=9  Result=ok
2026-03-09 16:18:57 OK    User=822  MappedId=822  Time=2026-03-09 16:18:06  LogType=OUT  DevId=9  Result=ok
2026-03-09 16:20:04 SKIP  User=588  Time=2026-03-09 10:38:51  Reason=no_employee
2026-03-09 16:20:04 SKIP  User=7  Time=2026-03-09 11:25:35  Reason=no_employee
2026-03-09 16:20:04 SKIP  User=588  Time=2026-03-09 11:51:45  Reason=no_employee
2026-03-09 16:20:04 SKIP  User=588  Time=2026-03-09 11:56:32  Reason=no_employee
2026-03-09 16:20:04 SKIP  User=588  Time=2026-03-09 11:59:03  Reason=no_employee
2026-03-09 16:20:04 SKIP  User=7  Time=2026-03-09 12:10:11  Reason=no_employee
2026-03-09 16:20:04 SKIP  User=7  Time=2026-03-09 12:10:14  Reason=no_employee
2026-03-09 16:20:04 SKIP  User=7  Time=2026-03-09 12:29:53  Reason=no_employee
2026-03-09 16:20:04 SKIP  User=7  Time=2026-03-09 13:49:52  Reason=no_employee
2026-03-09 16:20:04 SKIP  User=7  Time=2026-03-09 14:12:09  Reason=no_employee
2026-03-09 16:20:04 SKIP  User=7  Time=2026-03-09 14:37:01  Reason=no_employee
2026-03-09 16:20:04 SKIP  User=7  Time=2026-03-09 16:12:05  Reason=no_employee
2026-03-09 16:20:04 SKIP  User=7  Time=2026-03-09 16:12:30  Reason=no_employee
2026-03-09 16:20:21 OK    User=823  MappedId=823  Time=2026-03-09 16:18:54  LogType=OUT  DevId=9  Result=ok
2026-03-09 16:21:25 SKIP  User=588  Time=2026-03-09 10:38:51  Reason=no_employee
2026-03-09 16:21:25 SKIP  User=7  Time=2026-03-09 11:25:35  Reason=no_employee
2026-03-09 16:21:25 SKIP  User=588  Time=2026-03-09 11:51:45  Reason=no_employee
2026-03-09 16:21:25 SKIP  User=588  Time=2026-03-09 11:56:32  Reason=no_employee
2026-03-09 16:21:25 SKIP  User=588  Time=2026-03-09 11:59:03  Reason=no_employee
2026-03-09 16:21:25 SKIP  User=7  Time=2026-03-09 12:10:11  Reason=no_employee
2026-03-09 16:21:25 SKIP  User=7  Time=2026-03-09 12:10:14  Reason=no_employee
2026-03-09 16:21:25 SKIP  User=7  Time=2026-03-09 12:29:53  Reason=no_employee
2026-03-09 16:21:25 SKIP  User=7  Time=2026-03-09 13:49:52  Reason=no_employee
2026-03-09 16:21:25 SKIP  User=7  Time=2026-03-09 14:12:09  Reason=no_employee
2026-03-09 16:21:25 SKIP  User=7  Time=2026-03-09 14:37:01  Reason=no_employee
2026-03-09 16:21:25 SKIP  User=7  Time=2026-03-09 16:12:05  Reason=no_employee
2026-03-09 16:21:25 SKIP  User=7  Time=2026-03-09 16:12:30  Reason=no_employee
2026-03-09 16:22:29 SKIP  User=588  Time=2026-03-09 10:38:51  Reason=no_employee
2026-03-09 16:22:29 SKIP  User=7  Time=2026-03-09 11:25:35  Reason=no_employee
2026-03-09 16:22:29 SKIP  User=588  Time=2026-03-09 11:51:45  Reason=no_employee
2026-03-09 16:22:29 SKIP  User=588  Time=2026-03-09 11:56:32  Reason=no_employee
2026-03-09 16:22:29 SKIP  User=588  Time=2026-03-09 11:59:03  Reason=no_employee
2026-03-09 16:22:29 SKIP  User=7  Time=2026-03-09 12:10:11  Reason=no_employee
2026-03-09 16:22:29 SKIP  User=7  Time=2026-03-09 12:10:14  Reason=no_employee
2026-03-09 16:22:29 SKIP  User=7  Time=2026-03-09 12:29:53  Reason=no_employee
2026-03-09 16:22:29 SKIP  User=7  Time=2026-03-09 13:49:52  Reason=no_employee
2026-03-09 16:22:29 SKIP  User=7  Time=2026-03-09 14:12:09  Reason=no_employee
2026-03-09 16:22:29 SKIP  User=7  Time=2026-03-09 14:37:01  Reason=no_employee
2026-03-09 16:22:29 SKIP  User=7  Time=2026-03-09 16:12:05  Reason=no_employee
2026-03-09 16:22:29 SKIP  User=7  Time=2026-03-09 16:12:30  Reason=no_employee
2026-03-09 16:23:35 SKIP  User=588  Time=2026-03-09 10:38:51  Reason=no_employee
2026-03-09 16:23:35 SKIP  User=7  Time=2026-03-09 11:25:35  Reason=no_employee
2026-03-09 16:23:35 SKIP  User=588  Time=2026-03-09 11:51:45  Reason=no_employee
2026-03-09 16:23:35 SKIP  User=588  Time=2026-03-09 11:56:32  Reason=no_employee
2026-03-09 16:23:35 SKIP  User=588  Time=2026-03-09 11:59:03  Reason=no_employee
2026-03-09 16:23:35 SKIP  User=7  Time=2026-03-09 12:10:11  Reason=no_employee
2026-03-09 16:23:35 SKIP  User=7  Time=2026-03-09 12:10:14  Reason=no_employee
2026-03-09 16:23:35 SKIP  User=7  Time=2026-03-09 12:29:53  Reason=no_employee
2026-03-09 16:23:35 SKIP  User=7  Time=2026-03-09 13:49:52  Reason=no_employee
2026-03-09 16:23:35 SKIP  User=7  Time=2026-03-09 14:12:09  Reason=no_employee
2026-03-09 16:23:35 SKIP  User=7  Time=2026-03-09 14:37:01  Reason=no_employee
2026-03-09 16:23:35 SKIP  User=7  Time=2026-03-09 16:12:05  Reason=no_employee
2026-03-09 16:23:35 SKIP  User=7  Time=2026-03-09 16:12:30  Reason=no_employee
2026-03-09 16:23:36 OK    User=1207  MappedId=1207  Time=2026-03-09 16:23:29  LogType=OUT  DevId=9  Result=ok
2026-03-09 16:23:38 OK    User=1207  MappedId=1207  Time=2026-03-09 16:23:31  LogType=OUT  DevId=9  Result=ok
2026-03-09 16:24:42 SKIP  User=588  Time=2026-03-09 10:38:51  Reason=no_employee
2026-03-09 16:24:42 SKIP  User=7  Time=2026-03-09 11:25:35  Reason=no_employee
2026-03-09 16:24:42 SKIP  User=588  Time=2026-03-09 11:51:45  Reason=no_employee
2026-03-09 16:24:42 SKIP  User=588  Time=2026-03-09 11:56:32  Reason=no_employee
2026-03-09 16:24:42 SKIP  User=588  Time=2026-03-09 11:59:03  Reason=no_employee
2026-03-09 16:24:42 SKIP  User=7  Time=2026-03-09 12:10:11  Reason=no_employee
2026-03-09 16:24:42 SKIP  User=7  Time=2026-03-09 12:10:14  Reason=no_employee
2026-03-09 16:24:42 SKIP  User=7  Time=2026-03-09 12:29:53  Reason=no_employee
2026-03-09 16:24:42 SKIP  User=7  Time=2026-03-09 13:49:52  Reason=no_employee
2026-03-09 16:24:42 SKIP  User=7  Time=2026-03-09 14:12:09  Reason=no_employee
2026-03-09 16:24:42 SKIP  User=7  Time=2026-03-09 14:37:01  Reason=no_employee
2026-03-09 16:24:42 SKIP  User=7  Time=2026-03-09 16:12:05  Reason=no_employee
2026-03-09 16:24:42 SKIP  User=7  Time=2026-03-09 16:12:30  Reason=no_employee
2026-03-09 16:25:46 SKIP  User=588  Time=2026-03-09 10:38:51  Reason=no_employee
2026-03-09 16:25:46 SKIP  User=7  Time=2026-03-09 11:25:35  Reason=no_employee
2026-03-09 16:25:46 SKIP  User=588  Time=2026-03-09 11:51:45  Reason=no_employee
2026-03-09 16:25:46 SKIP  User=588  Time=2026-03-09 11:56:32  Reason=no_employee
2026-03-09 16:25:46 SKIP  User=588  Time=2026-03-09 11:59:03  Reason=no_employee
2026-03-09 16:25:46 SKIP  User=7  Time=2026-03-09 12:10:11  Reason=no_employee
2026-03-09 16:25:46 SKIP  User=7  Time=2026-03-09 12:10:14  Reason=no_employee
2026-03-09 16:25:46 SKIP  User=7  Time=2026-03-09 12:29:53  Reason=no_employee
2026-03-09 16:25:46 SKIP  User=7  Time=2026-03-09 13:49:52  Reason=no_employee
2026-03-09 16:25:46 SKIP  User=7  Time=2026-03-09 14:12:09  Reason=no_employee
2026-03-09 16:25:46 SKIP  User=7  Time=2026-03-09 14:37:01  Reason=no_employee
2026-03-09 16:25:46 SKIP  User=7  Time=2026-03-09 16:12:05  Reason=no_employee
2026-03-09 16:25:46 SKIP  User=7  Time=2026-03-09 16:12:30  Reason=no_employee
2026-03-09 16:26:04 OK    User=884  MappedId=884  Time=2026-03-09 16:25:26  LogType=OUT  DevId=9  Result=ok
2026-03-09 16:26:21 OK    User=884  MappedId=884  Time=2026-03-09 16:25:27  LogType=OUT  DevId=9  Result=ok
2026-03-09 16:27:27 SKIP  User=588  Time=2026-03-09 10:38:51  Reason=no_employee
2026-03-09 16:27:27 SKIP  User=7  Time=2026-03-09 11:25:35  Reason=no_employee
2026-03-09 16:27:27 SKIP  User=588  Time=2026-03-09 11:51:45  Reason=no_employee
2026-03-09 16:27:27 SKIP  User=588  Time=2026-03-09 11:56:32  Reason=no_employee
2026-03-09 16:27:27 SKIP  User=588  Time=2026-03-09 11:59:03  Reason=no_employee
2026-03-09 16:27:27 SKIP  User=7  Time=2026-03-09 12:10:11  Reason=no_employee
2026-03-09 16:27:27 SKIP  User=7  Time=2026-03-09 12:10:14  Reason=no_employee
2026-03-09 16:27:27 SKIP  User=7  Time=2026-03-09 12:29:53  Reason=no_employee
2026-03-09 16:27:27 SKIP  User=7  Time=2026-03-09 13:49:52  Reason=no_employee
2026-03-09 16:27:27 SKIP  User=7  Time=2026-03-09 14:12:09  Reason=no_employee
2026-03-09 16:27:27 SKIP  User=7  Time=2026-03-09 14:37:01  Reason=no_employee
2026-03-09 16:27:27 SKIP  User=7  Time=2026-03-09 16:12:05  Reason=no_employee
2026-03-09 16:27:27 SKIP  User=7  Time=2026-03-09 16:12:30  Reason=no_employee
2026-03-09 16:27:28 OK    User=1033  MappedId=1033  Time=2026-03-09 16:27:04  LogType=OUT  DevId=9  Result=ok
2026-03-09 16:27:30 OK    User=1033  MappedId=1033  Time=2026-03-09 16:27:05  LogType=OUT  DevId=9  Result=ok
2026-03-09 16:27:48 OK    User=816  MappedId=816  Time=2026-03-09 16:27:30  LogType=OUT  DevId=9  Result=ok
2026-03-09 16:28:05 OK    User=816  MappedId=816  Time=2026-03-09 16:27:31  LogType=OUT  DevId=9  Result=ok
2026-03-09 16:29:10 SKIP  User=588  Time=2026-03-09 10:38:51  Reason=no_employee
2026-03-09 16:29:10 SKIP  User=7  Time=2026-03-09 11:25:35  Reason=no_employee
2026-03-09 16:29:10 SKIP  User=588  Time=2026-03-09 11:51:45  Reason=no_employee
2026-03-09 16:29:10 SKIP  User=588  Time=2026-03-09 11:56:32  Reason=no_employee
2026-03-09 16:29:10 SKIP  User=588  Time=2026-03-09 11:59:03  Reason=no_employee
2026-03-09 16:29:10 SKIP  User=7  Time=2026-03-09 12:10:11  Reason=no_employee
2026-03-09 16:29:10 SKIP  User=7  Time=2026-03-09 12:10:14  Reason=no_employee
2026-03-09 16:29:10 SKIP  User=7  Time=2026-03-09 12:29:53  Reason=no_employee
2026-03-09 16:29:10 SKIP  User=7  Time=2026-03-09 13:49:52  Reason=no_employee
2026-03-09 16:29:10 SKIP  User=7  Time=2026-03-09 14:12:09  Reason=no_employee
2026-03-09 16:29:10 SKIP  User=7  Time=2026-03-09 14:37:01  Reason=no_employee
2026-03-09 16:29:10 SKIP  User=7  Time=2026-03-09 16:12:05  Reason=no_employee
2026-03-09 16:29:10 SKIP  User=7  Time=2026-03-09 16:12:30  Reason=no_employee
2026-03-09 16:29:26 OK    User=836  MappedId=836  Time=2026-03-09 16:29:19  LogType=OUT  DevId=9  Result=ok
2026-03-09 16:29:44 OK    User=836  MappedId=836  Time=2026-03-09 16:29:20  LogType=OUT  DevId=9  Result=ok
2026-03-09 16:30:50 SKIP  User=588  Time=2026-03-09 10:38:51  Reason=no_employee
2026-03-09 16:30:50 SKIP  User=7  Time=2026-03-09 11:25:35  Reason=no_employee
2026-03-09 16:30:50 SKIP  User=588  Time=2026-03-09 11:51:45  Reason=no_employee
2026-03-09 16:30:50 SKIP  User=588  Time=2026-03-09 11:56:32  Reason=no_employee
2026-03-09 16:30:50 SKIP  User=588  Time=2026-03-09 11:59:03  Reason=no_employee
2026-03-09 16:30:50 SKIP  User=7  Time=2026-03-09 12:10:11  Reason=no_employee
2026-03-09 16:30:50 SKIP  User=7  Time=2026-03-09 12:10:14  Reason=no_employee
2026-03-09 16:30:50 SKIP  User=7  Time=2026-03-09 12:29:53  Reason=no_employee
2026-03-09 16:30:50 SKIP  User=7  Time=2026-03-09 13:49:52  Reason=no_employee
2026-03-09 16:30:50 SKIP  User=7  Time=2026-03-09 14:12:09  Reason=no_employee
2026-03-09 16:30:50 SKIP  User=7  Time=2026-03-09 14:37:01  Reason=no_employee
2026-03-09 16:30:50 SKIP  User=7  Time=2026-03-09 16:12:05  Reason=no_employee
2026-03-09 16:30:50 SKIP  User=7  Time=2026-03-09 16:12:30  Reason=no_employee
2026-03-09 16:31:08 OK    User=846  MappedId=846  Time=2026-03-09 16:30:55  LogType=OUT  DevId=9  Result=ok
2026-03-09 16:31:39 FAIL  User=846  MappedId=846  Time=2026-03-09 16:30:56  LogType=OUT  DevId=9  Result=error
2026-03-09 16:32:45 SKIP  User=588  Time=2026-03-09 10:38:51  Reason=no_employee
2026-03-09 16:32:45 SKIP  User=7  Time=2026-03-09 11:25:35  Reason=no_employee
2026-03-09 16:32:45 SKIP  User=588  Time=2026-03-09 11:51:45  Reason=no_employee
2026-03-09 16:32:45 SKIP  User=588  Time=2026-03-09 11:56:32  Reason=no_employee
2026-03-09 16:32:45 SKIP  User=588  Time=2026-03-09 11:59:03  Reason=no_employee
2026-03-09 16:32:45 SKIP  User=7  Time=2026-03-09 12:10:11  Reason=no_employee
2026-03-09 16:32:45 SKIP  User=7  Time=2026-03-09 12:10:14  Reason=no_employee
2026-03-09 16:32:45 SKIP  User=7  Time=2026-03-09 12:29:53  Reason=no_employee
2026-03-09 16:32:45 SKIP  User=7  Time=2026-03-09 13:49:52  Reason=no_employee
2026-03-09 16:32:45 SKIP  User=7  Time=2026-03-09 14:12:09  Reason=no_employee
2026-03-09 16:32:45 SKIP  User=7  Time=2026-03-09 14:37:01  Reason=no_employee
2026-03-09 16:32:45 SKIP  User=7  Time=2026-03-09 16:12:05  Reason=no_employee
2026-03-09 16:32:45 SKIP  User=7  Time=2026-03-09 16:12:30  Reason=no_employee
2026-03-09 16:32:47 OK    User=846  MappedId=846  Time=2026-03-09 16:30:56  LogType=OUT  DevId=9  Result=duplicate
2026-03-09 16:33:05 OK    User=720  MappedId=SS00720  Time=2026-03-09 16:32:09  LogType=OUT  DevId=9  Result=ok
2026-03-09 16:34:12 SKIP  User=588  Time=2026-03-09 10:38:51  Reason=no_employee
2026-03-09 16:34:12 SKIP  User=7  Time=2026-03-09 11:25:35  Reason=no_employee
2026-03-09 16:34:12 SKIP  User=588  Time=2026-03-09 11:51:45  Reason=no_employee
2026-03-09 16:34:12 SKIP  User=588  Time=2026-03-09 11:56:32  Reason=no_employee
2026-03-09 16:34:12 SKIP  User=588  Time=2026-03-09 11:59:03  Reason=no_employee
2026-03-09 16:34:12 SKIP  User=7  Time=2026-03-09 12:10:11  Reason=no_employee
2026-03-09 16:34:12 SKIP  User=7  Time=2026-03-09 12:10:14  Reason=no_employee
2026-03-09 16:34:12 SKIP  User=7  Time=2026-03-09 12:29:53  Reason=no_employee
2026-03-09 16:34:12 SKIP  User=7  Time=2026-03-09 13:49:52  Reason=no_employee
2026-03-09 16:34:12 SKIP  User=7  Time=2026-03-09 14:12:09  Reason=no_employee
2026-03-09 16:34:12 SKIP  User=7  Time=2026-03-09 14:37:01  Reason=no_employee
2026-03-09 16:34:12 SKIP  User=7  Time=2026-03-09 16:12:05  Reason=no_employee
2026-03-09 16:34:12 SKIP  User=7  Time=2026-03-09 16:12:30  Reason=no_employee
2026-03-09 16:34:28 OK    User=907  MappedId=907  Time=2026-03-09 16:33:59  LogType=OUT  DevId=9  Result=ok
2026-03-09 16:34:46 OK    User=907  MappedId=907  Time=2026-03-09 16:34:01  LogType=OUT  DevId=9  Result=ok
2026-03-09 16:35:52 SKIP  User=588  Time=2026-03-09 10:38:51  Reason=no_employee
2026-03-09 16:35:52 SKIP  User=7  Time=2026-03-09 11:25:35  Reason=no_employee
2026-03-09 16:35:52 SKIP  User=588  Time=2026-03-09 11:51:45  Reason=no_employee
2026-03-09 16:35:52 SKIP  User=588  Time=2026-03-09 11:56:32  Reason=no_employee
2026-03-09 16:35:52 SKIP  User=588  Time=2026-03-09 11:59:03  Reason=no_employee
2026-03-09 16:35:52 SKIP  User=7  Time=2026-03-09 12:10:11  Reason=no_employee
2026-03-09 16:35:52 SKIP  User=7  Time=2026-03-09 12:10:14  Reason=no_employee
2026-03-09 16:35:52 SKIP  User=7  Time=2026-03-09 12:29:53  Reason=no_employee
2026-03-09 16:35:52 SKIP  User=7  Time=2026-03-09 13:49:52  Reason=no_employee
2026-03-09 16:35:52 SKIP  User=7  Time=2026-03-09 14:12:09  Reason=no_employee
2026-03-09 16:35:52 SKIP  User=7  Time=2026-03-09 14:37:01  Reason=no_employee
2026-03-09 16:35:52 SKIP  User=7  Time=2026-03-09 16:12:05  Reason=no_employee
2026-03-09 16:35:52 SKIP  User=7  Time=2026-03-09 16:12:30  Reason=no_employee
2026-03-09 16:35:53 OK    User=1192  MappedId=1192  Time=2026-03-09 16:34:52  LogType=OUT  DevId=9  Result=ok
2026-03-09 16:36:11 OK    User=933  MappedId=933  Time=2026-03-09 16:35:39  LogType=OUT  DevId=9  Result=ok
2026-03-09 16:37:17 SKIP  User=588  Time=2026-03-09 10:38:51  Reason=no_employee
2026-03-09 16:37:17 SKIP  User=7  Time=2026-03-09 11:25:35  Reason=no_employee
2026-03-09 16:37:17 SKIP  User=588  Time=2026-03-09 11:51:45  Reason=no_employee
2026-03-09 16:37:17 SKIP  User=588  Time=2026-03-09 11:56:32  Reason=no_employee
2026-03-09 16:37:17 SKIP  User=588  Time=2026-03-09 11:59:03  Reason=no_employee
2026-03-09 16:37:17 SKIP  User=7  Time=2026-03-09 12:10:11  Reason=no_employee
2026-03-09 16:37:17 SKIP  User=7  Time=2026-03-09 12:10:14  Reason=no_employee
2026-03-09 16:37:17 SKIP  User=7  Time=2026-03-09 12:29:53  Reason=no_employee
2026-03-09 16:37:17 SKIP  User=7  Time=2026-03-09 13:49:52  Reason=no_employee
2026-03-09 16:37:17 SKIP  User=7  Time=2026-03-09 14:12:09  Reason=no_employee
2026-03-09 16:37:17 SKIP  User=7  Time=2026-03-09 14:37:01  Reason=no_employee
2026-03-09 16:37:17 SKIP  User=7  Time=2026-03-09 16:12:05  Reason=no_employee
2026-03-09 16:37:17 SKIP  User=7  Time=2026-03-09 16:12:30  Reason=no_employee
2026-03-09 16:37:33 OK    User=964  MappedId=964  Time=2026-03-09 16:36:55  LogType=OUT  DevId=9  Result=ok
2026-03-09 16:37:35 OK    User=1159  MappedId=1159  Time=2026-03-09 16:37:38  LogType=OUT  DevId=9  Result=ok
2026-03-09 16:37:37 OK    User=1159  MappedId=1159  Time=2026-03-09 16:37:39  LogType=OUT  DevId=9  Result=ok
2026-03-09 16:38:43 SKIP  User=588  Time=2026-03-09 10:38:51  Reason=no_employee
2026-03-09 16:38:43 SKIP  User=7  Time=2026-03-09 11:25:35  Reason=no_employee
2026-03-09 16:38:43 SKIP  User=588  Time=2026-03-09 11:51:45  Reason=no_employee
2026-03-09 16:38:43 SKIP  User=588  Time=2026-03-09 11:56:32  Reason=no_employee
2026-03-09 16:38:43 SKIP  User=588  Time=2026-03-09 11:59:03  Reason=no_employee
2026-03-09 16:38:43 SKIP  User=7  Time=2026-03-09 12:10:11  Reason=no_employee
2026-03-09 16:38:43 SKIP  User=7  Time=2026-03-09 12:10:14  Reason=no_employee
2026-03-09 16:38:43 SKIP  User=7  Time=2026-03-09 12:29:53  Reason=no_employee
2026-03-09 16:38:43 SKIP  User=7  Time=2026-03-09 13:49:52  Reason=no_employee
2026-03-09 16:38:43 SKIP  User=7  Time=2026-03-09 14:12:09  Reason=no_employee
2026-03-09 16:38:43 SKIP  User=7  Time=2026-03-09 14:37:01  Reason=no_employee
2026-03-09 16:38:43 SKIP  User=7  Time=2026-03-09 16:12:05  Reason=no_employee
2026-03-09 16:38:43 SKIP  User=7  Time=2026-03-09 16:12:30  Reason=no_employee
2026-03-09 16:38:44 OK    User=1143  MappedId=1143  Time=2026-03-09 16:37:44  LogType=OUT  DevId=9  Result=ok
2026-03-09 16:39:02 OK    User=375  MappedId=SS00375  Time=2026-03-09 16:37:53  LogType=OUT  DevId=9  Result=ok
2026-03-09 16:39:20 OK    User=375  MappedId=SS00375  Time=2026-03-09 16:37:54  LogType=OUT  DevId=9  Result=ok
2026-03-09 16:39:38 OK    User=375  MappedId=SS00375  Time=2026-03-09 16:37:59  LogType=OUT  DevId=9  Result=ok
2026-03-09 16:40:09 FAIL  User=857  MappedId=857  Time=2026-03-09 16:38:55  LogType=OUT  DevId=9  Result=error
2026-03-09 16:40:41 FAIL  User=961  MappedId=961  Time=2026-03-09 16:39:02  LogType=OUT  DevId=9  Result=error
2026-03-09 16:41:12 FAIL  User=961  MappedId=961  Time=2026-03-09 16:39:03  LogType=OUT  DevId=9  Result=error
2026-03-09 16:42:18 SKIP  User=588  Time=2026-03-09 10:38:51  Reason=no_employee
2026-03-09 16:42:18 SKIP  User=7  Time=2026-03-09 11:25:35  Reason=no_employee
2026-03-09 16:42:18 SKIP  User=588  Time=2026-03-09 11:51:45  Reason=no_employee
2026-03-09 16:42:18 SKIP  User=588  Time=2026-03-09 11:56:32  Reason=no_employee
2026-03-09 16:42:18 SKIP  User=588  Time=2026-03-09 11:59:03  Reason=no_employee
2026-03-09 16:42:18 SKIP  User=7  Time=2026-03-09 12:10:11  Reason=no_employee
2026-03-09 16:42:18 SKIP  User=7  Time=2026-03-09 12:10:14  Reason=no_employee
2026-03-09 16:42:18 SKIP  User=7  Time=2026-03-09 12:29:53  Reason=no_employee
2026-03-09 16:42:18 SKIP  User=7  Time=2026-03-09 13:49:52  Reason=no_employee
2026-03-09 16:42:18 SKIP  User=7  Time=2026-03-09 14:12:09  Reason=no_employee
2026-03-09 16:42:18 SKIP  User=7  Time=2026-03-09 14:37:01  Reason=no_employee
2026-03-09 16:42:18 SKIP  User=7  Time=2026-03-09 16:12:05  Reason=no_employee
2026-03-09 16:42:18 SKIP  User=7  Time=2026-03-09 16:12:30  Reason=no_employee
2026-03-09 16:42:19 OK    User=857  MappedId=857  Time=2026-03-09 16:38:55  LogType=OUT  DevId=9  Result=duplicate
2026-03-09 16:42:21 OK    User=961  MappedId=961  Time=2026-03-09 16:39:02  LogType=OUT  DevId=9  Result=duplicate
2026-03-09 16:42:23 OK    User=961  MappedId=961  Time=2026-03-09 16:39:03  LogType=OUT  DevId=9  Result=duplicate
2026-03-09 16:42:41 OK    User=961  MappedId=961  Time=2026-03-09 16:39:08  LogType=OUT  DevId=9  Result=ok
2026-03-09 16:42:58 OK    User=960  MappedId=960  Time=2026-03-09 16:39:22  LogType=OUT  DevId=9  Result=ok
2026-03-09 16:43:14 OK    User=1210  MappedId=1210  Time=2026-03-09 16:39:25  LogType=OUT  DevId=9  Result=ok
2026-03-09 16:43:30 OK    User=1210  MappedId=1210  Time=2026-03-09 16:39:27  LogType=OUT  DevId=9  Result=ok
2026-03-09 16:43:48 OK    User=375  MappedId=SS00375  Time=2026-03-09 16:40:20  LogType=OUT  DevId=9  Result=ok
2026-03-09 16:44:19 FAIL  User=375  MappedId=SS00375  Time=2026-03-09 16:40:21  LogType=OUT  DevId=9  Result=error
2026-03-09 16:44:50 FAIL  User=1185  MappedId=1185  Time=2026-03-09 16:40:30  LogType=OUT  DevId=9  Result=error
2026-03-09 16:45:21 FAIL  User=941  MappedId=941  Time=2026-03-09 16:41:53  LogType=OUT  DevId=9  Result=error
2026-03-09 16:45:53 FAIL  User=941  MappedId=941  Time=2026-03-09 16:41:54  LogType=OUT  DevId=9  Result=error
2026-03-09 16:46:58 SKIP  User=588  Time=2026-03-09 10:38:51  Reason=no_employee
2026-03-09 16:46:58 SKIP  User=7  Time=2026-03-09 11:25:35  Reason=no_employee
2026-03-09 16:46:58 SKIP  User=588  Time=2026-03-09 11:51:45  Reason=no_employee
2026-03-09 16:46:58 SKIP  User=588  Time=2026-03-09 11:56:32  Reason=no_employee
2026-03-09 16:46:58 SKIP  User=588  Time=2026-03-09 11:59:03  Reason=no_employee
2026-03-09 16:46:58 SKIP  User=7  Time=2026-03-09 12:10:11  Reason=no_employee
2026-03-09 16:46:58 SKIP  User=7  Time=2026-03-09 12:10:14  Reason=no_employee
2026-03-09 16:46:58 SKIP  User=7  Time=2026-03-09 12:29:53  Reason=no_employee
2026-03-09 16:46:58 SKIP  User=7  Time=2026-03-09 13:49:52  Reason=no_employee
2026-03-09 16:46:58 SKIP  User=7  Time=2026-03-09 14:12:09  Reason=no_employee
2026-03-09 16:46:58 SKIP  User=7  Time=2026-03-09 14:37:01  Reason=no_employee
2026-03-09 16:46:58 SKIP  User=7  Time=2026-03-09 16:12:05  Reason=no_employee
2026-03-09 16:46:58 SKIP  User=7  Time=2026-03-09 16:12:30  Reason=no_employee
2026-03-09 16:47:04 OK    User=375  MappedId=SS00375  Time=2026-03-09 16:40:21  LogType=OUT  DevId=9  Result=duplicate
2026-03-09 16:47:06 OK    User=1185  MappedId=1185  Time=2026-03-09 16:40:30  LogType=OUT  DevId=9  Result=duplicate
2026-03-09 16:47:08 OK    User=941  MappedId=941  Time=2026-03-09 16:41:53  LogType=OUT  DevId=9  Result=duplicate
2026-03-09 16:47:10 OK    User=941  MappedId=941  Time=2026-03-09 16:41:54  LogType=OUT  DevId=9  Result=duplicate
2026-03-09 16:47:27 OK    User=1065  MappedId=1065  Time=2026-03-09 16:44:04  LogType=OUT  DevId=9  Result=ok
2026-03-09 16:47:45 OK    User=1065  MappedId=1065  Time=2026-03-09 16:45:10  LogType=OUT  DevId=9  Result=ok
2026-03-09 16:47:47 OK    User=1022  MappedId=1022  Time=2026-03-09 16:45:28  LogType=OUT  DevId=9  Result=ok
2026-03-09 16:47:49 OK    User=1022  MappedId=1022  Time=2026-03-09 16:45:29  LogType=OUT  DevId=9  Result=ok
2026-03-09 16:47:51 OK    User=1208  MappedId=1208  Time=2026-03-09 16:45:33  LogType=OUT  DevId=9  Result=ok
2026-03-09 16:47:52 OK    User=1208  MappedId=1208  Time=2026-03-09 16:45:34  LogType=OUT  DevId=9  Result=ok
2026-03-09 16:48:58 SKIP  User=588  Time=2026-03-09 10:38:51  Reason=no_employee
2026-03-09 16:48:58 SKIP  User=7  Time=2026-03-09 11:25:35  Reason=no_employee
2026-03-09 16:48:58 SKIP  User=588  Time=2026-03-09 11:51:45  Reason=no_employee
2026-03-09 16:48:58 SKIP  User=588  Time=2026-03-09 11:56:32  Reason=no_employee
2026-03-09 16:48:58 SKIP  User=588  Time=2026-03-09 11:59:03  Reason=no_employee
2026-03-09 16:48:58 SKIP  User=7  Time=2026-03-09 12:10:11  Reason=no_employee
2026-03-09 16:48:58 SKIP  User=7  Time=2026-03-09 12:10:14  Reason=no_employee
2026-03-09 16:48:58 SKIP  User=7  Time=2026-03-09 12:29:53  Reason=no_employee
2026-03-09 16:48:58 SKIP  User=7  Time=2026-03-09 13:49:52  Reason=no_employee
2026-03-09 16:48:58 SKIP  User=7  Time=2026-03-09 14:12:09  Reason=no_employee
2026-03-09 16:48:58 SKIP  User=7  Time=2026-03-09 14:37:01  Reason=no_employee
2026-03-09 16:48:58 SKIP  User=7  Time=2026-03-09 16:12:05  Reason=no_employee
2026-03-09 16:48:58 SKIP  User=7  Time=2026-03-09 16:12:30  Reason=no_employee
2026-03-09 16:50:02 SKIP  User=588  Time=2026-03-09 10:38:51  Reason=no_employee
2026-03-09 16:50:02 SKIP  User=7  Time=2026-03-09 11:25:35  Reason=no_employee
2026-03-09 16:50:02 SKIP  User=588  Time=2026-03-09 11:51:45  Reason=no_employee
2026-03-09 16:50:02 SKIP  User=588  Time=2026-03-09 11:56:32  Reason=no_employee
2026-03-09 16:50:02 SKIP  User=588  Time=2026-03-09 11:59:03  Reason=no_employee
2026-03-09 16:50:02 SKIP  User=7  Time=2026-03-09 12:10:11  Reason=no_employee
2026-03-09 16:50:02 SKIP  User=7  Time=2026-03-09 12:10:14  Reason=no_employee
2026-03-09 16:50:02 SKIP  User=7  Time=2026-03-09 12:29:53  Reason=no_employee
2026-03-09 16:50:02 SKIP  User=7  Time=2026-03-09 13:49:52  Reason=no_employee
2026-03-09 16:50:02 SKIP  User=7  Time=2026-03-09 14:12:09  Reason=no_employee
2026-03-09 16:50:02 SKIP  User=7  Time=2026-03-09 14:37:01  Reason=no_employee
2026-03-09 16:50:02 SKIP  User=7  Time=2026-03-09 16:12:05  Reason=no_employee
2026-03-09 16:50:02 SKIP  User=7  Time=2026-03-09 16:12:30  Reason=no_employee
2026-03-09 16:50:19 OK    User=922  MappedId=922  Time=2026-03-09 16:49:30  LogType=OUT  DevId=9  Result=ok
2026-03-09 16:51:25 SKIP  User=588  Time=2026-03-09 10:38:51  Reason=no_employee
2026-03-09 16:51:25 SKIP  User=7  Time=2026-03-09 11:25:35  Reason=no_employee
2026-03-09 16:51:25 SKIP  User=588  Time=2026-03-09 11:51:45  Reason=no_employee
2026-03-09 16:51:25 SKIP  User=588  Time=2026-03-09 11:56:32  Reason=no_employee
2026-03-09 16:51:25 SKIP  User=588  Time=2026-03-09 11:59:03  Reason=no_employee
2026-03-09 16:51:25 SKIP  User=7  Time=2026-03-09 12:10:11  Reason=no_employee
2026-03-09 16:51:25 SKIP  User=7  Time=2026-03-09 12:10:14  Reason=no_employee
2026-03-09 16:51:25 SKIP  User=7  Time=2026-03-09 12:29:53  Reason=no_employee
2026-03-09 16:51:25 SKIP  User=7  Time=2026-03-09 13:49:52  Reason=no_employee
2026-03-09 16:51:25 SKIP  User=7  Time=2026-03-09 14:12:09  Reason=no_employee
2026-03-09 16:51:25 SKIP  User=7  Time=2026-03-09 14:37:01  Reason=no_employee
2026-03-09 16:51:25 SKIP  User=7  Time=2026-03-09 16:12:05  Reason=no_employee
2026-03-09 16:51:25 SKIP  User=7  Time=2026-03-09 16:12:30  Reason=no_employee
2026-03-09 16:51:42 OK    User=996  MappedId=996  Time=2026-03-09 16:51:24  LogType=OUT  DevId=9  Result=ok
2026-03-09 16:52:00 OK    User=996  MappedId=996  Time=2026-03-09 16:51:25  LogType=OUT  DevId=9  Result=ok
2026-03-09 16:53:06 SKIP  User=588  Time=2026-03-09 10:38:51  Reason=no_employee
2026-03-09 16:53:06 SKIP  User=7  Time=2026-03-09 11:25:35  Reason=no_employee
2026-03-09 16:53:06 SKIP  User=588  Time=2026-03-09 11:51:45  Reason=no_employee
2026-03-09 16:53:06 SKIP  User=588  Time=2026-03-09 11:56:32  Reason=no_employee
2026-03-09 16:53:06 SKIP  User=588  Time=2026-03-09 11:59:03  Reason=no_employee
2026-03-09 16:53:06 SKIP  User=7  Time=2026-03-09 12:10:11  Reason=no_employee
2026-03-09 16:53:06 SKIP  User=7  Time=2026-03-09 12:10:14  Reason=no_employee
2026-03-09 16:53:06 SKIP  User=7  Time=2026-03-09 12:29:53  Reason=no_employee
2026-03-09 16:53:06 SKIP  User=7  Time=2026-03-09 13:49:52  Reason=no_employee
2026-03-09 16:53:06 SKIP  User=7  Time=2026-03-09 14:12:09  Reason=no_employee
2026-03-09 16:53:06 SKIP  User=7  Time=2026-03-09 14:37:01  Reason=no_employee
2026-03-09 16:53:06 SKIP  User=7  Time=2026-03-09 16:12:05  Reason=no_employee
2026-03-09 16:53:06 SKIP  User=7  Time=2026-03-09 16:12:30  Reason=no_employee
2026-03-09 16:53:22 OK    User=972  MappedId=972  Time=2026-03-09 16:52:38  LogType=OUT  DevId=9  Result=ok
2026-03-09 16:54:30 SKIP  User=588  Time=2026-03-09 10:38:51  Reason=no_employee
2026-03-09 16:54:30 SKIP  User=7  Time=2026-03-09 11:25:35  Reason=no_employee
2026-03-09 16:54:30 SKIP  User=588  Time=2026-03-09 11:51:45  Reason=no_employee
2026-03-09 16:54:30 SKIP  User=588  Time=2026-03-09 11:56:32  Reason=no_employee
2026-03-09 16:54:30 SKIP  User=588  Time=2026-03-09 11:59:03  Reason=no_employee
2026-03-09 16:54:30 SKIP  User=7  Time=2026-03-09 12:10:11  Reason=no_employee
2026-03-09 16:54:30 SKIP  User=7  Time=2026-03-09 12:10:14  Reason=no_employee
2026-03-09 16:54:30 SKIP  User=7  Time=2026-03-09 12:29:53  Reason=no_employee
2026-03-09 16:54:30 SKIP  User=7  Time=2026-03-09 13:49:52  Reason=no_employee
2026-03-09 16:54:30 SKIP  User=7  Time=2026-03-09 14:12:09  Reason=no_employee
2026-03-09 16:54:30 SKIP  User=7  Time=2026-03-09 14:37:01  Reason=no_employee
2026-03-09 16:54:30 SKIP  User=7  Time=2026-03-09 16:12:05  Reason=no_employee
2026-03-09 16:54:30 SKIP  User=7  Time=2026-03-09 16:12:30  Reason=no_employee
2026-03-09 16:55:35 SKIP  User=588  Time=2026-03-09 10:38:51  Reason=no_employee
2026-03-09 16:55:35 SKIP  User=7  Time=2026-03-09 11:25:35  Reason=no_employee
2026-03-09 16:55:35 SKIP  User=588  Time=2026-03-09 11:51:45  Reason=no_employee
2026-03-09 16:55:35 SKIP  User=588  Time=2026-03-09 11:56:32  Reason=no_employee
2026-03-09 16:55:35 SKIP  User=588  Time=2026-03-09 11:59:03  Reason=no_employee
2026-03-09 16:55:35 SKIP  User=7  Time=2026-03-09 12:10:11  Reason=no_employee
2026-03-09 16:55:35 SKIP  User=7  Time=2026-03-09 12:10:14  Reason=no_employee
2026-03-09 16:55:35 SKIP  User=7  Time=2026-03-09 12:29:53  Reason=no_employee
2026-03-09 16:55:35 SKIP  User=7  Time=2026-03-09 13:49:52  Reason=no_employee
2026-03-09 16:55:35 SKIP  User=7  Time=2026-03-09 14:12:09  Reason=no_employee
2026-03-09 16:55:35 SKIP  User=7  Time=2026-03-09 14:37:01  Reason=no_employee
2026-03-09 16:55:35 SKIP  User=7  Time=2026-03-09 16:12:05  Reason=no_employee
2026-03-09 16:55:35 SKIP  User=7  Time=2026-03-09 16:12:30  Reason=no_employee
2026-03-09 16:55:36 OK    User=942  MappedId=942  Time=2026-03-09 16:55:09  LogType=OUT  DevId=9  Result=ok
2026-03-09 16:56:42 SKIP  User=588  Time=2026-03-09 10:38:51  Reason=no_employee
2026-03-09 16:56:42 SKIP  User=7  Time=2026-03-09 11:25:35  Reason=no_employee
2026-03-09 16:56:42 SKIP  User=588  Time=2026-03-09 11:51:45  Reason=no_employee
2026-03-09 16:56:42 SKIP  User=588  Time=2026-03-09 11:56:32  Reason=no_employee
2026-03-09 16:56:42 SKIP  User=588  Time=2026-03-09 11:59:03  Reason=no_employee
2026-03-09 16:56:42 SKIP  User=7  Time=2026-03-09 12:10:11  Reason=no_employee
2026-03-09 16:56:42 SKIP  User=7  Time=2026-03-09 12:10:14  Reason=no_employee
2026-03-09 16:56:42 SKIP  User=7  Time=2026-03-09 12:29:53  Reason=no_employee
2026-03-09 16:56:42 SKIP  User=7  Time=2026-03-09 13:49:52  Reason=no_employee
2026-03-09 16:56:42 SKIP  User=7  Time=2026-03-09 14:12:09  Reason=no_employee
2026-03-09 16:56:42 SKIP  User=7  Time=2026-03-09 14:37:01  Reason=no_employee
2026-03-09 16:56:42 SKIP  User=7  Time=2026-03-09 16:12:05  Reason=no_employee
2026-03-09 16:56:42 SKIP  User=7  Time=2026-03-09 16:12:30  Reason=no_employee
2026-03-09 16:56:58 OK    User=959  MappedId=959  Time=2026-03-09 16:56:24  LogType=OUT  DevId=9  Result=ok
2026-03-09 16:57:16 OK    User=931  MappedId=931  Time=2026-03-09 16:56:36  LogType=OUT  DevId=9  Result=ok
2026-03-09 16:57:18 OK    User=1170  MappedId=1170  Time=2026-03-09 16:56:55  LogType=OUT  DevId=9  Result=ok
2026-03-09 16:57:35 OK    User=1023  MappedId=1023  Time=2026-03-09 16:57:05  LogType=OUT  DevId=9  Result=ok
2026-03-09 16:57:53 OK    User=1023  MappedId=1023  Time=2026-03-09 16:57:07  LogType=OUT  DevId=9  Result=ok
2026-03-09 16:58:59 SKIP  User=588  Time=2026-03-09 10:38:51  Reason=no_employee
2026-03-09 16:58:59 SKIP  User=7  Time=2026-03-09 11:25:35  Reason=no_employee
2026-03-09 16:58:59 SKIP  User=588  Time=2026-03-09 11:51:45  Reason=no_employee
2026-03-09 16:58:59 SKIP  User=588  Time=2026-03-09 11:56:32  Reason=no_employee
2026-03-09 16:58:59 SKIP  User=588  Time=2026-03-09 11:59:03  Reason=no_employee
2026-03-09 16:58:59 SKIP  User=7  Time=2026-03-09 12:10:11  Reason=no_employee
2026-03-09 16:58:59 SKIP  User=7  Time=2026-03-09 12:10:14  Reason=no_employee
2026-03-09 16:58:59 SKIP  User=7  Time=2026-03-09 12:29:53  Reason=no_employee
2026-03-09 16:58:59 SKIP  User=7  Time=2026-03-09 13:49:52  Reason=no_employee
2026-03-09 16:58:59 SKIP  User=7  Time=2026-03-09 14:12:09  Reason=no_employee
2026-03-09 16:58:59 SKIP  User=7  Time=2026-03-09 14:37:01  Reason=no_employee
2026-03-09 16:58:59 SKIP  User=7  Time=2026-03-09 16:12:05  Reason=no_employee
2026-03-09 16:58:59 SKIP  User=7  Time=2026-03-09 16:12:30  Reason=no_employee
2026-03-09 16:59:00 OK    User=1092  MappedId=1092  Time=2026-03-09 16:57:12  LogType=OUT  DevId=9  Result=ok
2026-03-09 16:59:31 FAIL  User=860  MappedId=860  Time=2026-03-09 16:57:59  LogType=OUT  DevId=9  Result=error
2026-03-09 16:59:49 OK    User=860  MappedId=860  Time=2026-03-09 16:58:01  LogType=OUT  DevId=9  Result=ok
2026-03-09 17:00:20 FAIL  User=1199  MappedId=1199  Time=2026-03-09 16:58:09  LogType=OUT  DevId=9  Result=error
2026-03-09 17:00:51 FAIL  User=1059  MappedId=1059  Time=2026-03-09 16:58:36  LogType=OUT  DevId=9  Result=error
2026-03-09 17:01:22 FAIL  User=980  MappedId=980  Time=2026-03-09 16:58:49  LogType=OUT  DevId=9  Result=error
2026-03-09 17:01:41 OK    User=980  MappedId=980  Time=2026-03-09 16:58:50  LogType=OUT  DevId=9  Result=ok
2026-03-09 17:02:47 SKIP  User=588  Time=2026-03-09 10:38:51  Reason=no_employee
2026-03-09 17:02:47 SKIP  User=7  Time=2026-03-09 11:25:35  Reason=no_employee
2026-03-09 17:02:47 SKIP  User=588  Time=2026-03-09 11:51:45  Reason=no_employee
2026-03-09 17:02:47 SKIP  User=588  Time=2026-03-09 11:56:32  Reason=no_employee
2026-03-09 17:02:47 SKIP  User=588  Time=2026-03-09 11:59:03  Reason=no_employee
2026-03-09 17:02:47 SKIP  User=7  Time=2026-03-09 12:10:11  Reason=no_employee
2026-03-09 17:02:47 SKIP  User=7  Time=2026-03-09 12:10:14  Reason=no_employee
2026-03-09 17:02:47 SKIP  User=7  Time=2026-03-09 12:29:53  Reason=no_employee
2026-03-09 17:02:47 SKIP  User=7  Time=2026-03-09 13:49:52  Reason=no_employee
2026-03-09 17:02:47 SKIP  User=7  Time=2026-03-09 14:12:09  Reason=no_employee
2026-03-09 17:02:47 SKIP  User=7  Time=2026-03-09 14:37:01  Reason=no_employee
2026-03-09 17:02:47 SKIP  User=7  Time=2026-03-09 16:12:05  Reason=no_employee
2026-03-09 17:02:47 SKIP  User=7  Time=2026-03-09 16:12:30  Reason=no_employee
2026-03-09 17:02:53 OK    User=860  MappedId=860  Time=2026-03-09 16:57:59  LogType=OUT  DevId=9  Result=duplicate
2026-03-09 17:03:11 OK    User=1199  MappedId=1199  Time=2026-03-09 16:58:09  LogType=OUT  DevId=9  Result=duplicate
2026-03-09 17:03:29 OK    User=1059  MappedId=1059  Time=2026-03-09 16:58:36  LogType=OUT  DevId=9  Result=duplicate
2026-03-09 17:03:31 OK    User=980  MappedId=980  Time=2026-03-09 16:58:49  LogType=OUT  DevId=9  Result=duplicate
2026-03-09 17:03:47 OK    User=1226  MappedId=1226  Time=2026-03-09 17:01:29  LogType=OUT  DevId=9  Result=ok
2026-03-09 17:04:18 FAIL  User=1226  MappedId=1226  Time=2026-03-09 17:01:31  LogType=OUT  DevId=9  Result=error
2026-03-09 17:04:35 OK    User=992  MappedId=992  Time=2026-03-09 17:01:36  LogType=OUT  DevId=9  Result=ok
2026-03-09 17:05:07 FAIL  User=1148  MappedId=1148  Time=2026-03-09 17:02:10  LogType=OUT  DevId=9  Result=error
2026-03-09 17:06:12 SKIP  User=588  Time=2026-03-09 10:38:51  Reason=no_employee
2026-03-09 17:06:12 SKIP  User=7  Time=2026-03-09 11:25:35  Reason=no_employee
2026-03-09 17:06:12 SKIP  User=588  Time=2026-03-09 11:51:45  Reason=no_employee
2026-03-09 17:06:12 SKIP  User=588  Time=2026-03-09 11:56:32  Reason=no_employee
2026-03-09 17:06:12 SKIP  User=588  Time=2026-03-09 11:59:03  Reason=no_employee
2026-03-09 17:06:12 SKIP  User=7  Time=2026-03-09 12:10:11  Reason=no_employee
2026-03-09 17:06:12 SKIP  User=7  Time=2026-03-09 12:10:14  Reason=no_employee
2026-03-09 17:06:12 SKIP  User=7  Time=2026-03-09 12:29:53  Reason=no_employee
2026-03-09 17:06:12 SKIP  User=7  Time=2026-03-09 13:49:52  Reason=no_employee
2026-03-09 17:06:12 SKIP  User=7  Time=2026-03-09 14:12:09  Reason=no_employee
2026-03-09 17:06:12 SKIP  User=7  Time=2026-03-09 14:37:01  Reason=no_employee
2026-03-09 17:06:12 SKIP  User=7  Time=2026-03-09 16:12:05  Reason=no_employee
2026-03-09 17:06:12 SKIP  User=7  Time=2026-03-09 16:12:30  Reason=no_employee
2026-03-09 17:06:40 OK    User=1226  MappedId=1226  Time=2026-03-09 17:01:31  LogType=OUT  DevId=9  Result=duplicate
2026-03-09 17:07:11 FAIL  User=1148  MappedId=1148  Time=2026-03-09 17:02:10  LogType=OUT  DevId=9  Result=error
2026-03-09 17:07:42 FAIL  User=862  MappedId=862  Time=2026-03-09 17:04:04  LogType=OUT  DevId=9  Result=error
2026-03-09 17:07:44 OK    User=1083  MappedId=1083  Time=2026-03-09 17:04:07  LogType=OUT  DevId=9  Result=ok
2026-03-09 17:07:46 OK    User=1083  MappedId=1083  Time=2026-03-09 17:04:11  LogType=OUT  DevId=9  Result=ok
2026-03-09 17:08:03 OK    User=1083  MappedId=1083  Time=2026-03-09 17:04:12  LogType=OUT  DevId=9  Result=ok
2026-03-09 17:08:34 FAIL  User=911  MappedId=911  Time=2026-03-09 17:04:39  LogType=OUT  DevId=9  Result=error
2026-03-09 17:09:06 FAIL  User=911  MappedId=911  Time=2026-03-09 17:04:41  LogType=OUT  DevId=9  Result=error
2026-03-09 17:09:37 FAIL  User=947  MappedId=947  Time=2026-03-09 17:04:54  LogType=OUT  DevId=9  Result=error
2026-03-09 17:10:43 SKIP  User=588  Time=2026-03-09 10:38:51  Reason=no_employee
2026-03-09 17:10:43 SKIP  User=7  Time=2026-03-09 11:25:35  Reason=no_employee
2026-03-09 17:10:43 SKIP  User=588  Time=2026-03-09 11:51:45  Reason=no_employee
2026-03-09 17:10:43 SKIP  User=588  Time=2026-03-09 11:56:32  Reason=no_employee
2026-03-09 17:10:43 SKIP  User=588  Time=2026-03-09 11:59:03  Reason=no_employee
2026-03-09 17:10:43 SKIP  User=7  Time=2026-03-09 12:10:11  Reason=no_employee
2026-03-09 17:10:43 SKIP  User=7  Time=2026-03-09 12:10:14  Reason=no_employee
2026-03-09 17:10:43 SKIP  User=7  Time=2026-03-09 12:29:53  Reason=no_employee
2026-03-09 17:10:43 SKIP  User=7  Time=2026-03-09 13:49:52  Reason=no_employee
2026-03-09 17:10:43 SKIP  User=7  Time=2026-03-09 14:12:09  Reason=no_employee
2026-03-09 17:10:43 SKIP  User=7  Time=2026-03-09 14:37:01  Reason=no_employee
2026-03-09 17:10:43 SKIP  User=7  Time=2026-03-09 16:12:05  Reason=no_employee
2026-03-09 17:10:43 SKIP  User=7  Time=2026-03-09 16:12:30  Reason=no_employee
2026-03-09 17:10:46 OK    User=1148  MappedId=1148  Time=2026-03-09 17:02:10  LogType=OUT  DevId=9  Result=duplicate
2026-03-09 17:11:03 OK    User=862  MappedId=862  Time=2026-03-09 17:04:04  LogType=OUT  DevId=9  Result=duplicate
2026-03-09 17:11:20 OK    User=911  MappedId=911  Time=2026-03-09 17:04:39  LogType=OUT  DevId=9  Result=duplicate
2026-03-09 17:11:37 OK    User=911  MappedId=911  Time=2026-03-09 17:04:41  LogType=OUT  DevId=9  Result=duplicate
2026-03-09 17:11:53 OK    User=947  MappedId=947  Time=2026-03-09 17:04:54  LogType=OUT  DevId=9  Result=duplicate
2026-03-09 17:12:11 OK    User=1001  MappedId=1001  Time=2026-03-09 17:07:11  LogType=OUT  DevId=9  Result=ok
2026-03-09 17:12:42 FAIL  User=1001  MappedId=1001  Time=2026-03-09 17:07:13  LogType=OUT  DevId=9  Result=error
2026-03-09 17:13:14 FAIL  User=958  MappedId=958  Time=2026-03-09 17:10:17  LogType=OUT  DevId=9  Result=error
2026-03-09 17:13:45 FAIL  User=1166  MappedId=1166  Time=2026-03-09 17:10:21  LogType=OUT  DevId=9  Result=error
2026-03-09 17:14:16 FAIL  User=1166  MappedId=1166  Time=2026-03-09 17:10:26  LogType=OUT  DevId=9  Result=error
2026-03-09 17:14:18 OK    User=1166  MappedId=1166  Time=2026-03-09 17:10:27  LogType=OUT  DevId=9  Result=ok
2026-03-09 17:15:23 SKIP  User=588  Time=2026-03-09 10:38:51  Reason=no_employee
2026-03-09 17:15:23 SKIP  User=7  Time=2026-03-09 11:25:35  Reason=no_employee
2026-03-09 17:15:23 SKIP  User=588  Time=2026-03-09 11:51:45  Reason=no_employee
2026-03-09 17:15:23 SKIP  User=588  Time=2026-03-09 11:56:32  Reason=no_employee
2026-03-09 17:15:23 SKIP  User=588  Time=2026-03-09 11:59:03  Reason=no_employee
2026-03-09 17:15:23 SKIP  User=7  Time=2026-03-09 12:10:11  Reason=no_employee
2026-03-09 17:15:23 SKIP  User=7  Time=2026-03-09 12:10:14  Reason=no_employee
2026-03-09 17:15:23 SKIP  User=7  Time=2026-03-09 12:29:53  Reason=no_employee
2026-03-09 17:15:23 SKIP  User=7  Time=2026-03-09 13:49:52  Reason=no_employee
2026-03-09 17:15:23 SKIP  User=7  Time=2026-03-09 14:12:09  Reason=no_employee
2026-03-09 17:15:23 SKIP  User=7  Time=2026-03-09 14:37:01  Reason=no_employee
2026-03-09 17:15:23 SKIP  User=7  Time=2026-03-09 16:12:05  Reason=no_employee
2026-03-09 17:15:23 SKIP  User=7  Time=2026-03-09 16:12:30  Reason=no_employee
2026-03-09 17:15:31 OK    User=1001  MappedId=1001  Time=2026-03-09 17:07:13  LogType=OUT  DevId=9  Result=duplicate
2026-03-09 17:15:47 OK    User=958  MappedId=958  Time=2026-03-09 17:10:17  LogType=OUT  DevId=9  Result=duplicate
2026-03-09 17:16:18 FAIL  User=1166  MappedId=1166  Time=2026-03-09 17:10:21  LogType=OUT  DevId=9  Result=error
2026-03-09 17:16:36 OK    User=1166  MappedId=1166  Time=2026-03-09 17:10:26  LogType=OUT  DevId=9  Result=duplicate
2026-03-09 17:17:07 FAIL  User=1220  MappedId=1220  Time=2026-03-09 17:11:53  LogType=OUT  DevId=9  Result=error
2026-03-09 17:17:23 OK    User=1153  MappedId=1153  Time=2026-03-09 17:11:59  LogType=OUT  DevId=9  Result=ok
2026-03-09 17:17:25 OK    User=888  MappedId=888  Time=2026-03-09 17:12:52  LogType=OUT  DevId=9  Result=ok
2026-03-09 17:17:43 OK    User=826  MappedId=826  Time=2026-03-09 17:13:17  LogType=OUT  DevId=9  Result=ok
2026-03-09 17:17:44 OK    User=1092  MappedId=1092  Time=2026-03-09 17:13:34  LogType=OUT  DevId=9  Result=ok
2026-03-09 17:18:16 FAIL  User=954  MappedId=954  Time=2026-03-09 17:13:42  LogType=OUT  DevId=9  Result=error
2026-03-09 17:18:33 OK    User=954  MappedId=954  Time=2026-03-09 17:13:43  LogType=OUT  DevId=9  Result=ok
2026-03-09 17:19:04 FAIL  User=629  MappedId=629  Time=2026-03-09 17:13:49  LogType=OUT  DevId=9  Result=error
2026-03-09 17:19:23 OK    User=241  MappedId=SS00241  Time=2026-03-09 17:14:35  LogType=OUT  DevId=9  Result=ok
2026-03-09 17:19:25 OK    User=1226  MappedId=1226  Time=2026-03-09 17:14:56  LogType=OUT  DevId=9  Result=ok
2026-03-09 17:19:26 OK    User=1226  MappedId=1226  Time=2026-03-09 17:14:58  LogType=OUT  DevId=9  Result=ok
2026-03-09 17:20:33 SKIP  User=588  Time=2026-03-09 10:38:51  Reason=no_employee
2026-03-09 17:20:33 SKIP  User=7  Time=2026-03-09 11:25:35  Reason=no_employee
2026-03-09 17:20:33 SKIP  User=588  Time=2026-03-09 11:51:45  Reason=no_employee
2026-03-09 17:20:33 SKIP  User=588  Time=2026-03-09 11:56:32  Reason=no_employee
2026-03-09 17:20:33 SKIP  User=588  Time=2026-03-09 11:59:03  Reason=no_employee
2026-03-09 17:20:33 SKIP  User=7  Time=2026-03-09 12:10:11  Reason=no_employee
2026-03-09 17:20:33 SKIP  User=7  Time=2026-03-09 12:10:14  Reason=no_employee
2026-03-09 17:20:33 SKIP  User=7  Time=2026-03-09 12:29:53  Reason=no_employee
2026-03-09 17:20:33 SKIP  User=7  Time=2026-03-09 13:49:52  Reason=no_employee
2026-03-09 17:20:33 SKIP  User=7  Time=2026-03-09 14:12:09  Reason=no_employee
2026-03-09 17:20:33 SKIP  User=7  Time=2026-03-09 14:37:01  Reason=no_employee
2026-03-09 17:20:33 SKIP  User=7  Time=2026-03-09 16:12:05  Reason=no_employee
2026-03-09 17:20:33 SKIP  User=7  Time=2026-03-09 16:12:30  Reason=no_employee
2026-03-09 17:20:35 OK    User=1166  MappedId=1166  Time=2026-03-09 17:10:21  LogType=OUT  DevId=9  Result=duplicate
2026-03-09 17:20:53 OK    User=1220  MappedId=1220  Time=2026-03-09 17:11:53  LogType=OUT  DevId=9  Result=duplicate
2026-03-09 17:20:54 OK    User=954  MappedId=954  Time=2026-03-09 17:13:42  LogType=OUT  DevId=9  Result=duplicate
2026-03-09 17:21:11 OK    User=629  MappedId=629  Time=2026-03-09 17:13:49  LogType=OUT  DevId=9  Result=duplicate
2026-03-09 17:21:28 OK    User=1144  MappedId=1144  Time=2026-03-09 17:17:48  LogType=OUT  DevId=9  Result=ok
2026-03-09 17:21:46 OK    User=24  MappedId=SS0024  Time=2026-03-09 17:18:20  LogType=OUT  DevId=9  Result=ok
2026-03-09 17:22:03 OK    User=24  MappedId=SS0024  Time=2026-03-09 17:18:21  LogType=OUT  DevId=9  Result=ok
2026-03-09 17:22:35 FAIL  User=21  MappedId=SS0021  Time=2026-03-09 17:18:25  LogType=OUT  DevId=9  Result=error
2026-03-09 17:23:06 FAIL  User=826  MappedId=826  Time=2026-03-09 17:18:52  LogType=OUT  DevId=9  Result=error
2026-03-09 17:23:24 OK    User=1117  MappedId=1117  Time=2026-03-09 17:19:40  LogType=OUT  DevId=9  Result=ok
2026-03-09 17:23:26 OK    User=1117  MappedId=1117  Time=2026-03-09 17:19:42  LogType=OUT  DevId=9  Result=ok
2026-03-09 17:23:44 OK    User=976  MappedId=976  Time=2026-03-09 17:19:53  LogType=OUT  DevId=9  Result=ok
2026-03-09 17:24:15 FAIL  User=861  MappedId=861  Time=2026-03-09 17:19:56  LogType=OUT  DevId=9  Result=error
2026-03-09 17:24:33 OK    User=861  MappedId=861  Time=2026-03-09 17:20:03  LogType=OUT  DevId=9  Result=ok
2026-03-09 17:24:50 OK    User=823  MappedId=823  Time=2026-03-09 17:20:08  LogType=OUT  DevId=9  Result=ok
2026-03-09 17:25:08 OK    User=823  MappedId=823  Time=2026-03-09 17:20:09  LogType=OUT  DevId=9  Result=ok
2026-03-09 17:25:25 OK    User=836  MappedId=836  Time=2026-03-09 17:20:13  LogType=OUT  DevId=9  Result=ok
2026-03-09 17:25:43 OK    User=836  MappedId=836  Time=2026-03-09 17:20:14  LogType=OUT  DevId=9  Result=ok
2026-03-09 17:26:01 OK    User=933  MappedId=933  Time=2026-03-09 17:20:22  LogType=OUT  DevId=9  Result=ok
2026-03-09 17:26:32 FAIL  User=933  MappedId=933  Time=2026-03-09 17:20:26  LogType=OUT  DevId=9  Result=error
2026-03-09 17:26:50 OK    User=933  MappedId=933  Time=2026-03-09 17:20:29  LogType=OUT  DevId=9  Result=ok
2026-03-09 17:27:07 OK    User=933  MappedId=933  Time=2026-03-09 17:20:39  LogType=OUT  DevId=9  Result=ok
2026-03-09 17:27:39 FAIL  User=1067  MappedId=1067  Time=2026-03-09 17:20:47  LogType=OUT  DevId=9  Result=error
2026-03-09 17:28:45 SKIP  User=588  Time=2026-03-09 10:38:51  Reason=no_employee
2026-03-09 17:28:45 SKIP  User=7  Time=2026-03-09 11:25:35  Reason=no_employee
2026-03-09 17:28:45 SKIP  User=588  Time=2026-03-09 11:51:45  Reason=no_employee
2026-03-09 17:28:45 SKIP  User=588  Time=2026-03-09 11:56:32  Reason=no_employee
2026-03-09 17:28:45 SKIP  User=588  Time=2026-03-09 11:59:03  Reason=no_employee
2026-03-09 17:28:45 SKIP  User=7  Time=2026-03-09 12:10:11  Reason=no_employee
2026-03-09 17:28:45 SKIP  User=7  Time=2026-03-09 12:10:14  Reason=no_employee
2026-03-09 17:28:45 SKIP  User=7  Time=2026-03-09 12:29:53  Reason=no_employee
2026-03-09 17:28:45 SKIP  User=7  Time=2026-03-09 13:49:52  Reason=no_employee
2026-03-09 17:28:45 SKIP  User=7  Time=2026-03-09 14:12:09  Reason=no_employee
2026-03-09 17:28:45 SKIP  User=7  Time=2026-03-09 14:37:01  Reason=no_employee
2026-03-09 17:28:45 SKIP  User=7  Time=2026-03-09 16:12:05  Reason=no_employee
2026-03-09 17:28:45 SKIP  User=7  Time=2026-03-09 16:12:30  Reason=no_employee
2026-03-09 17:29:12 OK    User=21  MappedId=SS0021  Time=2026-03-09 17:18:25  LogType=OUT  DevId=9  Result=duplicate
2026-03-09 17:29:14 OK    User=826  MappedId=826  Time=2026-03-09 17:18:52  LogType=OUT  DevId=9  Result=duplicate
2026-03-09 17:29:16 OK    User=861  MappedId=861  Time=2026-03-09 17:19:56  LogType=OUT  DevId=9  Result=duplicate
2026-03-09 17:29:17 OK    User=933  MappedId=933  Time=2026-03-09 17:20:26  LogType=OUT  DevId=9  Result=duplicate
2026-03-09 17:29:33 OK    User=1067  MappedId=1067  Time=2026-03-09 17:20:47  LogType=OUT  DevId=9  Result=duplicate
2026-03-09 17:29:51 OK    User=983  MappedId=983  Time=2026-03-09 17:21:02  LogType=OUT  DevId=9  Result=ok
2026-03-09 17:30:09 OK    User=1067  MappedId=1067  Time=2026-03-09 17:21:11  LogType=OUT  DevId=9  Result=ok
2026-03-09 17:30:11 OK    User=1190  MappedId=1190  Time=2026-03-09 17:21:22  LogType=OUT  DevId=9  Result=ok
2026-03-09 17:30:28 OK    User=191  MappedId=SS00191  Time=2026-03-09 17:21:26  LogType=OUT  DevId=9  Result=ok
2026-03-09 17:30:46 OK    User=375  MappedId=SS00375  Time=2026-03-09 17:21:29  LogType=OUT  DevId=9  Result=ok
2026-03-09 17:31:17 FAIL  User=375  MappedId=SS00375  Time=2026-03-09 17:21:31  LogType=OUT  DevId=9  Result=error
2026-03-09 17:31:48 FAIL  User=375  MappedId=SS00375  Time=2026-03-09 17:21:33  LogType=OUT  DevId=9  Result=error
2026-03-09 17:32:19 FAIL  User=721  MappedId=SS00721  Time=2026-03-09 17:24:14  LogType=OUT  DevId=9  Result=error
2026-03-09 17:32:51 FAIL  User=721  MappedId=SS00721  Time=2026-03-09 17:24:15  LogType=OUT  DevId=9  Result=error
2026-03-09 17:33:08 OK    User=1223  MappedId=1223  Time=2026-03-09 17:24:37  LogType=OUT  DevId=9  Result=ok
2026-03-09 17:33:25 OK    User=1223  MappedId=1223  Time=2026-03-09 17:24:39  LogType=OUT  DevId=9  Result=ok
2026-03-09 17:33:56 FAIL  User=822  MappedId=822  Time=2026-03-09 17:25:25  LogType=OUT  DevId=9  Result=error
2026-03-09 17:34:27 FAIL  User=822  MappedId=822  Time=2026-03-09 17:25:27  LogType=OUT  DevId=9  Result=error
2026-03-09 17:34:58 FAIL  User=943  MappedId=943  Time=2026-03-09 17:26:27  LogType=OUT  DevId=9  Result=error
2026-03-09 17:35:30 FAIL  User=1077  MappedId=1077  Time=2026-03-09 17:27:28  LogType=OUT  DevId=9  Result=error
2026-03-09 17:36:36 SKIP  User=588  Time=2026-03-09 10:38:51  Reason=no_employee
2026-03-09 17:36:36 SKIP  User=7  Time=2026-03-09 11:25:35  Reason=no_employee
2026-03-09 17:36:36 SKIP  User=588  Time=2026-03-09 11:51:45  Reason=no_employee
2026-03-09 17:36:36 SKIP  User=588  Time=2026-03-09 11:56:32  Reason=no_employee
2026-03-09 17:36:36 SKIP  User=588  Time=2026-03-09 11:59:03  Reason=no_employee
2026-03-09 17:36:36 SKIP  User=7  Time=2026-03-09 12:10:11  Reason=no_employee
2026-03-09 17:36:36 SKIP  User=7  Time=2026-03-09 12:10:14  Reason=no_employee
2026-03-09 17:36:36 SKIP  User=7  Time=2026-03-09 12:29:53  Reason=no_employee
2026-03-09 17:36:36 SKIP  User=7  Time=2026-03-09 13:49:52  Reason=no_employee
2026-03-09 17:36:36 SKIP  User=7  Time=2026-03-09 14:12:09  Reason=no_employee
2026-03-09 17:36:36 SKIP  User=7  Time=2026-03-09 14:37:01  Reason=no_employee
2026-03-09 17:36:36 SKIP  User=7  Time=2026-03-09 16:12:05  Reason=no_employee
2026-03-09 17:36:36 SKIP  User=7  Time=2026-03-09 16:12:30  Reason=no_employee
2026-03-09 17:36:37 OK    User=375  MappedId=SS00375  Time=2026-03-09 17:21:31  LogType=OUT  DevId=9  Result=duplicate
2026-03-09 17:36:39 OK    User=375  MappedId=SS00375  Time=2026-03-09 17:21:33  LogType=OUT  DevId=9  Result=duplicate
2026-03-09 17:36:55 OK    User=721  MappedId=SS00721  Time=2026-03-09 17:24:14  LogType=OUT  DevId=9  Result=duplicate
2026-03-09 17:36:56 OK    User=721  MappedId=SS00721  Time=2026-03-09 17:24:15  LogType=OUT  DevId=9  Result=duplicate
2026-03-09 17:37:12 OK    User=822  MappedId=822  Time=2026-03-09 17:25:25  LogType=OUT  DevId=9  Result=duplicate
2026-03-09 17:37:28 OK    User=822  MappedId=822  Time=2026-03-09 17:25:27  LogType=OUT  DevId=9  Result=duplicate
2026-03-09 17:37:30 OK    User=943  MappedId=943  Time=2026-03-09 17:26:27  LogType=OUT  DevId=9  Result=duplicate
2026-03-09 17:37:32 OK    User=1077  MappedId=1077  Time=2026-03-09 17:27:28  LogType=OUT  DevId=9  Result=duplicate
2026-03-09 17:37:49 OK    User=837  MappedId=837  Time=2026-03-09 17:29:36  LogType=OUT  DevId=9  Result=ok
2026-03-09 17:38:07 OK    User=837  MappedId=837  Time=2026-03-09 17:29:37  LogType=OUT  DevId=9  Result=ok
2026-03-09 17:38:24 OK    User=825  MappedId=825  Time=2026-03-09 17:30:55  LogType=OUT  DevId=9  Result=ok
2026-03-09 17:38:56 FAIL  User=1100  MappedId=1100  Time=2026-03-09 17:30:59  LogType=OUT  DevId=9  Result=error
2026-03-09 17:39:27 FAIL  User=1100  MappedId=1100  Time=2026-03-09 17:31:00  LogType=OUT  DevId=9  Result=error
2026-03-09 17:39:29 OK    User=1135  MappedId=1135  Time=2026-03-09 17:31:12  LogType=OUT  DevId=9  Result=ok
2026-03-09 17:39:31 OK    User=1135  MappedId=1135  Time=2026-03-09 17:31:14  LogType=OUT  DevId=9  Result=ok
2026-03-09 17:39:32 OK    User=1139  MappedId=1139  Time=2026-03-09 17:31:18  LogType=OUT  DevId=9  Result=ok
2026-03-09 17:39:34 OK    User=1196  MappedId=1196  Time=2026-03-09 17:31:26  LogType=OUT  DevId=9  Result=ok
2026-03-09 17:39:52 OK    User=490  MappedId=SS00490  Time=2026-03-09 17:31:30  LogType=OUT  DevId=9  Result=ok
2026-03-09 17:40:23 FAIL  User=490  MappedId=SS00490  Time=2026-03-09 17:31:31  LogType=OUT  DevId=9  Result=error
2026-03-09 17:40:54 FAIL  User=964  MappedId=964  Time=2026-03-09 17:33:02  LogType=OUT  DevId=9  Result=error
2026-03-09 17:41:13 OK    User=879  MappedId=879  Time=2026-03-09 17:35:26  LogType=OUT  DevId=9  Result=ok
2026-03-09 17:41:44 FAIL  User=879  MappedId=879  Time=2026-03-09 17:35:27  LogType=OUT  DevId=9  Result=error
2026-03-09 17:42:02 OK    User=879  MappedId=879  Time=2026-03-09 17:35:41  LogType=OUT  DevId=9  Result=ok
2026-03-09 17:42:19 OK    User=879  MappedId=879  Time=2026-03-09 17:35:43  LogType=OUT  DevId=9  Result=ok
2026-03-09 17:42:51 FAIL  User=1057  MappedId=1057  Time=2026-03-09 17:36:13  LogType=OUT  DevId=9  Result=error
2026-03-09 17:43:22 FAIL  User=1057  MappedId=1057  Time=2026-03-09 17:36:14  LogType=OUT  DevId=9  Result=error
2026-03-09 17:43:24 OK    User=1226  MappedId=1226  Time=2026-03-09 17:36:34  LogType=OUT  DevId=9  Result=ok
2026-03-09 17:43:26 OK    User=1226  MappedId=1226  Time=2026-03-09 17:36:36  LogType=OUT  DevId=9  Result=ok
2026-03-09 17:44:32 SKIP  User=588  Time=2026-03-09 10:38:51  Reason=no_employee
2026-03-09 17:44:32 SKIP  User=7  Time=2026-03-09 11:25:35  Reason=no_employee
2026-03-09 17:44:32 SKIP  User=588  Time=2026-03-09 11:51:45  Reason=no_employee
2026-03-09 17:44:32 SKIP  User=588  Time=2026-03-09 11:56:32  Reason=no_employee
2026-03-09 17:44:32 SKIP  User=588  Time=2026-03-09 11:59:03  Reason=no_employee
2026-03-09 17:44:32 SKIP  User=7  Time=2026-03-09 12:10:11  Reason=no_employee
2026-03-09 17:44:32 SKIP  User=7  Time=2026-03-09 12:10:14  Reason=no_employee
2026-03-09 17:44:32 SKIP  User=7  Time=2026-03-09 12:29:53  Reason=no_employee
2026-03-09 17:44:32 SKIP  User=7  Time=2026-03-09 13:49:52  Reason=no_employee
2026-03-09 17:44:32 SKIP  User=7  Time=2026-03-09 14:12:09  Reason=no_employee
2026-03-09 17:44:32 SKIP  User=7  Time=2026-03-09 14:37:01  Reason=no_employee
2026-03-09 17:44:32 SKIP  User=7  Time=2026-03-09 16:12:05  Reason=no_employee
2026-03-09 17:44:32 SKIP  User=7  Time=2026-03-09 16:12:30  Reason=no_employee
2026-03-09 17:44:32 OK    User=1100  MappedId=1100  Time=2026-03-09 17:30:59  LogType=OUT  DevId=9  Result=duplicate
2026-03-09 17:44:34 OK    User=1100  MappedId=1100  Time=2026-03-09 17:31:00  LogType=OUT  DevId=9  Result=duplicate
2026-03-09 17:44:36 OK    User=490  MappedId=SS00490  Time=2026-03-09 17:31:31  LogType=OUT  DevId=9  Result=duplicate
2026-03-09 17:44:53 OK    User=964  MappedId=964  Time=2026-03-09 17:33:02  LogType=OUT  DevId=9  Result=duplicate
2026-03-09 17:45:10 OK    User=879  MappedId=879  Time=2026-03-09 17:35:27  LogType=OUT  DevId=9  Result=duplicate
2026-03-09 17:45:12 OK    User=1057  MappedId=1057  Time=2026-03-09 17:36:13  LogType=OUT  DevId=9  Result=duplicate
2026-03-09 17:45:28 OK    User=1057  MappedId=1057  Time=2026-03-09 17:36:14  LogType=OUT  DevId=9  Result=duplicate
2026-03-09 17:45:45 OK    User=1093  MappedId=1093  Time=2026-03-09 17:38:08  LogType=OUT  DevId=9  Result=ok
2026-03-09 17:46:17 FAIL  User=1147  MappedId=1147  Time=2026-03-09 17:38:31  LogType=OUT  DevId=9  Result=error
2026-03-09 17:46:34 OK    User=1177  MappedId=1177  Time=2026-03-09 17:38:37  LogType=OUT  DevId=9  Result=ok
2026-03-09 17:46:52 OK    User=1177  MappedId=1177  Time=2026-03-09 17:38:38  LogType=OUT  DevId=9  Result=ok
2026-03-09 17:47:23 FAIL  User=980  MappedId=980  Time=2026-03-09 17:38:40  LogType=OUT  DevId=9  Result=error
2026-03-09 17:47:41 OK    User=1177  MappedId=1177  Time=2026-03-09 17:38:42  LogType=OUT  DevId=9  Result=ok
2026-03-09 17:48:12 FAIL  User=980  MappedId=980  Time=2026-03-09 17:38:44  LogType=OUT  DevId=9  Result=error
2026-03-09 17:48:43 FAIL  User=980  MappedId=980  Time=2026-03-09 17:38:45  LogType=OUT  DevId=9  Result=error
2026-03-09 17:49:01 OK    User=996  MappedId=996  Time=2026-03-09 17:38:48  LogType=OUT  DevId=9  Result=ok
2026-03-09 17:49:19 OK    User=996  MappedId=996  Time=2026-03-09 17:38:49  LogType=OUT  DevId=9  Result=ok
2026-03-09 17:49:36 OK    User=490  MappedId=SS00490  Time=2026-03-09 17:38:54  LogType=OUT  DevId=9  Result=ok
2026-03-09 17:49:54 OK    User=490  MappedId=SS00490  Time=2026-03-09 17:38:55  LogType=OUT  DevId=9  Result=ok
2026-03-09 17:50:11 OK    User=484  MappedId=SS00484  Time=2026-03-09 17:38:58  LogType=OUT  DevId=9  Result=ok
2026-03-09 17:50:43 FAIL  User=887  MappedId=887  Time=2026-03-09 17:39:33  LogType=OUT  DevId=9  Result=error
2026-03-09 17:51:01 OK    User=887  MappedId=887  Time=2026-03-09 17:39:35  LogType=OUT  DevId=9  Result=ok
2026-03-09 17:51:32 FAIL  User=880  MappedId=880  Time=2026-03-09 17:39:36  LogType=OUT  DevId=9  Result=error
2026-03-09 17:51:49 OK    User=880  MappedId=880  Time=2026-03-09 17:39:39  LogType=OUT  DevId=9  Result=ok
2026-03-09 17:52:07 OK    User=835  MappedId=835  Time=2026-03-09 17:41:11  LogType=OUT  DevId=9  Result=ok
2026-03-09 17:52:23 OK    User=1210  MappedId=1210  Time=2026-03-09 17:42:21  LogType=OUT  DevId=9  Result=ok
2026-03-09 17:52:54 FAIL  User=943  MappedId=943  Time=2026-03-09 17:42:53  LogType=OUT  DevId=9  Result=error
2026-03-09 17:53:12 OK    User=914  MappedId=914  Time=2026-03-09 17:42:58  LogType=OUT  DevId=9  Result=ok
2026-03-09 17:53:43 FAIL  User=914  MappedId=914  Time=2026-03-09 17:43:00  LogType=OUT  DevId=9  Result=error
2026-03-09 17:54:14 FAIL  User=914  MappedId=914  Time=2026-03-09 17:43:01  LogType=OUT  DevId=9  Result=error
2026-03-09 17:54:45 FAIL  User=914  MappedId=914  Time=2026-03-09 17:43:02  LogType=OUT  DevId=9  Result=error
2026-03-09 17:55:04 OK    User=1214  MappedId=1214  Time=2026-03-09 17:43:08  LogType=OUT  DevId=9  Result=ok
2026-03-09 17:55:35 FAIL  User=937  MappedId=937  Time=2026-03-09 17:43:40  LogType=OUT  DevId=9  Result=error
2026-03-09 17:55:37 OK    User=1147  MappedId=1147  Time=2026-03-09 17:44:10  LogType=OUT  DevId=9  Result=ok
2026-03-09 17:56:09 FAIL  User=1147  MappedId=1147  Time=2026-03-09 17:44:11  LogType=OUT  DevId=9  Result=error
2026-03-09 17:56:26 OK    User=1070  MappedId=1070  Time=2026-03-09 17:44:15  LogType=OUT  DevId=9  Result=ok
2026-03-09 17:56:58 FAIL  User=SS00588  MappedId=SS00588  Time=2026-03-09 17:44:34  LogType=OUT  DevId=9  Result=error
2026-03-09 17:57:29 FAIL  User=SS00588  MappedId=SS00588  Time=2026-03-09 17:44:44  LogType=OUT  DevId=9  Result=error
2026-03-09 17:58:00 FAIL  User=796  MappedId=796  Time=2026-03-09 17:44:48  LogType=OUT  DevId=9  Result=error
2026-03-09 17:59:06 SKIP  User=588  Time=2026-03-09 10:38:51  Reason=no_employee
2026-03-09 17:59:06 SKIP  User=7  Time=2026-03-09 11:25:35  Reason=no_employee
2026-03-09 17:59:06 SKIP  User=588  Time=2026-03-09 11:51:45  Reason=no_employee
2026-03-09 17:59:06 SKIP  User=588  Time=2026-03-09 11:56:32  Reason=no_employee
2026-03-09 17:59:06 SKIP  User=588  Time=2026-03-09 11:59:03  Reason=no_employee
2026-03-09 17:59:06 SKIP  User=7  Time=2026-03-09 12:10:11  Reason=no_employee
2026-03-09 17:59:06 SKIP  User=7  Time=2026-03-09 12:10:14  Reason=no_employee
2026-03-09 17:59:06 SKIP  User=7  Time=2026-03-09 12:29:53  Reason=no_employee
2026-03-09 17:59:06 SKIP  User=7  Time=2026-03-09 13:49:52  Reason=no_employee
2026-03-09 17:59:06 SKIP  User=7  Time=2026-03-09 14:12:09  Reason=no_employee
2026-03-09 17:59:06 SKIP  User=7  Time=2026-03-09 14:37:01  Reason=no_employee
2026-03-09 17:59:06 SKIP  User=7  Time=2026-03-09 16:12:05  Reason=no_employee
2026-03-09 17:59:06 SKIP  User=7  Time=2026-03-09 16:12:30  Reason=no_employee
2026-03-09 17:59:20 OK    User=1147  MappedId=1147  Time=2026-03-09 17:38:31  LogType=OUT  DevId=9  Result=duplicate
2026-03-09 17:59:36 OK    User=980  MappedId=980  Time=2026-03-09 17:38:40  LogType=OUT  DevId=9  Result=duplicate
2026-03-09 17:59:53 OK    User=980  MappedId=980  Time=2026-03-09 17:38:44  LogType=OUT  DevId=9  Result=duplicate
2026-03-09 17:59:55 OK    User=980  MappedId=980  Time=2026-03-09 17:38:45  LogType=OUT  DevId=9  Result=duplicate
2026-03-09 17:59:57 OK    User=887  MappedId=887  Time=2026-03-09 17:39:33  LogType=OUT  DevId=9  Result=duplicate
2026-03-09 17:59:59 OK    User=880  MappedId=880  Time=2026-03-09 17:39:36  LogType=OUT  DevId=9  Result=duplicate
2026-03-09 18:00:01 OK    User=943  MappedId=943  Time=2026-03-09 17:42:53  LogType=OUT  DevId=9  Result=duplicate
2026-03-09 18:00:02 OK    User=914  MappedId=914  Time=2026-03-09 17:43:00  LogType=OUT  DevId=9  Result=duplicate
2026-03-09 18:00:04 OK    User=914  MappedId=914  Time=2026-03-09 17:43:01  LogType=OUT  DevId=9  Result=duplicate
2026-03-09 18:00:06 OK    User=914  MappedId=914  Time=2026-03-09 17:43:02  LogType=OUT  DevId=9  Result=duplicate
2026-03-09 18:00:08 OK    User=937  MappedId=937  Time=2026-03-09 17:43:40  LogType=OUT  DevId=9  Result=duplicate
2026-03-09 18:00:10 OK    User=1147  MappedId=1147  Time=2026-03-09 17:44:11  LogType=OUT  DevId=9  Result=duplicate
2026-03-09 18:00:11 OK    User=SS00588  MappedId=SS00588  Time=2026-03-09 17:44:34  LogType=OUT  DevId=9  Result=duplicate
2026-03-09 18:00:13 OK    User=SS00588  MappedId=SS00588  Time=2026-03-09 17:44:44  LogType=OUT  DevId=9  Result=duplicate
2026-03-09 18:00:15 OK    User=796  MappedId=796  Time=2026-03-09 17:44:48  LogType=OUT  DevId=9  Result=duplicate
2026-03-09 18:00:17 OK    User=1185  MappedId=1185  Time=2026-03-09 17:45:17  LogType=OUT  DevId=9  Result=ok
2026-03-09 18:00:48 FAIL  User=860  MappedId=860  Time=2026-03-09 17:47:22  LogType=OUT  DevId=9  Result=error
2026-03-09 18:01:06 OK    User=959  MappedId=959  Time=2026-03-09 17:47:43  LogType=OUT  DevId=9  Result=ok
2026-03-09 18:01:08 OK    User=1159  MappedId=1159  Time=2026-03-09 17:47:52  LogType=OUT  DevId=9  Result=ok
2026-03-09 18:01:26 OK    User=816  MappedId=816  Time=2026-03-09 17:48:08  LogType=OUT  DevId=9  Result=ok
2026-03-09 18:01:43 OK    User=816  MappedId=816  Time=2026-03-09 17:48:10  LogType=OUT  DevId=9  Result=ok
2026-03-09 18:02:01 OK    User=960  MappedId=960  Time=2026-03-09 17:48:14  LogType=OUT  DevId=9  Result=ok
2026-03-09 18:02:19 OK    User=1069  MappedId=1069  Time=2026-03-09 17:48:49  LogType=OUT  DevId=9  Result=ok
2026-03-09 18:02:36 OK    User=1069  MappedId=1069  Time=2026-03-09 17:48:51  LogType=OUT  DevId=9  Result=ok
2026-03-09 18:02:54 OK    User=1182  MappedId=1182  Time=2026-03-09 17:51:20  LogType=OUT  DevId=9  Result=ok
2026-03-09 18:03:25 FAIL  User=1023  MappedId=1023  Time=2026-03-09 17:53:20  LogType=OUT  DevId=9  Result=error
2026-03-09 18:03:56 FAIL  User=1023  MappedId=1023  Time=2026-03-09 17:53:21  LogType=OUT  DevId=9  Result=error
2026-03-09 18:04:28 FAIL  User=961  MappedId=961  Time=2026-03-09 17:53:24  LogType=OUT  DevId=9  Result=error
2026-03-09 18:04:59 FAIL  User=963  MappedId=963  Time=2026-03-09 17:53:25  LogType=OUT  DevId=9  Result=error
2026-03-09 18:05:30 FAIL  User=961  MappedId=961  Time=2026-03-09 17:53:34  LogType=OUT  DevId=9  Result=error
2026-03-09 18:06:02 FAIL  User=983  MappedId=983  Time=2026-03-09 17:54:45  LogType=OUT  DevId=9  Result=error
2026-03-09 18:06:33 FAIL  User=1114  MappedId=1114  Time=2026-03-09 17:55:18  LogType=OUT  DevId=9  Result=error
2026-03-09 18:06:53 OK    User=1176  MappedId=1176  Time=2026-03-09 17:55:22  LogType=OUT  DevId=9  Result=ok
2026-03-09 18:07:24 FAIL  User=1116  MappedId=1116  Time=2026-03-09 17:55:26  LogType=OUT  DevId=9  Result=error
2026-03-09 18:07:56 FAIL  User=984  MappedId=984  Time=2026-03-09 17:55:33  LogType=OUT  DevId=9  Result=error
2026-03-09 18:08:27 FAIL  User=1057  MappedId=1057  Time=2026-03-09 17:55:37  LogType=OUT  DevId=9  Result=error
2026-03-09 18:08:58 FAIL  User=1116  MappedId=1116  Time=2026-03-09 17:55:40  LogType=OUT  DevId=9  Result=error
2026-03-09 18:09:30 FAIL  User=1116  MappedId=1116  Time=2026-03-09 17:55:41  LogType=OUT  DevId=9  Result=error
2026-03-09 18:10:01 FAIL  User=1033  MappedId=1033  Time=2026-03-09 17:55:46  LogType=OUT  DevId=9  Result=error
2026-03-09 18:10:03 OK    User=1192  MappedId=1192  Time=2026-03-09 17:56:27  LogType=OUT  DevId=9  Result=ok
2026-03-09 18:10:19 OK    User=1160  MappedId=1160  Time=2026-03-09 17:56:29  LogType=OUT  DevId=9  Result=ok
2026-03-09 18:10:35 OK    User=1160  MappedId=1160  Time=2026-03-09 17:56:32  LogType=OUT  DevId=9  Result=ok
2026-03-09 18:10:52 OK    User=1160  MappedId=1160  Time=2026-03-09 17:56:38  LogType=OUT  DevId=9  Result=ok
2026-03-09 18:11:08 OK    User=1161  MappedId=1161  Time=2026-03-09 17:56:43  LogType=OUT  DevId=9  Result=ok
2026-03-09 18:11:24 OK    User=1181  MappedId=1181  Time=2026-03-09 17:56:46  LogType=OUT  DevId=9  Result=ok
2026-03-09 18:11:56 FAIL  User=1181  MappedId=1181  Time=2026-03-09 17:56:48  LogType=OUT  DevId=9  Result=error
2026-03-09 18:12:13 OK    User=1217  MappedId=1217  Time=2026-03-09 17:58:14  LogType=OUT  DevId=9  Result=ok
2026-03-09 18:12:15 OK    User=1193  MappedId=1193  Time=2026-03-09 17:58:35  LogType=OUT  DevId=9  Result=ok
2026-03-09 18:12:46 FAIL  User=1003  MappedId=1003  Time=2026-03-09 17:58:58  LogType=OUT  DevId=9  Result=error
2026-03-09 18:13:17 FAIL  User=1003  MappedId=1003  Time=2026-03-09 17:58:59  LogType=OUT  DevId=9  Result=error
2026-03-09 18:14:24 SKIP  User=588  Time=2026-03-09 10:38:51  Reason=no_employee
2026-03-09 18:14:24 SKIP  User=7  Time=2026-03-09 11:25:35  Reason=no_employee
2026-03-09 18:14:24 SKIP  User=588  Time=2026-03-09 11:51:45  Reason=no_employee
2026-03-09 18:14:24 SKIP  User=588  Time=2026-03-09 11:56:32  Reason=no_employee
2026-03-09 18:14:24 SKIP  User=588  Time=2026-03-09 11:59:03  Reason=no_employee
2026-03-09 18:14:24 SKIP  User=7  Time=2026-03-09 12:10:11  Reason=no_employee
2026-03-09 18:14:24 SKIP  User=7  Time=2026-03-09 12:10:14  Reason=no_employee
2026-03-09 18:14:24 SKIP  User=7  Time=2026-03-09 12:29:53  Reason=no_employee
2026-03-09 18:14:24 SKIP  User=7  Time=2026-03-09 13:49:52  Reason=no_employee
2026-03-09 18:14:24 SKIP  User=7  Time=2026-03-09 14:12:09  Reason=no_employee
2026-03-09 18:14:24 SKIP  User=7  Time=2026-03-09 14:37:01  Reason=no_employee
2026-03-09 18:14:24 SKIP  User=7  Time=2026-03-09 16:12:05  Reason=no_employee
2026-03-09 18:14:24 SKIP  User=7  Time=2026-03-09 16:12:30  Reason=no_employee
2026-03-09 18:14:25 OK    User=860  MappedId=860  Time=2026-03-09 17:47:22  LogType=OUT  DevId=9  Result=duplicate
2026-03-09 18:14:27 OK    User=1023  MappedId=1023  Time=2026-03-09 17:53:20  LogType=OUT  DevId=9  Result=duplicate
2026-03-09 18:14:29 OK    User=1023  MappedId=1023  Time=2026-03-09 17:53:21  LogType=OUT  DevId=9  Result=duplicate
2026-03-09 18:14:30 OK    User=961  MappedId=961  Time=2026-03-09 17:53:24  LogType=OUT  DevId=9  Result=duplicate
2026-03-09 18:14:32 OK    User=963  MappedId=963  Time=2026-03-09 17:53:25  LogType=OUT  DevId=9  Result=duplicate
2026-03-09 18:14:34 OK    User=961  MappedId=961  Time=2026-03-09 17:53:34  LogType=OUT  DevId=9  Result=duplicate
2026-03-09 18:14:36 OK    User=983  MappedId=983  Time=2026-03-09 17:54:45  LogType=OUT  DevId=9  Result=duplicate
2026-03-09 18:14:53 OK    User=1114  MappedId=1114  Time=2026-03-09 17:55:18  LogType=OUT  DevId=9  Result=duplicate
2026-03-09 18:15:10 OK    User=1116  MappedId=1116  Time=2026-03-09 17:55:26  LogType=OUT  DevId=9  Result=duplicate
2026-03-09 18:15:12 OK    User=984  MappedId=984  Time=2026-03-09 17:55:33  LogType=OUT  DevId=9  Result=duplicate
2026-03-09 18:15:14 OK    User=1057  MappedId=1057  Time=2026-03-09 17:55:37  LogType=OUT  DevId=9  Result=duplicate
2026-03-09 18:15:16 OK    User=1116  MappedId=1116  Time=2026-03-09 17:55:40  LogType=OUT  DevId=9  Result=duplicate
2026-03-09 18:15:18 OK    User=1116  MappedId=1116  Time=2026-03-09 17:55:41  LogType=OUT  DevId=9  Result=duplicate
2026-03-09 18:15:20 OK    User=1033  MappedId=1033  Time=2026-03-09 17:55:46  LogType=OUT  DevId=9  Result=duplicate
2026-03-09 18:15:37 OK    User=1181  MappedId=1181  Time=2026-03-09 17:56:48  LogType=OUT  DevId=9  Result=duplicate
2026-03-09 18:16:08 FAIL  User=1003  MappedId=1003  Time=2026-03-09 17:58:58  LogType=OUT  DevId=9  Result=error
2026-03-09 18:16:25 OK    User=1003  MappedId=1003  Time=2026-03-09 17:58:59  LogType=OUT  DevId=9  Result=duplicate
2026-03-09 18:16:57 FAIL  User=1058  MappedId=1058  Time=2026-03-09 17:59:32  LogType=OUT  DevId=9  Result=error
2026-03-09 18:17:28 FAIL  User=747  MappedId=747  Time=2026-03-09 18:02:59  LogType=OUT  DevId=9  Result=error
2026-03-09 18:17:59 FAIL  User=965  MappedId=965  Time=2026-03-09 18:03:53  LogType=OUT  DevId=9  Result=error
2026-03-09 18:18:30 FAIL  User=1203  MappedId=1203  Time=2026-03-09 18:03:58  LogType=OUT  DevId=9  Result=error
2026-03-09 18:18:47 OK    User=1162  MappedId=1162  Time=2026-03-09 18:05:20  LogType=OUT  DevId=9  Result=ok
2026-03-09 18:19:19 FAIL  User=846  MappedId=846  Time=2026-03-09 18:05:50  LogType=OUT  DevId=9  Result=error
2026-03-09 18:19:36 OK    User=846  MappedId=846  Time=2026-03-09 18:05:52  LogType=OUT  DevId=9  Result=ok
2026-03-09 18:19:38 OK    User=1170  MappedId=1170  Time=2026-03-09 18:07:02  LogType=OUT  DevId=9  Result=ok
2026-03-09 18:19:40 OK    User=1170  MappedId=1170  Time=2026-03-09 18:07:03  LogType=OUT  DevId=9  Result=ok
2026-03-09 18:19:56 OK    User=1207  MappedId=1207  Time=2026-03-09 18:07:14  LogType=OUT  DevId=9  Result=ok
2026-03-09 18:20:27 FAIL  User=966  MappedId=966  Time=2026-03-09 18:07:22  LogType=OUT  DevId=9  Result=error
2026-03-09 18:20:58 FAIL  User=924  MappedId=924  Time=2026-03-09 18:07:35  LogType=OUT  DevId=9  Result=error
2026-03-09 18:21:30 FAIL  User=1225  MappedId=1225  Time=2026-03-09 18:07:39  LogType=OUT  DevId=9  Result=error
2026-03-09 18:22:01 FAIL  User=1225  MappedId=1225  Time=2026-03-09 18:07:46  LogType=OUT  DevId=9  Result=error
2026-03-09 18:22:32 FAIL  User=1041  MappedId=1041  Time=2026-03-09 18:08:20  LogType=OUT  DevId=9  Result=error
2026-03-09 18:23:03 FAIL  User=931  MappedId=931  Time=2026-03-09 18:09:48  LogType=OUT  DevId=9  Result=error
2026-03-09 18:23:35 FAIL  User=931  MappedId=931  Time=2026-03-09 18:09:53  LogType=OUT  DevId=9  Result=error
2026-03-09 18:24:06 FAIL  User=884  MappedId=884  Time=2026-03-09 18:10:35  LogType=OUT  DevId=9  Result=error
2026-03-09 18:24:37 FAIL  User=884  MappedId=884  Time=2026-03-09 18:10:37  LogType=OUT  DevId=9  Result=error
2026-03-09 18:24:57 OK    User=1144  MappedId=1144  Time=2026-03-09 18:10:59  LogType=OUT  DevId=9  Result=ok
2026-03-09 18:25:28 FAIL  User=1078  MappedId=1078  Time=2026-03-09 18:12:46  LogType=OUT  DevId=9  Result=error
2026-03-09 18:25:30 OK    User=1068  MappedId=1068  Time=2026-03-09 18:12:51  LogType=OUT  DevId=9  Result=ok
2026-03-09 18:25:32 OK    User=1210  MappedId=1210  Time=2026-03-09 18:13:04  LogType=OUT  DevId=9  Result=ok
2026-03-09 18:25:49 OK    User=1210  MappedId=1210  Time=2026-03-09 18:13:05  LogType=OUT  DevId=9  Result=ok
2026-03-09 18:26:20 FAIL  User=928  MappedId=928  Time=2026-03-09 18:14:47  LogType=OUT  DevId=9  Result=error
2026-03-09 18:26:51 FAIL  User=928  MappedId=928  Time=2026-03-09 18:14:48  LogType=OUT  DevId=9  Result=error
2026-03-09 18:27:57 SKIP  User=588  Time=2026-03-09 10:38:51  Reason=no_employee
2026-03-09 18:27:57 SKIP  User=7  Time=2026-03-09 11:25:35  Reason=no_employee
2026-03-09 18:27:57 SKIP  User=588  Time=2026-03-09 11:51:45  Reason=no_employee
2026-03-09 18:27:57 SKIP  User=588  Time=2026-03-09 11:56:32  Reason=no_employee
2026-03-09 18:27:57 SKIP  User=588  Time=2026-03-09 11:59:03  Reason=no_employee
2026-03-09 18:27:57 SKIP  User=7  Time=2026-03-09 12:10:11  Reason=no_employee
2026-03-09 18:27:57 SKIP  User=7  Time=2026-03-09 12:10:14  Reason=no_employee
2026-03-09 18:27:57 SKIP  User=7  Time=2026-03-09 12:29:53  Reason=no_employee
2026-03-09 18:27:57 SKIP  User=7  Time=2026-03-09 13:49:52  Reason=no_employee
2026-03-09 18:27:57 SKIP  User=7  Time=2026-03-09 14:12:09  Reason=no_employee
2026-03-09 18:27:57 SKIP  User=7  Time=2026-03-09 14:37:01  Reason=no_employee
2026-03-09 18:27:57 SKIP  User=7  Time=2026-03-09 16:12:05  Reason=no_employee
2026-03-09 18:27:57 SKIP  User=7  Time=2026-03-09 16:12:30  Reason=no_employee
2026-03-09 18:28:01 OK    User=1003  MappedId=1003  Time=2026-03-09 17:58:58  LogType=OUT  DevId=9  Result=duplicate
2026-03-09 18:28:03 OK    User=1058  MappedId=1058  Time=2026-03-09 17:59:32  LogType=OUT  DevId=9  Result=duplicate
2026-03-09 18:28:04 OK    User=747  MappedId=747  Time=2026-03-09 18:02:59  LogType=OUT  DevId=9  Result=duplicate
2026-03-09 18:28:06 OK    User=965  MappedId=965  Time=2026-03-09 18:03:53  LogType=OUT  DevId=9  Result=duplicate
2026-03-09 18:28:08 OK    User=1203  MappedId=1203  Time=2026-03-09 18:03:58  LogType=OUT  DevId=9  Result=duplicate
2026-03-09 18:28:10 OK    User=846  MappedId=846  Time=2026-03-09 18:05:50  LogType=OUT  DevId=9  Result=duplicate
2026-03-09 18:28:12 OK    User=966  MappedId=966  Time=2026-03-09 18:07:22  LogType=OUT  DevId=9  Result=duplicate
2026-03-09 18:28:13 OK    User=924  MappedId=924  Time=2026-03-09 18:07:35  LogType=OUT  DevId=9  Result=duplicate
2026-03-09 18:28:15 OK    User=1225  MappedId=1225  Time=2026-03-09 18:07:39  LogType=OUT  DevId=9  Result=duplicate
2026-03-09 18:28:17 OK    User=1225  MappedId=1225  Time=2026-03-09 18:07:46  LogType=OUT  DevId=9  Result=duplicate
2026-03-09 18:28:19 OK    User=1041  MappedId=1041  Time=2026-03-09 18:08:20  LogType=OUT  DevId=9  Result=duplicate
2026-03-09 18:28:21 OK    User=931  MappedId=931  Time=2026-03-09 18:09:48  LogType=OUT  DevId=9  Result=duplicate
2026-03-09 18:28:22 OK    User=931  MappedId=931  Time=2026-03-09 18:09:53  LogType=OUT  DevId=9  Result=duplicate
2026-03-09 18:28:24 OK    User=884  MappedId=884  Time=2026-03-09 18:10:35  LogType=OUT  DevId=9  Result=duplicate
2026-03-09 18:28:26 OK    User=884  MappedId=884  Time=2026-03-09 18:10:37  LogType=OUT  DevId=9  Result=duplicate
2026-03-09 18:28:28 OK    User=1078  MappedId=1078  Time=2026-03-09 18:12:46  LogType=OUT  DevId=9  Result=duplicate
2026-03-09 18:28:45 OK    User=928  MappedId=928  Time=2026-03-09 18:14:47  LogType=OUT  DevId=9  Result=duplicate
2026-03-09 18:28:47 OK    User=928  MappedId=928  Time=2026-03-09 18:14:48  LogType=OUT  DevId=9  Result=duplicate
2026-03-09 18:29:18 FAIL  User=968  MappedId=968  Time=2026-03-09 18:16:11  LogType=OUT  DevId=9  Result=error
2026-03-09 18:29:35 OK    User=1213  MappedId=1213  Time=2026-03-09 18:18:46  LogType=OUT  DevId=9  Result=ok
2026-03-09 18:29:52 OK    User=1213  MappedId=1213  Time=2026-03-09 18:18:48  LogType=OUT  DevId=9  Result=ok
2026-03-09 18:30:23 FAIL  User=1018  MappedId=1018  Time=2026-03-09 18:18:50  LogType=OUT  DevId=9  Result=error
2026-03-09 18:30:55 FAIL  User=1018  MappedId=1018  Time=2026-03-09 18:18:52  LogType=OUT  DevId=9  Result=error
2026-03-09 18:31:13 OK    User=1189  MappedId=1189  Time=2026-03-09 18:21:03  LogType=OUT  DevId=9  Result=ok
2026-03-09 18:31:45 FAIL  User=941  MappedId=941  Time=2026-03-09 18:22:23  LogType=OUT  DevId=9  Result=error
2026-03-09 18:32:16 FAIL  User=941  MappedId=941  Time=2026-03-09 18:22:24  LogType=OUT  DevId=9  Result=error
2026-03-09 18:32:32 OK    User=1212  MappedId=1212  Time=2026-03-09 18:24:27  LogType=OUT  DevId=9  Result=ok
2026-03-09 18:32:50 OK    User=1212  MappedId=1212  Time=2026-03-09 18:24:33  LogType=OUT  DevId=9  Result=ok
2026-03-09 18:33:21 FAIL  User=1001  MappedId=1001  Time=2026-03-09 18:24:58  LogType=OUT  DevId=9  Result=error
2026-03-09 18:33:39 OK    User=1145  MappedId=1145  Time=2026-03-09 18:25:03  LogType=OUT  DevId=9  Result=ok
2026-03-09 18:34:10 FAIL  User=1141  MappedId=1141  Time=2026-03-09 18:25:12  LogType=OUT  DevId=9  Result=error
2026-03-09 18:34:28 OK    User=1221  MappedId=1221  Time=2026-03-09 18:26:56  LogType=OUT  DevId=9  Result=ok
2026-03-09 18:35:34 SKIP  User=588  Time=2026-03-09 10:38:51  Reason=no_employee
2026-03-09 18:35:34 SKIP  User=7  Time=2026-03-09 11:25:35  Reason=no_employee
2026-03-09 18:35:34 SKIP  User=588  Time=2026-03-09 11:51:45  Reason=no_employee
2026-03-09 18:35:34 SKIP  User=588  Time=2026-03-09 11:56:32  Reason=no_employee
2026-03-09 18:35:34 SKIP  User=588  Time=2026-03-09 11:59:03  Reason=no_employee
2026-03-09 18:35:34 SKIP  User=7  Time=2026-03-09 12:10:11  Reason=no_employee
2026-03-09 18:35:34 SKIP  User=7  Time=2026-03-09 12:10:14  Reason=no_employee
2026-03-09 18:35:34 SKIP  User=7  Time=2026-03-09 12:29:53  Reason=no_employee
2026-03-09 18:35:34 SKIP  User=7  Time=2026-03-09 13:49:52  Reason=no_employee
2026-03-09 18:35:34 SKIP  User=7  Time=2026-03-09 14:12:09  Reason=no_employee
2026-03-09 18:35:34 SKIP  User=7  Time=2026-03-09 14:37:01  Reason=no_employee
2026-03-09 18:35:34 SKIP  User=7  Time=2026-03-09 16:12:05  Reason=no_employee
2026-03-09 18:35:34 SKIP  User=7  Time=2026-03-09 16:12:30  Reason=no_employee
2026-03-09 18:35:41 OK    User=968  MappedId=968  Time=2026-03-09 18:16:11  LogType=OUT  DevId=9  Result=duplicate
2026-03-09 18:36:13 FAIL  User=1018  MappedId=1018  Time=2026-03-09 18:18:50  LogType=OUT  DevId=9  Result=error
2026-03-09 18:36:30 OK    User=1018  MappedId=1018  Time=2026-03-09 18:18:52  LogType=OUT  DevId=9  Result=duplicate
2026-03-09 18:36:32 OK    User=941  MappedId=941  Time=2026-03-09 18:22:23  LogType=OUT  DevId=9  Result=duplicate
2026-03-09 18:36:48 OK    User=941  MappedId=941  Time=2026-03-09 18:22:24  LogType=OUT  DevId=9  Result=duplicate
2026-03-09 18:36:50 OK    User=1001  MappedId=1001  Time=2026-03-09 18:24:58  LogType=OUT  DevId=9  Result=duplicate
2026-03-09 18:37:05 OK    User=1141  MappedId=1141  Time=2026-03-09 18:25:12  LogType=OUT  DevId=9  Result=duplicate
2026-03-09 18:37:23 OK    User=911  MappedId=911  Time=2026-03-09 18:29:39  LogType=OUT  DevId=9  Result=ok
2026-03-09 18:37:39 OK    User=1226  MappedId=1226  Time=2026-03-09 18:31:19  LogType=OUT  DevId=9  Result=ok
2026-03-09 18:37:41 OK    User=1226  MappedId=1226  Time=2026-03-09 18:31:20  LogType=OUT  DevId=9  Result=ok
2026-03-09 18:37:43 OK    User=1202  MappedId=1202  Time=2026-03-09 18:32:40  LogType=OUT  DevId=9  Result=ok
2026-03-09 18:37:44 OK    User=1087  MappedId=1087  Time=2026-03-09 18:33:41  LogType=OUT  DevId=9  Result=ok
2026-03-09 18:38:02 OK    User=857  MappedId=857  Time=2026-03-09 18:33:59  LogType=OUT  DevId=9  Result=ok
2026-03-09 18:38:33 FAIL  User=857  MappedId=857  Time=2026-03-09 18:34:01  LogType=OUT  DevId=9  Result=error
2026-03-09 18:38:49 OK    User=1215  MappedId=1215  Time=2026-03-09 18:34:41  LogType=OUT  DevId=9  Result=ok
2026-03-09 18:39:05 OK    User=1215  MappedId=1215  Time=2026-03-09 18:34:42  LogType=OUT  DevId=9  Result=ok
2026-03-09 18:39:23 OK    User=1215  MappedId=1215  Time=2026-03-09 18:34:58  LogType=OUT  DevId=9  Result=ok
2026-03-09 18:39:25 OK    User=1169  MappedId=1169  Time=2026-03-09 18:35:03  LogType=OUT  DevId=9  Result=ok
2026-03-09 18:39:41 OK    User=1169  MappedId=1169  Time=2026-03-09 18:35:04  LogType=OUT  DevId=9  Result=ok
2026-03-09 18:40:12 FAIL  User=879  MappedId=879  Time=2026-03-09 18:35:20  LogType=OUT  DevId=9  Result=error
2026-03-09 18:40:14 OK    User=1093  MappedId=1093  Time=2026-03-09 18:35:24  LogType=OUT  DevId=9  Result=ok
2026-03-09 18:40:16 OK    User=1093  MappedId=1093  Time=2026-03-09 18:35:25  LogType=OUT  DevId=9  Result=ok
2026-03-09 18:40:33 OK    User=1093  MappedId=1093  Time=2026-03-09 18:35:28  LogType=OUT  DevId=9  Result=ok
2026-03-09 18:41:04 FAIL  User=SS00588  MappedId=SS00588  Time=2026-03-09 18:35:33  LogType=OUT  DevId=9  Result=error
2026-03-09 18:41:24 OK    User=835  MappedId=835  Time=2026-03-09 18:35:38  LogType=OUT  DevId=9  Result=ok
2026-03-09 18:41:41 OK    User=944  MappedId=944  Time=2026-03-09 18:35:42  LogType=OUT  DevId=9  Result=ok
2026-03-09 18:41:59 OK    User=795  MappedId=795  Time=2026-03-09 18:35:48  LogType=OUT  DevId=9  Result=ok
2026-03-09 18:42:17 OK    User=795  MappedId=795  Time=2026-03-09 18:35:50  LogType=OUT  DevId=9  Result=ok
2026-03-09 18:43:24 SKIP  User=588  Time=2026-03-09 10:38:51  Reason=no_employee
2026-03-09 18:43:24 SKIP  User=7  Time=2026-03-09 11:25:35  Reason=no_employee
2026-03-09 18:43:24 SKIP  User=588  Time=2026-03-09 11:51:45  Reason=no_employee
2026-03-09 18:43:24 SKIP  User=588  Time=2026-03-09 11:56:32  Reason=no_employee
2026-03-09 18:43:24 SKIP  User=588  Time=2026-03-09 11:59:03  Reason=no_employee
2026-03-09 18:43:24 SKIP  User=7  Time=2026-03-09 12:10:11  Reason=no_employee
2026-03-09 18:43:24 SKIP  User=7  Time=2026-03-09 12:10:14  Reason=no_employee
2026-03-09 18:43:24 SKIP  User=7  Time=2026-03-09 12:29:53  Reason=no_employee
2026-03-09 18:43:24 SKIP  User=7  Time=2026-03-09 13:49:52  Reason=no_employee
2026-03-09 18:43:24 SKIP  User=7  Time=2026-03-09 14:12:09  Reason=no_employee
2026-03-09 18:43:24 SKIP  User=7  Time=2026-03-09 14:37:01  Reason=no_employee
2026-03-09 18:43:24 SKIP  User=7  Time=2026-03-09 16:12:05  Reason=no_employee
2026-03-09 18:43:24 SKIP  User=7  Time=2026-03-09 16:12:30  Reason=no_employee
2026-03-09 18:43:25 OK    User=1018  MappedId=1018  Time=2026-03-09 18:18:50  LogType=OUT  DevId=9  Result=duplicate
2026-03-09 18:43:27 OK    User=857  MappedId=857  Time=2026-03-09 18:34:01  LogType=OUT  DevId=9  Result=duplicate
2026-03-09 18:43:29 OK    User=879  MappedId=879  Time=2026-03-09 18:35:20  LogType=OUT  DevId=9  Result=duplicate
2026-03-09 18:43:30 OK    User=SS00588  MappedId=SS00588  Time=2026-03-09 18:35:33  LogType=OUT  DevId=9  Result=duplicate
2026-03-09 18:43:49 OK    User=720  MappedId=SS00720  Time=2026-03-09 18:37:46  LogType=OUT  DevId=9  Result=ok
2026-03-09 18:43:50 OK    User=1118  MappedId=1118  Time=2026-03-09 18:38:04  LogType=OUT  DevId=9  Result=ok
2026-03-09 18:43:52 OK    User=1182  MappedId=1182  Time=2026-03-09 18:38:17  LogType=OUT  DevId=9  Result=ok
2026-03-09 18:44:10 OK    User=1002  MappedId=1002  Time=2026-03-09 18:38:31  LogType=OUT  DevId=9  Result=ok
2026-03-09 18:44:27 OK    User=1037  MappedId=1037  Time=2026-03-09 18:38:36  LogType=OUT  DevId=9  Result=ok
2026-03-09 18:44:45 OK    User=1037  MappedId=1037  Time=2026-03-09 18:38:41  LogType=OUT  DevId=9  Result=ok
2026-03-09 18:45:02 OK    User=880  MappedId=880  Time=2026-03-09 18:39:05  LogType=OUT  DevId=9  Result=ok
2026-03-09 18:45:20 OK    User=970  MappedId=970  Time=2026-03-09 18:39:34  LogType=OUT  DevId=9  Result=ok
2026-03-09 18:45:38 OK    User=970  MappedId=970  Time=2026-03-09 18:39:35  LogType=OUT  DevId=9  Result=ok
2026-03-09 18:45:55 OK    User=1039  MappedId=1039  Time=2026-03-09 18:42:04  LogType=OUT  DevId=9  Result=ok
2026-03-09 18:45:57 OK    User=1199  MappedId=1199  Time=2026-03-09 18:42:09  LogType=OUT  DevId=9  Result=ok
2026-03-09 18:46:16 OK    User=1097  MappedId=1097  Time=2026-03-09 18:42:17  LogType=OUT  DevId=9  Result=ok
2026-03-09 18:46:33 OK    User=1097  MappedId=1097  Time=2026-03-09 18:42:19  LogType=OUT  DevId=9  Result=ok
2026-03-09 18:46:51 OK    User=1081  MappedId=1081  Time=2026-03-09 18:42:23  LogType=OUT  DevId=9  Result=ok
2026-03-09 18:46:53 OK    User=1182  MappedId=1182  Time=2026-03-09 18:42:38  LogType=OUT  DevId=9  Result=ok
2026-03-09 18:46:55 OK    User=1182  MappedId=1182  Time=2026-03-09 18:42:40  LogType=OUT  DevId=9  Result=ok
2026-03-09 18:46:57 OK    User=1182  MappedId=1182  Time=2026-03-09 18:42:45  LogType=OUT  DevId=9  Result=ok
2026-03-09 18:46:59 OK    User=1182  MappedId=1182  Time=2026-03-09 18:42:58  LogType=OUT  DevId=9  Result=ok
2026-03-09 18:47:00 OK    User=1191  MappedId=1191  Time=2026-03-09 18:43:26  LogType=OUT  DevId=9  Result=ok
2026-03-09 18:47:18 OK    User=907  MappedId=907  Time=2026-03-09 18:43:45  LogType=OUT  DevId=9  Result=ok
2026-03-09 18:47:49 FAIL  User=911  MappedId=911  Time=2026-03-09 18:43:47  LogType=OUT  DevId=9  Result=error
2026-03-09 18:48:56 SKIP  User=588  Time=2026-03-09 10:38:51  Reason=no_employee
2026-03-09 18:48:56 SKIP  User=7  Time=2026-03-09 11:25:35  Reason=no_employee
2026-03-09 18:48:56 SKIP  User=588  Time=2026-03-09 11:51:45  Reason=no_employee
2026-03-09 18:48:56 SKIP  User=588  Time=2026-03-09 11:56:32  Reason=no_employee
2026-03-09 18:48:56 SKIP  User=588  Time=2026-03-09 11:59:03  Reason=no_employee
2026-03-09 18:48:56 SKIP  User=7  Time=2026-03-09 12:10:11  Reason=no_employee
2026-03-09 18:48:56 SKIP  User=7  Time=2026-03-09 12:10:14  Reason=no_employee
2026-03-09 18:48:56 SKIP  User=7  Time=2026-03-09 12:29:53  Reason=no_employee
2026-03-09 18:48:56 SKIP  User=7  Time=2026-03-09 13:49:52  Reason=no_employee
2026-03-09 18:48:56 SKIP  User=7  Time=2026-03-09 14:12:09  Reason=no_employee
2026-03-09 18:48:56 SKIP  User=7  Time=2026-03-09 14:37:01  Reason=no_employee
2026-03-09 18:48:56 SKIP  User=7  Time=2026-03-09 16:12:05  Reason=no_employee
2026-03-09 18:48:56 SKIP  User=7  Time=2026-03-09 16:12:30  Reason=no_employee
2026-03-09 18:49:10 OK    User=911  MappedId=911  Time=2026-03-09 18:43:47  LogType=OUT  DevId=9  Result=duplicate
2026-03-09 18:49:41 FAIL  User=911  MappedId=911  Time=2026-03-09 18:43:49  LogType=OUT  DevId=9  Result=error
2026-03-09 18:49:59 OK    User=1115  MappedId=1115  Time=2026-03-09 18:44:52  LogType=OUT  DevId=9  Result=ok
2026-03-09 18:50:16 OK    User=1115  MappedId=1115  Time=2026-03-09 18:44:54  LogType=OUT  DevId=9  Result=ok
2026-03-09 18:50:34 OK    User=1126  MappedId=1126  Time=2026-03-09 18:45:20  LogType=OUT  DevId=9  Result=ok
2026-03-09 18:50:50 OK    User=1126  MappedId=1126  Time=2026-03-09 18:45:21  LogType=OUT  DevId=9  Result=ok
2026-03-09 18:50:52 OK    User=1163  MappedId=1163  Time=2026-03-09 18:46:44  LogType=OUT  DevId=9  Result=ok
2026-03-09 18:50:54 OK    User=1163  MappedId=1163  Time=2026-03-09 18:46:46  LogType=OUT  DevId=9  Result=ok
2026-03-09 18:51:12 OK    User=721  MappedId=SS00721  Time=2026-03-09 18:46:52  LogType=OUT  DevId=9  Result=ok
2026-03-09 18:51:30 OK    User=721  MappedId=SS00721  Time=2026-03-09 18:46:53  LogType=OUT  DevId=9  Result=ok
2026-03-09 18:51:47 OK    User=1077  MappedId=1077  Time=2026-03-09 18:46:59  LogType=OUT  DevId=9  Result=ok
2026-03-09 18:52:05 OK    User=1062  MappedId=1062  Time=2026-03-09 18:48:19  LogType=OUT  DevId=9  Result=ok
2026-03-09 18:52:36 FAIL  User=490  MappedId=SS00490  Time=2026-03-09 18:48:58  LogType=OUT  DevId=9  Result=error
2026-03-09 18:53:42 SKIP  User=588  Time=2026-03-09 10:38:51  Reason=no_employee
2026-03-09 18:53:42 SKIP  User=7  Time=2026-03-09 11:25:35  Reason=no_employee
2026-03-09 18:53:42 SKIP  User=588  Time=2026-03-09 11:51:45  Reason=no_employee
2026-03-09 18:53:42 SKIP  User=588  Time=2026-03-09 11:56:32  Reason=no_employee
2026-03-09 18:53:42 SKIP  User=588  Time=2026-03-09 11:59:03  Reason=no_employee
2026-03-09 18:53:42 SKIP  User=7  Time=2026-03-09 12:10:11  Reason=no_employee
2026-03-09 18:53:42 SKIP  User=7  Time=2026-03-09 12:10:14  Reason=no_employee
2026-03-09 18:53:42 SKIP  User=7  Time=2026-03-09 12:29:53  Reason=no_employee
2026-03-09 18:53:42 SKIP  User=7  Time=2026-03-09 13:49:52  Reason=no_employee
2026-03-09 18:53:42 SKIP  User=7  Time=2026-03-09 14:12:09  Reason=no_employee
2026-03-09 18:53:42 SKIP  User=7  Time=2026-03-09 14:37:01  Reason=no_employee
2026-03-09 18:53:42 SKIP  User=7  Time=2026-03-09 16:12:05  Reason=no_employee
2026-03-09 18:53:42 SKIP  User=7  Time=2026-03-09 16:12:30  Reason=no_employee
2026-03-09 18:53:45 OK    User=911  MappedId=911  Time=2026-03-09 18:43:49  LogType=OUT  DevId=9  Result=duplicate
2026-03-09 18:54:02 OK    User=490  MappedId=SS00490  Time=2026-03-09 18:48:58  LogType=OUT  DevId=9  Result=duplicate
2026-03-09 18:54:33 FAIL  User=911  MappedId=911  Time=2026-03-09 18:49:44  LogType=OUT  DevId=9  Result=error
2026-03-09 18:55:05 FAIL  User=1087  MappedId=1087  Time=2026-03-09 18:49:58  LogType=OUT  DevId=9  Result=error
2026-03-09 18:55:36 FAIL  User=788  MappedId=788  Time=2026-03-09 18:50:44  LogType=OUT  DevId=9  Result=error
2026-03-09 18:55:53 OK    User=1022  MappedId=1022  Time=2026-03-09 18:50:51  LogType=OUT  DevId=9  Result=ok
2026-03-09 18:56:10 OK    User=1022  MappedId=1022  Time=2026-03-09 18:50:52  LogType=OUT  DevId=9  Result=ok
2026-03-09 18:56:27 OK    User=1155  MappedId=1155  Time=2026-03-09 18:51:39  LogType=OUT  DevId=9  Result=ok
2026-03-09 18:56:58 FAIL  User=SS00588  MappedId=SS00588  Time=2026-03-09 18:52:02  LogType=OUT  DevId=9  Result=error
2026-03-09 18:57:29 FAIL  User=SS00588  MappedId=SS00588  Time=2026-03-09 18:52:04  LogType=OUT  DevId=9  Result=error
2026-03-09 18:57:47 OK    User=1185  MappedId=1185  Time=2026-03-09 18:52:48  LogType=OUT  DevId=9  Result=ok
2026-03-09 18:58:05 OK    User=796  MappedId=796  Time=2026-03-09 18:53:12  LogType=OUT  DevId=9  Result=ok
2026-03-09 18:58:22 OK    User=796  MappedId=796  Time=2026-03-09 18:53:14  LogType=OUT  DevId=9  Result=ok
2026-03-09 18:59:28 SKIP  User=588  Time=2026-03-09 10:38:51  Reason=no_employee
2026-03-09 18:59:28 SKIP  User=7  Time=2026-03-09 11:25:35  Reason=no_employee
2026-03-09 18:59:28 SKIP  User=588  Time=2026-03-09 11:51:45  Reason=no_employee
2026-03-09 18:59:28 SKIP  User=588  Time=2026-03-09 11:56:32  Reason=no_employee
2026-03-09 18:59:28 SKIP  User=588  Time=2026-03-09 11:59:03  Reason=no_employee
2026-03-09 18:59:28 SKIP  User=7  Time=2026-03-09 12:10:11  Reason=no_employee
2026-03-09 18:59:28 SKIP  User=7  Time=2026-03-09 12:10:14  Reason=no_employee
2026-03-09 18:59:28 SKIP  User=7  Time=2026-03-09 12:29:53  Reason=no_employee
2026-03-09 18:59:28 SKIP  User=7  Time=2026-03-09 13:49:52  Reason=no_employee
2026-03-09 18:59:28 SKIP  User=7  Time=2026-03-09 14:12:09  Reason=no_employee
2026-03-09 18:59:28 SKIP  User=7  Time=2026-03-09 14:37:01  Reason=no_employee
2026-03-09 18:59:28 SKIP  User=7  Time=2026-03-09 16:12:05  Reason=no_employee
2026-03-09 18:59:28 SKIP  User=7  Time=2026-03-09 16:12:30  Reason=no_employee
2026-03-09 18:59:32 OK    User=911  MappedId=911  Time=2026-03-09 18:49:44  LogType=OUT  DevId=9  Result=duplicate
2026-03-09 18:59:34 OK    User=1087  MappedId=1087  Time=2026-03-09 18:49:58  LogType=OUT  DevId=9  Result=duplicate
2026-03-09 18:59:50 OK    User=788  MappedId=788  Time=2026-03-09 18:50:44  LogType=OUT  DevId=9  Result=duplicate
2026-03-09 19:00:07 OK    User=SS00588  MappedId=SS00588  Time=2026-03-09 18:52:02  LogType=OUT  DevId=9  Result=duplicate
2026-03-09 19:00:09 OK    User=SS00588  MappedId=SS00588  Time=2026-03-09 18:52:04  LogType=OUT  DevId=9  Result=duplicate
2026-03-09 19:00:40 FAIL  User=884  MappedId=884  Time=2026-03-09 18:54:25  LogType=OUT  DevId=9  Result=error
2026-03-09 19:00:58 OK    User=1151  MappedId=1151  Time=2026-03-09 18:55:23  LogType=OUT  DevId=9  Result=ok
2026-03-09 19:01:29 FAIL  User=1151  MappedId=1151  Time=2026-03-09 18:55:24  LogType=OUT  DevId=9  Result=error
2026-03-09 19:02:00 FAIL  User=1089  MappedId=1089  Time=2026-03-09 18:56:22  LogType=OUT  DevId=9  Result=error
2026-03-09 19:02:18 OK    User=1089  MappedId=1089  Time=2026-03-09 18:56:23  LogType=OUT  DevId=9  Result=ok
2026-03-09 19:02:34 OK    User=1143  MappedId=1143  Time=2026-03-09 18:56:42  LogType=OUT  DevId=9  Result=ok
2026-03-09 19:02:51 OK    User=1150  MappedId=1150  Time=2026-03-09 18:57:08  LogType=OUT  DevId=9  Result=ok
2026-03-09 19:03:22 FAIL  User=970  MappedId=970  Time=2026-03-09 18:57:58  LogType=OUT  DevId=9  Result=error
2026-03-09 19:03:54 FAIL  User=970  MappedId=970  Time=2026-03-09 18:58:00  LogType=OUT  DevId=9  Result=error
2026-03-09 19:04:25 FAIL  User=922  MappedId=922  Time=2026-03-09 18:58:00  LogType=OUT  DevId=9  Result=error
2026-03-09 19:04:56 FAIL  User=922  MappedId=922  Time=2026-03-09 18:58:02  LogType=OUT  DevId=9  Result=error
2026-03-09 19:05:28 FAIL  User=922  MappedId=922  Time=2026-03-09 18:58:04  LogType=OUT  DevId=9  Result=error
2026-03-09 19:05:59 FAIL  User=922  MappedId=922  Time=2026-03-09 18:58:09  LogType=OUT  DevId=9  Result=error
2026-03-09 19:06:30 FAIL  User=984  MappedId=984  Time=2026-03-09 18:58:12  LogType=OUT  DevId=9  Result=error
2026-03-09 19:07:01 FAIL  User=1176  MappedId=1176  Time=2026-03-09 18:58:15  LogType=OUT  DevId=9  Result=error
2026-03-09 19:07:33 FAIL  User=1116  MappedId=1116  Time=2026-03-09 18:58:18  LogType=OUT  DevId=9  Result=error
2026-03-09 19:08:04 FAIL  User=1057  MappedId=1057  Time=2026-03-09 18:58:34  LogType=OUT  DevId=9  Result=error
2026-03-09 19:08:35 FAIL  User=1057  MappedId=1057  Time=2026-03-09 18:58:35  LogType=OUT  DevId=9  Result=error
2026-03-09 19:09:06 FAIL  User=857  MappedId=857  Time=2026-03-09 18:59:00  LogType=OUT  DevId=9  Result=error
2026-03-09 19:09:38 FAIL  User=857  MappedId=857  Time=2026-03-09 18:59:01  LogType=OUT  DevId=9  Result=error
2026-03-09 19:09:44 OK    User=1129  MappedId=1129  Time=2026-03-09 18:59:14  LogType=OUT  DevId=9  Result=ok
2026-03-09 19:10:02 OK    User=1129  MappedId=1129  Time=2026-03-09 18:59:16  LogType=OUT  DevId=9  Result=ok
2026-03-09 19:10:33 FAIL  User=1038  MappedId=1038  Time=2026-03-09 18:59:18  LogType=OUT  DevId=9  Result=error
2026-03-09 19:10:51 OK    User=1038  MappedId=1038  Time=2026-03-09 18:59:23  LogType=OUT  DevId=9  Result=ok
2026-03-09 19:10:53 OK    User=1182  MappedId=1182  Time=2026-03-09 18:59:27  LogType=OUT  DevId=9  Result=ok
2026-03-09 19:11:09 OK    User=1182  MappedId=1182  Time=2026-03-09 18:59:29  LogType=OUT  DevId=9  Result=ok
2026-03-09 19:11:27 OK    User=656  MappedId=SS00656  Time=2026-03-09 18:59:30  LogType=OUT  DevId=9  Result=ok
2026-03-09 19:11:58 FAIL  User=656  MappedId=SS00656  Time=2026-03-09 18:59:31  LogType=OUT  DevId=9  Result=error
2026-03-09 19:12:16 OK    User=795  MappedId=795  Time=2026-03-09 18:59:42  LogType=OUT  DevId=9  Result=ok
2026-03-09 19:12:32 OK    User=942  MappedId=942  Time=2026-03-09 18:59:46  LogType=OUT  DevId=9  Result=ok
2026-03-09 19:13:03 FAIL  User=1001  MappedId=1001  Time=2026-03-09 18:59:50  LogType=OUT  DevId=9  Result=error
2026-03-09 19:13:34 FAIL  User=825  MappedId=825  Time=2026-03-09 18:59:52  LogType=OUT  DevId=9  Result=error
2026-03-09 19:14:41 SKIP  User=588  Time=2026-03-09 10:38:51  Reason=no_employee
2026-03-09 19:14:41 SKIP  User=7  Time=2026-03-09 11:25:35  Reason=no_employee
2026-03-09 19:14:41 SKIP  User=588  Time=2026-03-09 11:51:45  Reason=no_employee
2026-03-09 19:14:41 SKIP  User=588  Time=2026-03-09 11:56:32  Reason=no_employee
2026-03-09 19:14:41 SKIP  User=588  Time=2026-03-09 11:59:03  Reason=no_employee
2026-03-09 19:14:41 SKIP  User=7  Time=2026-03-09 12:10:11  Reason=no_employee
2026-03-09 19:14:41 SKIP  User=7  Time=2026-03-09 12:10:14  Reason=no_employee
2026-03-09 19:14:41 SKIP  User=7  Time=2026-03-09 12:29:53  Reason=no_employee
2026-03-09 19:14:41 SKIP  User=7  Time=2026-03-09 13:49:52  Reason=no_employee
2026-03-09 19:14:41 SKIP  User=7  Time=2026-03-09 14:12:09  Reason=no_employee
2026-03-09 19:14:41 SKIP  User=7  Time=2026-03-09 14:37:01  Reason=no_employee
2026-03-09 19:14:41 SKIP  User=7  Time=2026-03-09 16:12:05  Reason=no_employee
2026-03-09 19:14:41 SKIP  User=7  Time=2026-03-09 16:12:30  Reason=no_employee
2026-03-09 19:14:42 OK    User=884  MappedId=884  Time=2026-03-09 18:54:25  LogType=OUT  DevId=9  Result=duplicate
2026-03-09 19:14:43 OK    User=1151  MappedId=1151  Time=2026-03-09 18:55:24  LogType=OUT  DevId=9  Result=duplicate
2026-03-09 19:14:45 OK    User=1089  MappedId=1089  Time=2026-03-09 18:56:22  LogType=OUT  DevId=9  Result=duplicate
2026-03-09 19:14:47 OK    User=970  MappedId=970  Time=2026-03-09 18:57:58  LogType=OUT  DevId=9  Result=duplicate
2026-03-09 19:14:49 OK    User=970  MappedId=970  Time=2026-03-09 18:58:00  LogType=OUT  DevId=9  Result=duplicate
2026-03-09 19:14:51 OK    User=922  MappedId=922  Time=2026-03-09 18:58:00  LogType=OUT  DevId=9  Result=duplicate
2026-03-09 19:15:07 OK    User=922  MappedId=922  Time=2026-03-09 18:58:02  LogType=OUT  DevId=9  Result=duplicate
2026-03-09 19:15:09 OK    User=922  MappedId=922  Time=2026-03-09 18:58:04  LogType=OUT  DevId=9  Result=duplicate
2026-03-09 19:15:11 OK    User=922  MappedId=922  Time=2026-03-09 18:58:09  LogType=OUT  DevId=9  Result=duplicate
2026-03-09 19:15:27 OK    User=984  MappedId=984  Time=2026-03-09 18:58:12  LogType=OUT  DevId=9  Result=duplicate
2026-03-09 19:15:29 OK    User=1176  MappedId=1176  Time=2026-03-09 18:58:15  LogType=OUT  DevId=9  Result=duplicate
2026-03-09 19:15:31 OK    User=1116  MappedId=1116  Time=2026-03-09 18:58:18  LogType=OUT  DevId=9  Result=duplicate
2026-03-09 19:15:47 OK    User=1057  MappedId=1057  Time=2026-03-09 18:58:34  LogType=OUT  DevId=9  Result=duplicate
2026-03-09 19:15:48 OK    User=1057  MappedId=1057  Time=2026-03-09 18:58:35  LogType=OUT  DevId=9  Result=duplicate
2026-03-09 19:15:50 OK    User=857  MappedId=857  Time=2026-03-09 18:59:00  LogType=OUT  DevId=9  Result=duplicate
2026-03-09 19:15:52 OK    User=857  MappedId=857  Time=2026-03-09 18:59:01  LogType=OUT  DevId=9  Result=duplicate
2026-03-09 19:15:54 OK    User=1038  MappedId=1038  Time=2026-03-09 18:59:18  LogType=OUT  DevId=9  Result=duplicate
2026-03-09 19:16:10 OK    User=656  MappedId=SS00656  Time=2026-03-09 18:59:31  LogType=OUT  DevId=9  Result=duplicate
2026-03-09 19:16:26 OK    User=1001  MappedId=1001  Time=2026-03-09 18:59:50  LogType=OUT  DevId=9  Result=duplicate
2026-03-09 19:16:28 OK    User=825  MappedId=825  Time=2026-03-09 18:59:52  LogType=OUT  DevId=9  Result=duplicate
2026-03-09 19:16:46 OK    User=825  MappedId=825  Time=2026-03-09 18:59:55  LogType=OUT  DevId=9  Result=ok
2026-03-09 19:17:03 OK    User=1073  MappedId=1073  Time=2026-03-09 19:00:00  LogType=OUT  DevId=9  Result=ok
2026-03-09 19:17:21 OK    User=966  MappedId=966  Time=2026-03-09 19:00:06  LogType=OUT  DevId=9  Result=ok
2026-03-09 19:17:23 OK    User=1149  MappedId=1149  Time=2026-03-09 19:00:09  LogType=OUT  DevId=9  Result=ok
2026-03-09 19:17:40 OK    User=924  MappedId=924  Time=2026-03-09 19:00:13  LogType=OUT  DevId=9  Result=ok
2026-03-09 19:17:58 OK    User=924  MappedId=924  Time=2026-03-09 19:00:15  LogType=OUT  DevId=9  Result=ok
2026-03-09 19:18:29 FAIL  User=1100  MappedId=1100  Time=2026-03-09 19:00:32  LogType=OUT  DevId=9  Result=error
2026-03-09 19:19:00 FAIL  User=1100  MappedId=1100  Time=2026-03-09 19:00:33  LogType=OUT  DevId=9  Result=error
2026-03-09 19:19:32 FAIL  User=1139  MappedId=1139  Time=2026-03-09 19:00:40  LogType=OUT  DevId=9  Result=error
2026-03-09 19:19:48 OK    User=1225  MappedId=1225  Time=2026-03-09 19:00:42  LogType=OUT  DevId=9  Result=ok
2026-03-09 19:19:50 OK    User=1225  MappedId=1225  Time=2026-03-09 19:00:46  LogType=OUT  DevId=9  Result=ok
2026-03-09 19:19:52 OK    User=1220  MappedId=1220  Time=2026-03-09 19:00:58  LogType=OUT  DevId=9  Result=ok
2026-03-09 19:20:09 OK    User=1097  MappedId=1097  Time=2026-03-09 19:01:12  LogType=OUT  DevId=9  Result=ok
2026-03-09 19:20:41 FAIL  User=1003  MappedId=1003  Time=2026-03-09 19:01:38  LogType=OUT  DevId=9  Result=error
2026-03-09 19:20:56 OK    User=1192  MappedId=1192  Time=2026-03-09 19:01:40  LogType=OUT  DevId=9  Result=ok
2026-03-09 19:21:14 OK    User=1192  MappedId=1192  Time=2026-03-09 19:01:47  LogType=OUT  DevId=9  Result=ok
2026-03-09 19:21:45 FAIL  User=1002  MappedId=1002  Time=2026-03-09 19:02:06  LogType=OUT  DevId=9  Result=error
2026-03-09 19:22:16 FAIL  User=920  MappedId=920  Time=2026-03-09 19:02:10  LogType=OUT  DevId=9  Result=error
2026-03-09 19:22:48 FAIL  User=931  MappedId=931  Time=2026-03-09 19:02:14  LogType=OUT  DevId=9  Result=error
2026-03-09 19:23:19 FAIL  User=920  MappedId=920  Time=2026-03-09 19:02:15  LogType=OUT  DevId=9  Result=error
2026-03-09 19:23:50 FAIL  User=931  MappedId=931  Time=2026-03-09 19:02:21  LogType=OUT  DevId=9  Result=error
2026-03-09 19:24:22 FAIL  User=976  MappedId=976  Time=2026-03-09 19:02:27  LogType=OUT  DevId=9  Result=error
2026-03-09 19:24:39 OK    User=1189  MappedId=1189  Time=2026-03-09 19:02:30  LogType=OUT  DevId=9  Result=ok
2026-03-09 19:24:56 OK    User=928  MappedId=928  Time=2026-03-09 19:02:35  LogType=OUT  DevId=9  Result=ok
2026-03-09 19:25:14 OK    User=1037  MappedId=1037  Time=2026-03-09 19:02:38  LogType=OUT  DevId=9  Result=ok
2026-03-09 19:25:29 OK    User=1066  MappedId=1066  Time=2026-03-09 19:02:41  LogType=OUT  DevId=9  Result=ok
2026-03-09 19:26:01 FAIL  User=983  MappedId=983  Time=2026-03-09 19:02:51  LogType=OUT  DevId=9  Result=error
2026-03-09 19:26:32 FAIL  User=983  MappedId=983  Time=2026-03-09 19:02:56  LogType=OUT  DevId=9  Result=error
2026-03-09 19:27:03 FAIL  User=983  MappedId=983  Time=2026-03-09 19:03:00  LogType=OUT  DevId=9  Result=error
2026-03-09 19:27:20 OK    User=1147  MappedId=1147  Time=2026-03-09 19:03:05  LogType=OUT  DevId=9  Result=ok
2026-03-09 19:27:38 OK    User=1067  MappedId=1067  Time=2026-03-09 19:03:12  LogType=OUT  DevId=9  Result=ok
2026-03-09 19:28:09 FAIL  User=1103  MappedId=1103  Time=2026-03-09 19:03:16  LogType=OUT  DevId=9  Result=error
2026-03-09 19:28:25 OK    User=1181  MappedId=1181  Time=2026-03-09 19:03:19  LogType=OUT  DevId=9  Result=ok
2026-03-09 19:28:56 FAIL  User=1041  MappedId=1041  Time=2026-03-09 19:03:23  LogType=OUT  DevId=9  Result=error
2026-03-09 19:29:12 OK    User=1177  MappedId=1177  Time=2026-03-09 19:03:26  LogType=OUT  DevId=9  Result=ok
2026-03-09 19:29:43 FAIL  User=484  MappedId=SS00484  Time=2026-03-09 19:03:34  LogType=OUT  DevId=9  Result=error
2026-03-09 19:29:45 OK    User=1213  MappedId=1213  Time=2026-03-09 19:03:36  LogType=OUT  DevId=9  Result=ok
2026-03-09 19:29:47 OK    User=1213  MappedId=1213  Time=2026-03-09 19:03:38  LogType=OUT  DevId=9  Result=ok
2026-03-09 19:29:49 OK    User=1117  MappedId=1117  Time=2026-03-09 19:03:41  LogType=OUT  DevId=9  Result=ok
2026-03-09 19:29:51 OK    User=1117  MappedId=1117  Time=2026-03-09 19:03:42  LogType=OUT  DevId=9  Result=ok
2026-03-09 19:30:08 OK    User=1018  MappedId=1018  Time=2026-03-09 19:03:47  LogType=OUT  DevId=9  Result=ok
2026-03-09 19:30:10 OK    User=1185  MappedId=1185  Time=2026-03-09 19:03:51  LogType=OUT  DevId=9  Result=ok
2026-03-09 19:30:27 OK    User=927  MappedId=927  Time=2026-03-09 19:03:54  LogType=OUT  DevId=9  Result=ok
2026-03-09 19:30:29 OK    User=1193  MappedId=1193  Time=2026-03-09 19:03:59  LogType=OUT  DevId=9  Result=ok
2026-03-09 19:30:31 OK    User=1083  MappedId=1083  Time=2026-03-09 19:04:11  LogType=OUT  DevId=9  Result=ok
2026-03-09 19:30:48 OK    User=980  MappedId=980  Time=2026-03-09 19:04:17  LogType=OUT  DevId=9  Result=ok
2026-03-09 19:31:06 OK    User=980  MappedId=980  Time=2026-03-09 19:04:19  LogType=OUT  DevId=9  Result=ok
2026-03-09 19:31:23 OK    User=996  MappedId=996  Time=2026-03-09 19:04:21  LogType=OUT  DevId=9  Result=ok
2026-03-09 19:31:41 OK    User=996  MappedId=996  Time=2026-03-09 19:04:22  LogType=OUT  DevId=9  Result=ok
2026-03-09 19:31:43 OK    User=1214  MappedId=1214  Time=2026-03-09 19:04:41  LogType=OUT  DevId=9  Result=ok
2026-03-09 19:32:00 OK    User=1042  MappedId=1042  Time=2026-03-09 19:04:56  LogType=OUT  DevId=9  Result=ok
2026-03-09 19:32:18 OK    User=861  MappedId=861  Time=2026-03-09 19:05:04  LogType=OUT  DevId=9  Result=ok
2026-03-09 19:32:35 OK    User=999  MappedId=999  Time=2026-03-09 19:05:13  LogType=OUT  DevId=9  Result=ok
2026-03-09 19:32:37 OK    User=1198  MappedId=1198  Time=2026-03-09 19:05:17  LogType=OUT  DevId=9  Result=ok
2026-03-09 19:32:55 OK    User=1198  MappedId=1198  Time=2026-03-09 19:05:18  LogType=OUT  DevId=9  Result=ok
2026-03-09 19:33:26 FAIL  User=1084  MappedId=1084  Time=2026-03-09 19:05:20  LogType=OUT  DevId=9  Result=error
2026-03-09 19:33:43 OK    User=1134  MappedId=1134  Time=2026-03-09 19:05:24  LogType=OUT  DevId=9  Result=ok
2026-03-09 19:34:01 OK    User=1033  MappedId=1033  Time=2026-03-09 19:05:33  LogType=OUT  DevId=9  Result=ok
2026-03-09 19:34:03 OK    User=1044  MappedId=1044  Time=2026-03-09 19:05:40  LogType=OUT  DevId=9  Result=ok
2026-03-09 19:34:20 OK    User=947  MappedId=947  Time=2026-03-09 19:05:44  LogType=OUT  DevId=9  Result=ok
2026-03-09 19:34:38 OK    User=879  MappedId=879  Time=2026-03-09 19:05:47  LogType=OUT  DevId=9  Result=ok
2026-03-09 19:34:40 OK    User=1056  MappedId=1056  Time=2026-03-09 19:05:50  LogType=OUT  DevId=9  Result=ok
2026-03-09 19:35:11 FAIL  User=936  MappedId=936  Time=2026-03-09 19:06:08  LogType=OUT  DevId=9  Result=error
2026-03-09 19:35:27 OK    User=1144  MappedId=1144  Time=2026-03-09 19:06:14  LogType=OUT  DevId=9  Result=ok
2026-03-09 19:35:44 OK    User=1148  MappedId=1148  Time=2026-03-09 19:06:21  LogType=OUT  DevId=9  Result=ok
2026-03-09 19:36:02 OK    User=943  MappedId=943  Time=2026-03-09 19:06:23  LogType=OUT  DevId=9  Result=ok
2026-03-09 19:36:21 OK    User=958  MappedId=958  Time=2026-03-09 19:06:30  LogType=OUT  DevId=9  Result=ok
2026-03-09 19:36:52 FAIL  User=1215  MappedId=1215  Time=2026-03-09 19:06:41  LogType=OUT  DevId=9  Result=error
2026-03-09 19:37:23 FAIL  User=919  MappedId=919  Time=2026-03-09 19:07:06  LogType=OUT  DevId=9  Result=error
2026-03-09 19:37:41 OK    User=919  MappedId=919  Time=2026-03-09 19:07:08  LogType=OUT  DevId=9  Result=ok
2026-03-09 19:37:56 OK    User=1105  MappedId=1105  Time=2026-03-09 19:07:30  LogType=OUT  DevId=9  Result=ok
2026-03-09 19:38:12 OK    User=1105  MappedId=1105  Time=2026-03-09 19:07:31  LogType=OUT  DevId=9  Result=ok
2026-03-09 19:38:43 FAIL  User=836  MappedId=836  Time=2026-03-09 19:08:18  LogType=OUT  DevId=9  Result=error
2026-03-09 19:39:01 OK    User=836  MappedId=836  Time=2026-03-09 19:08:20  LogType=OUT  DevId=9  Result=ok
2026-03-09 19:39:19 OK    User=823  MappedId=823  Time=2026-03-09 19:08:20  LogType=OUT  DevId=9  Result=ok
2026-03-09 19:39:36 OK    User=823  MappedId=823  Time=2026-03-09 19:08:22  LogType=OUT  DevId=9  Result=ok
2026-03-09 19:39:54 OK    User=960  MappedId=960  Time=2026-03-09 19:08:30  LogType=OUT  DevId=9  Result=ok
2026-03-09 19:40:25 FAIL  User=963  MappedId=963  Time=2026-03-09 19:08:32  LogType=OUT  DevId=9  Result=error
2026-03-09 19:40:56 FAIL  User=837  MappedId=837  Time=2026-03-09 19:09:19  LogType=OUT  DevId=9  Result=error
2026-03-09 19:41:28 FAIL  User=837  MappedId=837  Time=2026-03-09 19:09:21  LogType=OUT  DevId=9  Result=error
2026-03-09 19:41:59 FAIL  User=826  MappedId=826  Time=2026-03-09 19:09:24  LogType=OUT  DevId=9  Result=error
2026-03-09 19:42:30 FAIL  User=822  MappedId=822  Time=2026-03-09 19:09:31  LogType=OUT  DevId=9  Result=error
2026-03-09 19:42:49 OK    User=822  MappedId=822  Time=2026-03-09 19:09:34  LogType=OUT  DevId=9  Result=ok
2026-03-09 19:43:06 OK    User=880  MappedId=880  Time=2026-03-09 19:09:39  LogType=OUT  DevId=9  Result=ok
2026-03-09 19:43:24 OK    User=490  MappedId=SS00490  Time=2026-03-09 19:09:45  LogType=OUT  DevId=9  Result=ok
2026-03-09 19:43:41 OK    User=915  MappedId=915  Time=2026-03-09 19:09:47  LogType=OUT  DevId=9  Result=ok
2026-03-09 19:44:13 FAIL  User=972  MappedId=972  Time=2026-03-09 19:09:49  LogType=OUT  DevId=9  Result=error
2026-03-09 19:44:29 OK    User=1183  MappedId=1183  Time=2026-03-09 19:09:57  LogType=OUT  DevId=9  Result=ok
2026-03-09 19:44:45 OK    User=1183  MappedId=1183  Time=2026-03-09 19:09:59  LogType=OUT  DevId=9  Result=ok
2026-03-09 19:45:16 FAIL  User=964  MappedId=964  Time=2026-03-09 19:10:24  LogType=OUT  DevId=9  Result=error
2026-03-09 19:45:47 FAIL  User=964  MappedId=964  Time=2026-03-09 19:10:25  LogType=OUT  DevId=9  Result=error
2026-03-09 19:46:18 FAIL  User=241  MappedId=SS00241  Time=2026-03-09 19:10:33  LogType=OUT  DevId=9  Result=error
2026-03-09 19:46:50 FAIL  User=887  MappedId=887  Time=2026-03-09 19:10:48  LogType=OUT  DevId=9  Result=error
2026-03-09 19:47:21 FAIL  User=887  MappedId=887  Time=2026-03-09 19:10:49  LogType=OUT  DevId=9  Result=error
2026-03-09 19:47:40 OK    User=1188  MappedId=1188  Time=2026-03-09 19:12:26  LogType=OUT  DevId=9  Result=ok
2026-03-09 19:48:12 FAIL  User=629  MappedId=629  Time=2026-03-09 19:12:39  LogType=OUT  DevId=9  Result=error
2026-03-09 19:48:43 FAIL  User=944  MappedId=944  Time=2026-03-09 19:12:44  LogType=OUT  DevId=9  Result=error
2026-03-09 19:49:14 FAIL  User=944  MappedId=944  Time=2026-03-09 19:12:50  LogType=OUT  DevId=9  Result=error
2026-03-09 19:49:46 FAIL  User=961  MappedId=961  Time=2026-03-09 19:13:03  LogType=OUT  DevId=9  Result=error
2026-03-09 19:50:17 FAIL  User=961  MappedId=961  Time=2026-03-09 19:13:05  LogType=OUT  DevId=9  Result=error
2026-03-09 19:50:48 FAIL  User=1023  MappedId=1023  Time=2026-03-09 19:13:07  LogType=OUT  DevId=9  Result=error
2026-03-09 19:51:19 FAIL  User=1023  MappedId=1023  Time=2026-03-09 19:13:08  LogType=OUT  DevId=9  Result=error
2026-03-09 19:51:51 FAIL  User=1224  MappedId=1224  Time=2026-03-09 19:14:03  LogType=OUT  DevId=9  Result=error
2026-03-09 19:52:22 FAIL  User=1224  MappedId=1224  Time=2026-03-09 19:14:04  LogType=OUT  DevId=9  Result=error
2026-03-09 19:52:53 FAIL  User=888  MappedId=888  Time=2026-03-09 19:14:16  LogType=OUT  DevId=9  Result=error
2026-03-09 19:53:24 FAIL  User=747  MappedId=747  Time=2026-03-09 19:14:24  LogType=OUT  DevId=9  Result=error
2026-03-09 19:53:56 FAIL  User=1216  MappedId=1216  Time=2026-03-09 19:14:35  LogType=OUT  DevId=9  Result=error
2026-03-09 19:54:17 OK    User=1216  MappedId=1216  Time=2026-03-09 19:14:36  LogType=OUT  DevId=9  Result=ok
2026-03-09 19:54:48 FAIL  User=1163  MappedId=1163  Time=2026-03-09 19:14:39  LogType=OUT  DevId=9  Result=error
2026-03-09 19:55:19 FAIL  User=1163  MappedId=1163  Time=2026-03-09 19:14:44  LogType=OUT  DevId=9  Result=error
2026-03-09 19:55:21 OK    User=1109  MappedId=1109  Time=2026-03-09 19:14:47  LogType=OUT  DevId=9  Result=ok
2026-03-09 19:55:39 OK    User=796  MappedId=796  Time=2026-03-09 19:15:02  LogType=OUT  DevId=9  Result=ok
2026-03-09 19:56:10 FAIL  User=796  MappedId=796  Time=2026-03-09 19:15:03  LogType=OUT  DevId=9  Result=error
2026-03-09 19:57:17 SKIP  User=588  Time=2026-03-09 10:38:51  Reason=no_employee
2026-03-09 19:57:17 SKIP  User=7  Time=2026-03-09 11:25:35  Reason=no_employee
2026-03-09 19:57:17 SKIP  User=588  Time=2026-03-09 11:51:45  Reason=no_employee
2026-03-09 19:57:17 SKIP  User=588  Time=2026-03-09 11:56:32  Reason=no_employee
2026-03-09 19:57:17 SKIP  User=588  Time=2026-03-09 11:59:03  Reason=no_employee
2026-03-09 19:57:17 SKIP  User=7  Time=2026-03-09 12:10:11  Reason=no_employee
2026-03-09 19:57:17 SKIP  User=7  Time=2026-03-09 12:10:14  Reason=no_employee
2026-03-09 19:57:17 SKIP  User=7  Time=2026-03-09 12:29:53  Reason=no_employee
2026-03-09 19:57:17 SKIP  User=7  Time=2026-03-09 13:49:52  Reason=no_employee
2026-03-09 19:57:17 SKIP  User=7  Time=2026-03-09 14:12:09  Reason=no_employee
2026-03-09 19:57:17 SKIP  User=7  Time=2026-03-09 14:37:01  Reason=no_employee
2026-03-09 19:57:17 SKIP  User=7  Time=2026-03-09 16:12:05  Reason=no_employee
2026-03-09 19:57:17 SKIP  User=7  Time=2026-03-09 16:12:30  Reason=no_employee
2026-03-09 19:57:36 OK    User=1100  MappedId=1100  Time=2026-03-09 19:00:32  LogType=OUT  DevId=9  Result=duplicate
2026-03-09 19:57:53 OK    User=1100  MappedId=1100  Time=2026-03-09 19:00:33  LogType=OUT  DevId=9  Result=duplicate
2026-03-09 19:58:11 OK    User=1139  MappedId=1139  Time=2026-03-09 19:00:40  LogType=OUT  DevId=9  Result=duplicate
2026-03-09 19:58:13 OK    User=1003  MappedId=1003  Time=2026-03-09 19:01:38  LogType=OUT  DevId=9  Result=duplicate
2026-03-09 19:58:29 OK    User=1002  MappedId=1002  Time=2026-03-09 19:02:06  LogType=OUT  DevId=9  Result=duplicate
2026-03-09 19:58:47 OK    User=920  MappedId=920  Time=2026-03-09 19:02:10  LogType=OUT  DevId=9  Result=duplicate
2026-03-09 19:59:04 OK    User=931  MappedId=931  Time=2026-03-09 19:02:14  LogType=OUT  DevId=9  Result=duplicate
2026-03-09 19:59:06 OK    User=920  MappedId=920  Time=2026-03-09 19:02:15  LogType=OUT  DevId=9  Result=duplicate
2026-03-09 19:59:24 OK    User=931  MappedId=931  Time=2026-03-09 19:02:21  LogType=OUT  DevId=9  Result=duplicate
2026-03-09 19:59:26 OK    User=976  MappedId=976  Time=2026-03-09 19:02:27  LogType=OUT  DevId=9  Result=duplicate
2026-03-09 19:59:42 OK    User=983  MappedId=983  Time=2026-03-09 19:02:51  LogType=OUT  DevId=9  Result=duplicate
2026-03-09 19:59:43 OK    User=983  MappedId=983  Time=2026-03-09 19:02:56  LogType=OUT  DevId=9  Result=duplicate
2026-03-09 19:59:59 OK    User=983  MappedId=983  Time=2026-03-09 19:03:00  LogType=OUT  DevId=9  Result=duplicate
2026-03-09 20:00:01 OK    User=1103  MappedId=1103  Time=2026-03-09 19:03:16  LogType=OUT  DevId=9  Result=duplicate
2026-03-09 20:00:03 OK    User=1041  MappedId=1041  Time=2026-03-09 19:03:23  LogType=OUT  DevId=9  Result=duplicate
2026-03-09 20:00:18 OK    User=484  MappedId=SS00484  Time=2026-03-09 19:03:34  LogType=OUT  DevId=9  Result=duplicate
2026-03-09 20:00:21 OK    User=1084  MappedId=1084  Time=2026-03-09 19:05:20  LogType=OUT  DevId=9  Result=duplicate
2026-03-09 20:00:22 OK    User=936  MappedId=936  Time=2026-03-09 19:06:08  LogType=OUT  DevId=9  Result=duplicate
2026-03-09 20:00:24 OK    User=1215  MappedId=1215  Time=2026-03-09 19:06:41  LogType=OUT  DevId=9  Result=duplicate
2026-03-09 20:00:26 OK    User=919  MappedId=919  Time=2026-03-09 19:07:06  LogType=OUT  DevId=9  Result=duplicate
2026-03-09 20:00:28 OK    User=836  MappedId=836  Time=2026-03-09 19:08:18  LogType=OUT  DevId=9  Result=duplicate
2026-03-09 20:00:29 OK    User=963  MappedId=963  Time=2026-03-09 19:08:32  LogType=OUT  DevId=9  Result=duplicate
2026-03-09 20:00:31 OK    User=837  MappedId=837  Time=2026-03-09 19:09:19  LogType=OUT  DevId=9  Result=duplicate
2026-03-09 20:00:33 OK    User=837  MappedId=837  Time=2026-03-09 19:09:21  LogType=OUT  DevId=9  Result=duplicate
2026-03-09 20:00:35 OK    User=826  MappedId=826  Time=2026-03-09 19:09:24  LogType=OUT  DevId=9  Result=duplicate
2026-03-09 20:00:37 OK    User=822  MappedId=822  Time=2026-03-09 19:09:31  LogType=OUT  DevId=9  Result=duplicate
2026-03-09 20:00:38 OK    User=972  MappedId=972  Time=2026-03-09 19:09:49  LogType=OUT  DevId=9  Result=duplicate
2026-03-09 20:00:40 OK    User=964  MappedId=964  Time=2026-03-09 19:10:24  LogType=OUT  DevId=9  Result=duplicate
2026-03-09 20:00:42 OK    User=964  MappedId=964  Time=2026-03-09 19:10:25  LogType=OUT  DevId=9  Result=duplicate
2026-03-09 20:00:44 OK    User=241  MappedId=SS00241  Time=2026-03-09 19:10:33  LogType=OUT  DevId=9  Result=duplicate
2026-03-09 20:00:46 OK    User=887  MappedId=887  Time=2026-03-09 19:10:48  LogType=OUT  DevId=9  Result=duplicate
2026-03-09 20:00:47 OK    User=887  MappedId=887  Time=2026-03-09 19:10:49  LogType=OUT  DevId=9  Result=duplicate
2026-03-09 20:00:49 OK    User=629  MappedId=629  Time=2026-03-09 19:12:39  LogType=OUT  DevId=9  Result=duplicate
2026-03-09 20:00:51 OK    User=944  MappedId=944  Time=2026-03-09 19:12:44  LogType=OUT  DevId=9  Result=duplicate
2026-03-09 20:00:53 OK    User=944  MappedId=944  Time=2026-03-09 19:12:50  LogType=OUT  DevId=9  Result=duplicate
2026-03-09 20:00:55 OK    User=961  MappedId=961  Time=2026-03-09 19:13:03  LogType=OUT  DevId=9  Result=duplicate
2026-03-09 20:00:56 OK    User=961  MappedId=961  Time=2026-03-09 19:13:05  LogType=OUT  DevId=9  Result=duplicate
2026-03-09 20:00:58 OK    User=1023  MappedId=1023  Time=2026-03-09 19:13:07  LogType=OUT  DevId=9  Result=duplicate
2026-03-09 20:01:00 OK    User=1023  MappedId=1023  Time=2026-03-09 19:13:08  LogType=OUT  DevId=9  Result=duplicate
2026-03-09 20:01:02 OK    User=1224  MappedId=1224  Time=2026-03-09 19:14:03  LogType=OUT  DevId=9  Result=duplicate
2026-03-09 20:01:03 OK    User=1224  MappedId=1224  Time=2026-03-09 19:14:04  LogType=OUT  DevId=9  Result=duplicate
2026-03-09 20:01:06 OK    User=888  MappedId=888  Time=2026-03-09 19:14:16  LogType=OUT  DevId=9  Result=duplicate
2026-03-09 20:01:08 OK    User=747  MappedId=747  Time=2026-03-09 19:14:24  LogType=OUT  DevId=9  Result=duplicate
2026-03-09 20:01:09 OK    User=1216  MappedId=1216  Time=2026-03-09 19:14:35  LogType=OUT  DevId=9  Result=duplicate
2026-03-09 20:01:11 OK    User=1163  MappedId=1163  Time=2026-03-09 19:14:39  LogType=OUT  DevId=9  Result=duplicate
2026-03-09 20:01:13 OK    User=1163  MappedId=1163  Time=2026-03-09 19:14:44  LogType=OUT  DevId=9  Result=duplicate
2026-03-09 20:01:15 OK    User=796  MappedId=796  Time=2026-03-09 19:15:03  LogType=OUT  DevId=9  Result=duplicate
2026-03-09 20:01:32 OK    User=860  MappedId=860  Time=2026-03-09 19:17:23  LogType=OUT  DevId=9  Result=ok
2026-03-09 20:01:50 OK    User=860  MappedId=860  Time=2026-03-09 19:17:25  LogType=OUT  DevId=9  Result=ok
2026-03-09 20:01:52 OK    User=1061  MappedId=1061  Time=2026-03-09 19:17:45  LogType=OUT  DevId=9  Result=ok
2026-03-09 20:01:54 OK    User=1160  MappedId=1160  Time=2026-03-09 19:17:47  LogType=OUT  DevId=9  Result=ok
2026-03-09 20:01:55 OK    User=1105  MappedId=1105  Time=2026-03-09 19:17:52  LogType=OUT  DevId=9  Result=ok
2026-03-09 20:01:57 OK    User=1159  MappedId=1159  Time=2026-03-09 19:18:00  LogType=OUT  DevId=9  Result=ok
2026-03-09 20:01:59 OK    User=1159  MappedId=1159  Time=2026-03-09 19:18:11  LogType=OUT  DevId=9  Result=ok
2026-03-09 20:02:01 OK    User=1159  MappedId=1159  Time=2026-03-09 19:18:16  LogType=OUT  DevId=9  Result=ok
2026-03-09 20:02:03 OK    User=1161  MappedId=1161  Time=2026-03-09 19:18:29  LogType=OUT  DevId=9  Result=ok
2026-03-09 20:02:06 OK    User=1208  MappedId=1208  Time=2026-03-09 19:18:33  LogType=OUT  DevId=9  Result=ok
2026-03-09 20:02:07 OK    User=1208  MappedId=1208  Time=2026-03-09 19:18:41  LogType=OUT  DevId=9  Result=ok
2026-03-09 20:02:09 OK    User=1217  MappedId=1217  Time=2026-03-09 19:18:46  LogType=OUT  DevId=9  Result=ok
2026-03-09 20:02:27 OK    User=862  MappedId=862  Time=2026-03-09 19:18:52  LogType=OUT  DevId=9  Result=ok
2026-03-09 20:02:44 OK    User=1059  MappedId=1059  Time=2026-03-09 19:18:57  LogType=OUT  DevId=9  Result=ok
2026-03-09 20:02:46 OK    User=1221  MappedId=1221  Time=2026-03-09 19:19:01  LogType=OUT  DevId=9  Result=ok
2026-03-09 20:02:48 OK    User=1170  MappedId=1170  Time=2026-03-09 19:19:46  LogType=OUT  DevId=9  Result=ok
2026-03-09 20:03:06 OK    User=846  MappedId=846  Time=2026-03-09 19:19:52  LogType=OUT  DevId=9  Result=ok
2026-03-09 20:03:24 OK    User=846  MappedId=846  Time=2026-03-09 19:19:53  LogType=OUT  DevId=9  Result=ok
2026-03-09 20:03:25 OK    User=1202  MappedId=1202  Time=2026-03-09 19:20:01  LogType=OUT  DevId=9  Result=ok
2026-03-09 20:03:43 OK    User=191  MappedId=SS00191  Time=2026-03-09 19:20:06  LogType=OUT  DevId=9  Result=ok
2026-03-09 20:04:01 OK    User=375  MappedId=SS00375  Time=2026-03-09 19:20:10  LogType=OUT  DevId=9  Result=ok
2026-03-09 20:04:03 OK    User=1162  MappedId=1162  Time=2026-03-09 19:20:34  LogType=OUT  DevId=9  Result=ok
2026-03-09 20:04:20 OK    User=493  MappedId=SS00493  Time=2026-03-09 19:21:50  LogType=OUT  DevId=9  Result=ok
2026-03-09 20:04:51 FAIL  User=493  MappedId=SS00493  Time=2026-03-09 19:21:52  LogType=OUT  DevId=9  Result=error
2026-03-09 20:04:53 OK    User=1223  MappedId=1223  Time=2026-03-09 19:21:56  LogType=OUT  DevId=9  Result=ok
2026-03-09 20:04:55 OK    User=1223  MappedId=1223  Time=2026-03-09 19:21:57  LogType=OUT  DevId=9  Result=ok
2026-03-09 20:04:57 OK    User=1223  MappedId=1223  Time=2026-03-09 19:22:01  LogType=OUT  DevId=9  Result=ok
2026-03-09 20:05:14 OK    User=1065  MappedId=1065  Time=2026-03-09 19:22:20  LogType=OUT  DevId=9  Result=ok
2026-03-09 20:05:32 OK    User=983  MappedId=983  Time=2026-03-09 19:22:44  LogType=OUT  DevId=9  Result=ok
2026-03-09 20:05:49 OK    User=1100  MappedId=1100  Time=2026-03-09 19:23:57  LogType=OUT  DevId=9  Result=ok
2026-03-09 20:06:21 FAIL  User=1100  MappedId=1100  Time=2026-03-09 19:23:59  LogType=OUT  DevId=9  Result=error
2026-03-09 20:06:52 FAIL  User=952  MappedId=952  Time=2026-03-09 19:24:52  LogType=OUT  DevId=9  Result=error
2026-03-09 20:07:23 FAIL  User=1186  MappedId=1186  Time=2026-03-09 19:24:57  LogType=OUT  DevId=9  Result=error
2026-03-09 20:07:42 OK    User=1186  MappedId=1186  Time=2026-03-09 19:25:02  LogType=OUT  DevId=9  Result=ok
2026-03-09 20:08:13 FAIL  User=1153  MappedId=1153  Time=2026-03-09 19:25:33  LogType=OUT  DevId=9  Result=error
2026-03-09 20:08:30 OK    User=1153  MappedId=1153  Time=2026-03-09 19:25:35  LogType=OUT  DevId=9  Result=ok
2026-03-09 20:08:47 OK    User=1092  MappedId=1092  Time=2026-03-09 19:25:38  LogType=OUT  DevId=9  Result=ok
2026-03-09 20:09:05 OK    User=1092  MappedId=1092  Time=2026-03-09 19:25:39  LogType=OUT  DevId=9  Result=ok
2026-03-09 20:09:36 FAIL  User=954  MappedId=954  Time=2026-03-09 19:26:01  LogType=OUT  DevId=9  Result=error
2026-03-09 20:10:08 FAIL  User=954  MappedId=954  Time=2026-03-09 19:26:03  LogType=OUT  DevId=9  Result=error
2026-03-09 20:10:39 FAIL  User=1212  MappedId=1212  Time=2026-03-09 19:26:06  LogType=OUT  DevId=9  Result=error
2026-03-09 20:11:10 FAIL  User=1207  MappedId=1207  Time=2026-03-09 19:26:09  LogType=OUT  DevId=9  Result=error
2026-03-09 20:11:31 OK    User=1212  MappedId=1212  Time=2026-03-09 19:26:12  LogType=OUT  DevId=9  Result=ok
2026-03-09 20:11:46 OK    User=1210  MappedId=1210  Time=2026-03-09 19:26:18  LogType=OUT  DevId=9  Result=ok
2026-03-09 20:12:04 OK    User=1155  MappedId=1155  Time=2026-03-09 19:26:21  LogType=OUT  DevId=9  Result=ok
2026-03-09 20:12:35 FAIL  User=965  MappedId=965  Time=2026-03-09 19:26:24  LogType=OUT  DevId=9  Result=error
2026-03-09 20:12:53 OK    User=965  MappedId=965  Time=2026-03-09 19:26:27  LogType=OUT  DevId=9  Result=ok
2026-03-09 20:12:54 OK    User=1203  MappedId=1203  Time=2026-03-09 19:26:30  LogType=OUT  DevId=9  Result=ok
2026-03-09 20:12:56 OK    User=1203  MappedId=1203  Time=2026-03-09 19:26:33  LogType=OUT  DevId=9  Result=ok
2026-03-09 20:12:58 OK    User=1203  MappedId=1203  Time=2026-03-09 19:26:52  LogType=OUT  DevId=9  Result=ok
2026-03-09 20:13:14 OK    User=1203  MappedId=1203  Time=2026-03-09 19:26:53  LogType=OUT  DevId=9  Result=ok
2026-03-09 20:13:32 OK    User=1203  MappedId=1203  Time=2026-03-09 19:26:58  LogType=OUT  DevId=9  Result=ok
2026-03-09 20:13:34 OK    User=1203  MappedId=1203  Time=2026-03-09 19:27:02  LogType=OUT  DevId=9  Result=ok
2026-03-09 20:14:05 FAIL  User=959  MappedId=959  Time=2026-03-09 19:27:29  LogType=OUT  DevId=9  Result=error
2026-03-09 20:14:36 FAIL  User=961  MappedId=961  Time=2026-03-09 19:30:39  LogType=OUT  DevId=9  Result=error
2026-03-09 20:15:08 FAIL  User=490  MappedId=SS00490  Time=2026-03-09 19:37:15  LogType=OUT  DevId=9  Result=error
2026-03-09 20:15:39 FAIL  User=490  MappedId=SS00490  Time=2026-03-09 19:37:24  LogType=OUT  DevId=9  Result=error
2026-03-09 20:16:10 FAIL  User=195  MappedId=SS00195  Time=2026-03-09 19:38:11  LogType=OUT  DevId=9  Result=error
2026-03-09 20:16:41 FAIL  User=195  MappedId=SS00195  Time=2026-03-09 19:38:12  LogType=OUT  DevId=9  Result=error
2026-03-09 20:17:13 FAIL  User=781  MappedId=781  Time=2026-03-09 19:38:50  LogType=OUT  DevId=9  Result=error
2026-03-09 20:17:44 FAIL  User=1100  MappedId=1100  Time=2026-03-09 19:38:53  LogType=OUT  DevId=9  Result=error
2026-03-09 20:18:15 FAIL  User=1100  MappedId=1100  Time=2026-03-09 19:38:54  LogType=OUT  DevId=9  Result=error
2026-03-09 20:18:47 FAIL  User=1100  MappedId=1100  Time=2026-03-09 19:38:57  LogType=OUT  DevId=9  Result=error
2026-03-09 20:19:18 FAIL  User=1144  MappedId=1144  Time=2026-03-09 19:39:23  LogType=OUT  DevId=9  Result=error
2026-03-09 20:19:42 OK    User=1039  MappedId=1039  Time=2026-03-09 19:41:03  LogType=OUT  DevId=9  Result=ok
2026-03-09 20:20:00 OK    User=629  MappedId=629  Time=2026-03-09 19:43:39  LogType=OUT  DevId=9  Result=ok
2026-03-09 20:20:16 OK    User=1220  MappedId=1220  Time=2026-03-09 19:44:10  LogType=OUT  DevId=9  Result=ok
2026-03-09 20:20:33 OK    User=375  MappedId=SS00375  Time=2026-03-09 19:44:15  LogType=OUT  DevId=9  Result=ok
2026-03-09 20:20:51 OK    User=375  MappedId=SS00375  Time=2026-03-09 19:44:16  LogType=OUT  DevId=9  Result=ok
2026-03-09 20:21:22 FAIL  User=1162  MappedId=1162  Time=2026-03-09 19:45:24  LogType=OUT  DevId=9  Result=error
2026-03-09 20:21:40 OK    User=1208  MappedId=1208  Time=2026-03-09 19:47:38  LogType=OUT  DevId=9  Result=ok
2026-03-09 20:22:11 FAIL  User=1208  MappedId=1208  Time=2026-03-09 19:47:39  LogType=OUT  DevId=9  Result=error
2026-03-09 20:22:42 FAIL  User=1203  MappedId=1203  Time=2026-03-09 19:49:24  LogType=OUT  DevId=9  Result=error
2026-03-09 20:22:44 OK    User=1203  MappedId=1203  Time=2026-03-09 19:49:27  LogType=OUT  DevId=9  Result=ok
2026-03-09 20:23:01 OK    User=1190  MappedId=1190  Time=2026-03-09 19:56:01  LogType=OUT  DevId=9  Result=ok
2026-03-09 20:23:32 FAIL  User=191  MappedId=SS00191  Time=2026-03-09 19:56:13  LogType=OUT  DevId=9  Result=error
2026-03-09 20:23:49 OK    User=1192  MappedId=1192  Time=2026-03-09 19:56:41  LogType=OUT  DevId=9  Result=ok
2026-03-09 20:24:05 OK    User=1145  MappedId=1145  Time=2026-03-09 19:56:49  LogType=OUT  DevId=9  Result=ok
2026-03-09 20:24:36 FAIL  User=1141  MappedId=1141  Time=2026-03-09 19:57:13  LogType=OUT  DevId=9  Result=error
2026-03-09 20:25:08 FAIL  User=720  MappedId=SS00720  Time=2026-03-09 19:57:19  LogType=OUT  DevId=9  Result=error
2026-03-09 20:26:14 SKIP  User=588  Time=2026-03-09 10:38:51  Reason=no_employee
2026-03-09 20:26:14 SKIP  User=7  Time=2026-03-09 11:25:35  Reason=no_employee
2026-03-09 20:26:14 SKIP  User=588  Time=2026-03-09 11:51:45  Reason=no_employee
2026-03-09 20:26:14 SKIP  User=588  Time=2026-03-09 11:56:32  Reason=no_employee
2026-03-09 20:26:14 SKIP  User=588  Time=2026-03-09 11:59:03  Reason=no_employee
2026-03-09 20:26:14 SKIP  User=7  Time=2026-03-09 12:10:11  Reason=no_employee
2026-03-09 20:26:14 SKIP  User=7  Time=2026-03-09 12:10:14  Reason=no_employee
2026-03-09 20:26:14 SKIP  User=7  Time=2026-03-09 12:29:53  Reason=no_employee
2026-03-09 20:26:14 SKIP  User=7  Time=2026-03-09 13:49:52  Reason=no_employee
2026-03-09 20:26:14 SKIP  User=7  Time=2026-03-09 14:12:09  Reason=no_employee
2026-03-09 20:26:14 SKIP  User=7  Time=2026-03-09 14:37:01  Reason=no_employee
2026-03-09 20:26:14 SKIP  User=7  Time=2026-03-09 16:12:05  Reason=no_employee
2026-03-09 20:26:14 SKIP  User=7  Time=2026-03-09 16:12:30  Reason=no_employee
2026-03-09 20:26:19 OK    User=493  MappedId=SS00493  Time=2026-03-09 19:21:52  LogType=OUT  DevId=9  Result=duplicate
2026-03-09 20:26:21 OK    User=1100  MappedId=1100  Time=2026-03-09 19:23:59  LogType=OUT  DevId=9  Result=duplicate
2026-03-09 20:26:23 OK    User=952  MappedId=952  Time=2026-03-09 19:24:52  LogType=OUT  DevId=9  Result=duplicate
2026-03-09 20:26:25 OK    User=1186  MappedId=1186  Time=2026-03-09 19:24:57  LogType=OUT  DevId=9  Result=duplicate
2026-03-09 20:26:27 OK    User=1153  MappedId=1153  Time=2026-03-09 19:25:33  LogType=OUT  DevId=9  Result=duplicate
2026-03-09 20:26:28 OK    User=954  MappedId=954  Time=2026-03-09 19:26:01  LogType=OUT  DevId=9  Result=duplicate
2026-03-09 20:26:30 OK    User=954  MappedId=954  Time=2026-03-09 19:26:03  LogType=OUT  DevId=9  Result=duplicate
2026-03-09 20:26:32 OK    User=1212  MappedId=1212  Time=2026-03-09 19:26:06  LogType=OUT  DevId=9  Result=duplicate
2026-03-09 20:26:34 OK    User=1207  MappedId=1207  Time=2026-03-09 19:26:09  LogType=OUT  DevId=9  Result=duplicate
2026-03-09 20:26:36 OK    User=965  MappedId=965  Time=2026-03-09 19:26:24  LogType=OUT  DevId=9  Result=duplicate
2026-03-09 20:26:38 OK    User=959  MappedId=959  Time=2026-03-09 19:27:29  LogType=OUT  DevId=9  Result=duplicate
2026-03-09 20:26:39 OK    User=961  MappedId=961  Time=2026-03-09 19:30:39  LogType=OUT  DevId=9  Result=duplicate
2026-03-09 20:26:41 OK    User=490  MappedId=SS00490  Time=2026-03-09 19:37:15  LogType=OUT  DevId=9  Result=duplicate
2026-03-09 20:26:43 OK    User=490  MappedId=SS00490  Time=2026-03-09 19:37:24  LogType=OUT  DevId=9  Result=duplicate
2026-03-09 20:26:45 OK    User=195  MappedId=SS00195  Time=2026-03-09 19:38:11  LogType=OUT  DevId=9  Result=duplicate
2026-03-09 20:26:47 OK    User=195  MappedId=SS00195  Time=2026-03-09 19:38:12  LogType=OUT  DevId=9  Result=duplicate
2026-03-09 20:26:48 OK    User=781  MappedId=781  Time=2026-03-09 19:38:50  LogType=OUT  DevId=9  Result=duplicate
2026-03-09 20:27:05 OK    User=1100  MappedId=1100  Time=2026-03-09 19:38:53  LogType=OUT  DevId=9  Result=duplicate
2026-03-09 20:27:07 OK    User=1100  MappedId=1100  Time=2026-03-09 19:38:54  LogType=OUT  DevId=9  Result=duplicate
2026-03-09 20:27:09 OK    User=1100  MappedId=1100  Time=2026-03-09 19:38:57  LogType=OUT  DevId=9  Result=duplicate
2026-03-09 20:27:10 OK    User=1144  MappedId=1144  Time=2026-03-09 19:39:23  LogType=OUT  DevId=9  Result=duplicate
2026-03-09 20:27:12 OK    User=1162  MappedId=1162  Time=2026-03-09 19:45:24  LogType=OUT  DevId=9  Result=duplicate
2026-03-09 20:27:14 OK    User=1208  MappedId=1208  Time=2026-03-09 19:47:39  LogType=OUT  DevId=9  Result=duplicate
2026-03-09 20:27:16 OK    User=1203  MappedId=1203  Time=2026-03-09 19:49:24  LogType=OUT  DevId=9  Result=duplicate
2026-03-09 20:27:18 OK    User=191  MappedId=SS00191  Time=2026-03-09 19:56:13  LogType=OUT  DevId=9  Result=duplicate
2026-03-09 20:27:33 OK    User=1141  MappedId=1141  Time=2026-03-09 19:57:13  LogType=OUT  DevId=9  Result=duplicate
2026-03-09 20:27:35 OK    User=720  MappedId=SS00720  Time=2026-03-09 19:57:19  LogType=OUT  DevId=9  Result=duplicate
2026-03-09 20:28:06 FAIL  User=1078  MappedId=1078  Time=2026-03-09 19:58:59  LogType=OUT  DevId=9  Result=error
2026-03-09 20:28:38 FAIL  User=937  MappedId=937  Time=2026-03-09 19:59:03  LogType=OUT  DevId=9  Result=error
2026-03-09 20:29:09 FAIL  User=1077  MappedId=1077  Time=2026-03-09 19:59:12  LogType=OUT  DevId=9  Result=error
2026-03-09 20:29:40 FAIL  User=1083  MappedId=1083  Time=2026-03-09 19:59:44  LogType=OUT  DevId=9  Result=error
2026-03-09 20:30:11 FAIL  User=1069  MappedId=1069  Time=2026-03-09 19:59:46  LogType=OUT  DevId=9  Result=error
2026-03-09 20:30:43 FAIL  User=1069  MappedId=1069  Time=2026-03-09 19:59:52  LogType=OUT  DevId=9  Result=error
2026-03-09 20:31:14 FAIL  User=880  MappedId=880  Time=2026-03-09 19:59:57  LogType=OUT  DevId=9  Result=error
2026-03-09 20:31:45 FAIL  User=1064  MappedId=1064  Time=2026-03-09 20:00:17  LogType=OUT  DevId=9  Result=error
2026-03-09 20:31:49 OK    User=1114  MappedId=1114  Time=2026-03-09 20:00:18  LogType=OUT  DevId=9  Result=ok
2026-03-09 20:31:51 OK    User=1064  MappedId=1064  Time=2026-03-09 20:00:22  LogType=OUT  DevId=9  Result=ok
2026-03-09 20:31:53 OK    User=1196  MappedId=1196  Time=2026-03-09 20:01:01  LogType=OUT  DevId=9  Result=ok
2026-03-09 20:31:55 OK    User=1224  MappedId=1224  Time=2026-03-09 20:02:13  LogType=OUT  DevId=9  Result=ok
2026-03-09 20:32:12 OK    User=1224  MappedId=1224  Time=2026-03-09 20:02:14  LogType=OUT  DevId=9  Result=ok
2026-03-09 20:32:30 OK    User=1156  MappedId=1156  Time=2026-03-09 20:02:41  LogType=OUT  DevId=9  Result=ok
2026-03-09 20:32:48 OK    User=1118  MappedId=1118  Time=2026-03-09 20:02:59  LogType=OUT  DevId=9  Result=ok
2026-03-09 20:33:05 OK    User=1188  MappedId=1188  Time=2026-03-09 20:04:45  LogType=OUT  DevId=9  Result=ok
2026-03-09 20:33:23 OK    User=1129  MappedId=1129  Time=2026-03-09 20:08:58  LogType=OUT  DevId=9  Result=ok
2026-03-09 20:33:41 OK    User=1129  MappedId=1129  Time=2026-03-09 20:09:00  LogType=OUT  DevId=9  Result=ok
2026-03-09 20:33:59 OK    User=960  MappedId=960  Time=2026-03-09 20:11:47  LogType=OUT  DevId=9  Result=ok
2026-03-09 20:34:30 FAIL  User=1084  MappedId=1084  Time=2026-03-09 20:12:11  LogType=OUT  DevId=9  Result=error
2026-03-09 20:35:01 FAIL  User=846  MappedId=846  Time=2026-03-09 20:13:55  LogType=OUT  DevId=9  Result=error
2026-03-09 20:35:19 OK    User=846  MappedId=846  Time=2026-03-09 20:13:56  LogType=OUT  DevId=9  Result=ok
2026-03-09 20:35:50 FAIL  User=846  MappedId=846  Time=2026-03-09 20:14:01  LogType=OUT  DevId=9  Result=error
2026-03-09 20:36:08 OK    User=846  MappedId=846  Time=2026-03-09 20:14:02  LogType=OUT  DevId=9  Result=ok
2026-03-09 20:36:40 FAIL  User=846  MappedId=846  Time=2026-03-09 20:14:03  LogType=OUT  DevId=9  Result=error
2026-03-09 20:36:56 OK    User=1150  MappedId=1150  Time=2026-03-09 20:15:34  LogType=OUT  DevId=9  Result=ok
2026-03-09 20:37:14 OK    User=958  MappedId=958  Time=2026-03-09 20:19:04  LogType=OUT  DevId=9  Result=ok
2026-03-09 20:37:32 OK    User=958  MappedId=958  Time=2026-03-09 20:19:05  LogType=OUT  DevId=9  Result=ok
2026-03-09 20:38:03 FAIL  User=SS00588  MappedId=SS00588  Time=2026-03-09 20:19:31  LogType=OUT  DevId=9  Result=error
2026-03-09 20:38:34 FAIL  User=947  MappedId=947  Time=2026-03-09 20:19:33  LogType=OUT  DevId=9  Result=error
2026-03-09 20:39:05 FAIL  User=947  MappedId=947  Time=2026-03-09 20:19:34  LogType=OUT  DevId=9  Result=error
2026-03-09 20:39:37 FAIL  User=947  MappedId=947  Time=2026-03-09 20:19:38  LogType=OUT  DevId=9  Result=error
2026-03-09 20:40:08 FAIL  User=941  MappedId=941  Time=2026-03-09 20:19:46  LogType=OUT  DevId=9  Result=error
2026-03-09 20:40:26 OK    User=941  MappedId=941  Time=2026-03-09 20:19:47  LogType=OUT  DevId=9  Result=ok
2026-03-09 20:40:44 OK    User=907  MappedId=907  Time=2026-03-09 20:21:18  LogType=OUT  DevId=9  Result=ok
2026-03-09 20:41:01 OK    User=825  MappedId=825  Time=2026-03-09 20:22:15  LogType=OUT  DevId=9  Result=ok
2026-03-09 20:41:33 FAIL  User=825  MappedId=825  Time=2026-03-09 20:22:17  LogType=OUT  DevId=9  Result=error
2026-03-09 20:42:04 FAIL  User=825  MappedId=825  Time=2026-03-09 20:22:22  LogType=OUT  DevId=9  Result=error
2026-03-09 20:42:07 OK    User=1143  MappedId=1143  Time=2026-03-09 20:22:47  LogType=OUT  DevId=9  Result=ok
2026-03-09 20:42:24 OK    User=879  MappedId=879  Time=2026-03-09 20:24:20  LogType=OUT  DevId=9  Result=ok
2026-03-09 20:42:42 OK    User=944  MappedId=944  Time=2026-03-09 20:26:19  LogType=OUT  DevId=9  Result=ok
2026-03-09 20:42:59 OK    User=944  MappedId=944  Time=2026-03-09 20:26:20  LogType=OUT  DevId=9  Result=ok
2026-03-09 20:44:04 SKIP  User=588  Time=2026-03-09 10:38:51  Reason=no_employee
2026-03-09 20:44:04 SKIP  User=7  Time=2026-03-09 11:25:35  Reason=no_employee
2026-03-09 20:44:04 SKIP  User=588  Time=2026-03-09 11:51:45  Reason=no_employee
2026-03-09 20:44:04 SKIP  User=588  Time=2026-03-09 11:56:32  Reason=no_employee
2026-03-09 20:44:04 SKIP  User=588  Time=2026-03-09 11:59:03  Reason=no_employee
2026-03-09 20:44:04 SKIP  User=7  Time=2026-03-09 12:10:11  Reason=no_employee
2026-03-09 20:44:04 SKIP  User=7  Time=2026-03-09 12:10:14  Reason=no_employee
2026-03-09 20:44:04 SKIP  User=7  Time=2026-03-09 12:29:53  Reason=no_employee
2026-03-09 20:44:04 SKIP  User=7  Time=2026-03-09 13:49:52  Reason=no_employee
2026-03-09 20:44:04 SKIP  User=7  Time=2026-03-09 14:12:09  Reason=no_employee
2026-03-09 20:44:04 SKIP  User=7  Time=2026-03-09 14:37:01  Reason=no_employee
2026-03-09 20:44:04 SKIP  User=7  Time=2026-03-09 16:12:05  Reason=no_employee
2026-03-09 20:44:04 SKIP  User=7  Time=2026-03-09 16:12:30  Reason=no_employee
2026-03-09 20:44:17 OK    User=1078  MappedId=1078  Time=2026-03-09 19:58:59  LogType=OUT  DevId=9  Result=duplicate
2026-03-09 20:44:19 OK    User=937  MappedId=937  Time=2026-03-09 19:59:03  LogType=OUT  DevId=9  Result=duplicate
2026-03-09 20:44:35 OK    User=1077  MappedId=1077  Time=2026-03-09 19:59:12  LogType=OUT  DevId=9  Result=duplicate
2026-03-09 20:44:37 OK    User=1083  MappedId=1083  Time=2026-03-09 19:59:44  LogType=OUT  DevId=9  Result=duplicate
2026-03-09 20:44:38 OK    User=1069  MappedId=1069  Time=2026-03-09 19:59:46  LogType=OUT  DevId=9  Result=duplicate
2026-03-09 20:44:40 OK    User=1069  MappedId=1069  Time=2026-03-09 19:59:52  LogType=OUT  DevId=9  Result=duplicate
2026-03-09 20:44:56 OK    User=880  MappedId=880  Time=2026-03-09 19:59:57  LogType=OUT  DevId=9  Result=duplicate
2026-03-09 20:44:58 OK    User=1064  MappedId=1064  Time=2026-03-09 20:00:17  LogType=OUT  DevId=9  Result=duplicate
2026-03-09 20:45:00 OK    User=1084  MappedId=1084  Time=2026-03-09 20:12:11  LogType=OUT  DevId=9  Result=duplicate
2026-03-09 20:45:02 OK    User=846  MappedId=846  Time=2026-03-09 20:13:55  LogType=OUT  DevId=9  Result=duplicate
2026-03-09 20:45:03 OK    User=846  MappedId=846  Time=2026-03-09 20:14:01  LogType=OUT  DevId=9  Result=duplicate
2026-03-09 20:45:19 OK    User=846  MappedId=846  Time=2026-03-09 20:14:03  LogType=OUT  DevId=9  Result=duplicate
2026-03-09 20:45:21 OK    User=SS00588  MappedId=SS00588  Time=2026-03-09 20:19:31  LogType=OUT  DevId=9  Result=duplicate
2026-03-09 20:45:23 OK    User=947  MappedId=947  Time=2026-03-09 20:19:33  LogType=OUT  DevId=9  Result=duplicate
2026-03-09 20:45:24 OK    User=947  MappedId=947  Time=2026-03-09 20:19:34  LogType=OUT  DevId=9  Result=duplicate
2026-03-09 20:45:40 OK    User=947  MappedId=947  Time=2026-03-09 20:19:38  LogType=OUT  DevId=9  Result=duplicate
2026-03-09 20:45:42 OK    User=941  MappedId=941  Time=2026-03-09 20:19:46  LogType=OUT  DevId=9  Result=duplicate
2026-03-09 20:45:58 OK    User=825  MappedId=825  Time=2026-03-09 20:22:17  LogType=OUT  DevId=9  Result=duplicate
2026-03-09 20:46:17 OK    User=825  MappedId=825  Time=2026-03-09 20:22:22  LogType=OUT  DevId=9  Result=duplicate
2026-03-09 20:46:35 OK    User=1143  MappedId=1143  Time=2026-03-09 20:26:55  LogType=OUT  DevId=9  Result=ok
2026-03-09 20:46:53 OK    User=1149  MappedId=1149  Time=2026-03-09 20:29:12  LogType=OUT  DevId=9  Result=ok
2026-03-09 20:47:10 OK    User=21  MappedId=SS0021  Time=2026-03-09 20:29:17  LogType=OUT  DevId=9  Result=ok
2026-03-09 20:47:42 FAIL  User=826  MappedId=826  Time=2026-03-09 20:30:30  LogType=OUT  DevId=9  Result=error
2026-03-09 20:48:13 FAIL  User=1160  MappedId=1160  Time=2026-03-09 20:30:59  LogType=OUT  DevId=9  Result=error
2026-03-09 20:48:29 OK    User=1092  MappedId=1092  Time=2026-03-09 20:31:06  LogType=OUT  DevId=9  Result=ok
2026-03-09 20:48:46 OK    User=1092  MappedId=1092  Time=2026-03-09 20:31:07  LogType=OUT  DevId=9  Result=ok
2026-03-09 20:49:17 FAIL  User=823  MappedId=823  Time=2026-03-09 20:31:28  LogType=OUT  DevId=9  Result=error
2026-03-09 20:49:19 OK    User=1217  MappedId=1217  Time=2026-03-09 20:33:58  LogType=OUT  DevId=9  Result=ok
2026-03-09 20:49:37 OK    User=954  MappedId=954  Time=2026-03-09 20:35:20  LogType=OUT  DevId=9  Result=ok
2026-03-09 20:49:54 OK    User=954  MappedId=954  Time=2026-03-09 20:35:21  LogType=OUT  DevId=9  Result=ok
2026-03-09 20:49:56 OK    User=1185  MappedId=1185  Time=2026-03-09 20:39:16  LogType=OUT  DevId=9  Result=ok
2026-03-09 20:50:14 OK    User=966  MappedId=966  Time=2026-03-09 20:39:19  LogType=OUT  DevId=9  Result=ok
2026-03-09 20:50:16 OK    User=888  MappedId=888  Time=2026-03-09 20:39:46  LogType=OUT  DevId=9  Result=ok
2026-03-09 20:50:17 OK    User=1199  MappedId=1199  Time=2026-03-09 20:39:52  LogType=OUT  DevId=9  Result=ok
2026-03-09 20:50:19 OK    User=1199  MappedId=1199  Time=2026-03-09 20:39:53  LogType=OUT  DevId=9  Result=ok
2026-03-09 20:50:21 OK    User=1199  MappedId=1199  Time=2026-03-09 20:39:58  LogType=OUT  DevId=9  Result=ok
2026-03-09 20:50:39 OK    User=300  MappedId=SS00300  Time=2026-03-09 20:40:02  LogType=OUT  DevId=9  Result=ok
2026-03-09 20:50:56 OK    User=961  MappedId=961  Time=2026-03-09 20:41:12  LogType=OUT  DevId=9  Result=ok
2026-03-09 20:51:14 OK    User=1077  MappedId=1077  Time=2026-03-09 20:41:47  LogType=OUT  DevId=9  Result=ok
2026-03-09 20:51:32 OK    User=846  MappedId=846  Time=2026-03-09 20:42:53  LogType=OUT  DevId=9  Result=ok
2026-03-09 20:51:50 OK    User=846  MappedId=846  Time=2026-03-09 20:42:54  LogType=OUT  DevId=9  Result=ok
2026-03-09 20:52:07 OK    User=24  MappedId=SS0024  Time=2026-03-09 20:43:11  LogType=OUT  DevId=9  Result=ok
2026-03-09 20:52:09 OK    User=1162  MappedId=1162  Time=2026-03-09 20:43:38  LogType=OUT  DevId=9  Result=ok
2026-03-09 20:52:11 OK    User=1170  MappedId=1170  Time=2026-03-09 20:43:41  LogType=OUT  DevId=9  Result=ok
2026-03-09 20:52:13 OK    User=1163  MappedId=1163  Time=2026-03-09 20:44:21  LogType=OUT  DevId=9  Result=ok
2026-03-09 20:53:18 SKIP  User=588  Time=2026-03-09 10:38:51  Reason=no_employee
2026-03-09 20:53:18 SKIP  User=7  Time=2026-03-09 11:25:35  Reason=no_employee
2026-03-09 20:53:18 SKIP  User=588  Time=2026-03-09 11:51:45  Reason=no_employee
2026-03-09 20:53:18 SKIP  User=588  Time=2026-03-09 11:56:32  Reason=no_employee
2026-03-09 20:53:18 SKIP  User=588  Time=2026-03-09 11:59:03  Reason=no_employee
2026-03-09 20:53:18 SKIP  User=7  Time=2026-03-09 12:10:11  Reason=no_employee
2026-03-09 20:53:18 SKIP  User=7  Time=2026-03-09 12:10:14  Reason=no_employee
2026-03-09 20:53:18 SKIP  User=7  Time=2026-03-09 12:29:53  Reason=no_employee
2026-03-09 20:53:18 SKIP  User=7  Time=2026-03-09 13:49:52  Reason=no_employee
2026-03-09 20:53:18 SKIP  User=7  Time=2026-03-09 14:12:09  Reason=no_employee
2026-03-09 20:53:18 SKIP  User=7  Time=2026-03-09 14:37:01  Reason=no_employee
2026-03-09 20:53:18 SKIP  User=7  Time=2026-03-09 16:12:05  Reason=no_employee
2026-03-09 20:53:18 SKIP  User=7  Time=2026-03-09 16:12:30  Reason=no_employee
2026-03-09 20:53:27 OK    User=826  MappedId=826  Time=2026-03-09 20:30:30  LogType=OUT  DevId=9  Result=duplicate
2026-03-09 20:53:29 OK    User=1160  MappedId=1160  Time=2026-03-09 20:30:59  LogType=OUT  DevId=9  Result=duplicate
2026-03-09 20:53:31 OK    User=823  MappedId=823  Time=2026-03-09 20:31:28  LogType=OUT  DevId=9  Result=duplicate
2026-03-09 20:53:49 OK    User=862  MappedId=862  Time=2026-03-09 20:45:23  LogType=OUT  DevId=9  Result=ok
2026-03-09 20:54:20 FAIL  User=980  MappedId=980  Time=2026-03-09 20:45:49  LogType=OUT  DevId=9  Result=error
2026-03-09 20:54:37 OK    User=980  MappedId=980  Time=2026-03-09 20:45:51  LogType=OUT  DevId=9  Result=ok
2026-03-09 20:54:55 OK    User=927  MappedId=927  Time=2026-03-09 20:46:06  LogType=OUT  DevId=9  Result=ok
2026-03-09 20:55:13 OK    User=936  MappedId=936  Time=2026-03-09 20:47:56  LogType=OUT  DevId=9  Result=ok
2026-03-09 20:55:14 OK    User=1117  MappedId=1117  Time=2026-03-09 20:48:46  LogType=OUT  DevId=9  Result=ok
2026-03-09 20:55:16 OK    User=1033  MappedId=1033  Time=2026-03-09 20:48:51  LogType=OUT  DevId=9  Result=ok
2026-03-09 20:55:18 OK    User=1033  MappedId=1033  Time=2026-03-09 20:48:57  LogType=OUT  DevId=9  Result=ok
2026-03-09 20:55:36 OK    User=1081  MappedId=1081  Time=2026-03-09 20:49:02  LogType=OUT  DevId=9  Result=ok
2026-03-09 20:55:53 OK    User=1039  MappedId=1039  Time=2026-03-09 20:49:08  LogType=OUT  DevId=9  Result=ok
2026-03-09 20:56:12 OK    User=1097  MappedId=1097  Time=2026-03-09 20:49:34  LogType=OUT  DevId=9  Result=ok
2026-03-09 20:56:30 OK    User=919  MappedId=919  Time=2026-03-09 20:50:13  LogType=OUT  DevId=9  Result=ok
2026-03-09 20:56:32 OK    User=1135  MappedId=1135  Time=2026-03-09 20:50:58  LogType=OUT  DevId=9  Result=ok
2026-03-09 20:56:33 OK    User=1093  MappedId=1093  Time=2026-03-09 20:51:38  LogType=OUT  DevId=9  Result=ok
2026-03-09 20:56:35 OK    User=1169  MappedId=1169  Time=2026-03-09 20:51:40  LogType=OUT  DevId=9  Result=ok
2026-03-09 20:56:37 OK    User=1169  MappedId=1169  Time=2026-03-09 20:51:41  LogType=OUT  DevId=9  Result=ok
2026-03-09 20:56:39 OK    User=1169  MappedId=1169  Time=2026-03-09 20:51:45  LogType=OUT  DevId=9  Result=ok
2026-03-09 20:56:57 OK    User=720  MappedId=SS00720  Time=2026-03-09 20:51:54  LogType=OUT  DevId=9  Result=ok
2026-03-09 20:57:15 OK    User=837  MappedId=837  Time=2026-03-09 20:52:04  LogType=OUT  DevId=9  Result=ok
2026-03-09 20:57:32 OK    User=837  MappedId=837  Time=2026-03-09 20:52:05  LogType=OUT  DevId=9  Result=ok
2026-03-09 20:57:50 OK    User=837  MappedId=837  Time=2026-03-09 20:52:08  LogType=OUT  DevId=9  Result=ok
2026-03-09 20:58:07 OK    User=837  MappedId=837  Time=2026-03-09 20:52:14  LogType=OUT  DevId=9  Result=ok
2026-03-09 20:58:25 OK    User=837  MappedId=837  Time=2026-03-09 20:52:32  LogType=OUT  DevId=9  Result=ok
2026-03-09 20:58:43 OK    User=1151  MappedId=1151  Time=2026-03-09 20:52:35  LogType=OUT  DevId=9  Result=ok
2026-03-09 20:59:00 OK    User=1065  MappedId=1065  Time=2026-03-09 20:52:37  LogType=OUT  DevId=9  Result=ok
2026-03-09 20:59:32 FAIL  User=1065  MappedId=1065  Time=2026-03-09 20:52:42  LogType=OUT  DevId=9  Result=error
2026-03-09 21:00:03 FAIL  User=1151  MappedId=1151  Time=2026-03-09 20:52:45  LogType=OUT  DevId=9  Result=error
2026-03-09 21:00:05 OK    User=1083  MappedId=1083  Time=2026-03-09 20:52:48  LogType=OUT  DevId=9  Result=ok
2026-03-09 21:01:10 SKIP  User=588  Time=2026-03-09 10:38:51  Reason=no_employee
2026-03-09 21:01:10 SKIP  User=7  Time=2026-03-09 11:25:35  Reason=no_employee
2026-03-09 21:01:10 SKIP  User=588  Time=2026-03-09 11:51:45  Reason=no_employee
2026-03-09 21:01:10 SKIP  User=588  Time=2026-03-09 11:56:32  Reason=no_employee
2026-03-09 21:01:10 SKIP  User=588  Time=2026-03-09 11:59:03  Reason=no_employee
2026-03-09 21:01:10 SKIP  User=7  Time=2026-03-09 12:10:11  Reason=no_employee
2026-03-09 21:01:10 SKIP  User=7  Time=2026-03-09 12:10:14  Reason=no_employee
2026-03-09 21:01:10 SKIP  User=7  Time=2026-03-09 12:29:53  Reason=no_employee
2026-03-09 21:01:10 SKIP  User=7  Time=2026-03-09 13:49:52  Reason=no_employee
2026-03-09 21:01:10 SKIP  User=7  Time=2026-03-09 14:12:09  Reason=no_employee
2026-03-09 21:01:10 SKIP  User=7  Time=2026-03-09 14:37:01  Reason=no_employee
2026-03-09 21:01:10 SKIP  User=7  Time=2026-03-09 16:12:05  Reason=no_employee
2026-03-09 21:01:10 SKIP  User=7  Time=2026-03-09 16:12:30  Reason=no_employee
2026-03-09 21:01:14 OK    User=980  MappedId=980  Time=2026-03-09 20:45:49  LogType=OUT  DevId=9  Result=duplicate
2026-03-09 21:01:32 OK    User=1065  MappedId=1065  Time=2026-03-09 20:52:42  LogType=OUT  DevId=9  Result=duplicate
2026-03-09 21:01:34 OK    User=1151  MappedId=1151  Time=2026-03-09 20:52:45  LogType=OUT  DevId=9  Result=duplicate
2026-03-09 21:02:05 FAIL  User=984  MappedId=984  Time=2026-03-09 20:54:26  LogType=OUT  DevId=9  Result=error
2026-03-09 21:02:22 OK    User=1176  MappedId=1176  Time=2026-03-09 20:54:38  LogType=OUT  DevId=9  Result=ok
2026-03-09 21:02:53 FAIL  User=1023  MappedId=1023  Time=2026-03-09 20:54:42  LogType=OUT  DevId=9  Result=error
2026-03-09 21:03:24 FAIL  User=1023  MappedId=1023  Time=2026-03-09 20:54:44  LogType=OUT  DevId=9  Result=error
2026-03-09 21:03:55 FAIL  User=1022  MappedId=1022  Time=2026-03-09 20:54:45  LogType=OUT  DevId=9  Result=error
2026-03-09 21:04:27 FAIL  User=1022  MappedId=1022  Time=2026-03-09 20:54:46  LogType=OUT  DevId=9  Result=error
2026-03-09 21:04:58 FAIL  User=992  MappedId=992  Time=2026-03-09 20:55:22  LogType=OUT  DevId=9  Result=error
2026-03-09 21:05:29 FAIL  User=992  MappedId=992  Time=2026-03-09 20:55:23  LogType=OUT  DevId=9  Result=error
2026-03-09 21:06:00 FAIL  User=952  MappedId=952  Time=2026-03-09 20:55:49  LogType=OUT  DevId=9  Result=error
2026-03-09 21:06:32 FAIL  User=1147  MappedId=1147  Time=2026-03-09 20:56:51  LogType=OUT  DevId=9  Result=error
2026-03-09 21:06:51 OK    User=1147  MappedId=1147  Time=2026-03-09 20:56:57  LogType=OUT  DevId=9  Result=ok
2026-03-09 21:07:23 FAIL  User=1147  MappedId=1147  Time=2026-03-09 20:56:58  LogType=OUT  DevId=9  Result=error
2026-03-09 21:07:54 FAIL  User=1064  MappedId=1064  Time=2026-03-09 20:57:05  LogType=OUT  DevId=9  Result=error
2026-03-09 21:08:11 OK    User=1064  MappedId=1064  Time=2026-03-09 20:57:07  LogType=OUT  DevId=9  Result=ok
2026-03-09 21:08:43 FAIL  User=1057  MappedId=1057  Time=2026-03-09 20:57:11  LogType=OUT  DevId=9  Result=error
2026-03-09 21:09:14 FAIL  User=1057  MappedId=1057  Time=2026-03-09 20:57:12  LogType=OUT  DevId=9  Result=error
2026-03-09 21:09:33 OK    User=836  MappedId=836  Time=2026-03-09 20:57:15  LogType=OUT  DevId=9  Result=ok
2026-03-09 21:10:04 FAIL  User=836  MappedId=836  Time=2026-03-09 20:57:16  LogType=OUT  DevId=9  Result=error
2026-03-09 21:10:21 OK    User=933  MappedId=933  Time=2026-03-09 20:57:17  LogType=OUT  DevId=9  Result=ok
2026-03-09 21:10:39 OK    User=933  MappedId=933  Time=2026-03-09 20:57:18  LogType=OUT  DevId=9  Result=ok
2026-03-09 21:10:55 OK    User=1188  MappedId=1188  Time=2026-03-09 20:58:15  LogType=OUT  DevId=9  Result=ok
2026-03-09 21:11:11 OK    User=1207  MappedId=1207  Time=2026-03-09 20:58:18  LogType=OUT  DevId=9  Result=ok
2026-03-09 21:11:42 FAIL  User=656  MappedId=SS00656  Time=2026-03-09 20:59:15  LogType=OUT  DevId=9  Result=error
2026-03-09 21:12:00 OK    User=1212  MappedId=1212  Time=2026-03-09 20:59:21  LogType=OUT  DevId=9  Result=ok
2026-03-09 21:12:31 FAIL  User=1062  MappedId=1062  Time=2026-03-09 21:00:03  LogType=OUT  DevId=9  Result=error
2026-03-09 21:12:49 OK    User=1167  MappedId=1167  Time=2026-03-09 21:00:07  LogType=OUT  DevId=9  Result=ok
2026-03-09 21:13:06 OK    User=1167  MappedId=1167  Time=2026-03-09 21:00:10  LogType=OUT  DevId=9  Result=ok
2026-03-09 21:13:37 FAIL  User=837  MappedId=837  Time=2026-03-09 21:01:17  LogType=OUT  DevId=9  Result=error
2026-03-09 21:14:09 FAIL  User=837  MappedId=837  Time=2026-03-09 21:01:18  LogType=OUT  DevId=9  Result=error
2026-03-09 21:14:27 OK    User=1181  MappedId=1181  Time=2026-03-09 21:01:23  LogType=OUT  DevId=9  Result=ok
2026-03-09 21:14:44 OK    User=1181  MappedId=1181  Time=2026-03-09 21:01:25  LogType=OUT  DevId=9  Result=ok
2026-03-09 21:15:02 OK    User=1181  MappedId=1181  Time=2026-03-09 21:01:27  LogType=OUT  DevId=9  Result=ok
2026-03-09 21:16:08 SKIP  User=588  Time=2026-03-09 10:38:51  Reason=no_employee
2026-03-09 21:16:08 SKIP  User=7  Time=2026-03-09 11:25:35  Reason=no_employee
2026-03-09 21:16:08 SKIP  User=588  Time=2026-03-09 11:51:45  Reason=no_employee
2026-03-09 21:16:08 SKIP  User=588  Time=2026-03-09 11:56:32  Reason=no_employee
2026-03-09 21:16:08 SKIP  User=588  Time=2026-03-09 11:59:03  Reason=no_employee
2026-03-09 21:16:08 SKIP  User=7  Time=2026-03-09 12:10:11  Reason=no_employee
2026-03-09 21:16:08 SKIP  User=7  Time=2026-03-09 12:10:14  Reason=no_employee
2026-03-09 21:16:08 SKIP  User=7  Time=2026-03-09 12:29:53  Reason=no_employee
2026-03-09 21:16:08 SKIP  User=7  Time=2026-03-09 13:49:52  Reason=no_employee
2026-03-09 21:16:08 SKIP  User=7  Time=2026-03-09 14:12:09  Reason=no_employee
2026-03-09 21:16:08 SKIP  User=7  Time=2026-03-09 14:37:01  Reason=no_employee
2026-03-09 21:16:08 SKIP  User=7  Time=2026-03-09 16:12:05  Reason=no_employee
2026-03-09 21:16:08 SKIP  User=7  Time=2026-03-09 16:12:30  Reason=no_employee
2026-03-09 21:16:14 OK    User=984  MappedId=984  Time=2026-03-09 20:54:26  LogType=OUT  DevId=9  Result=duplicate
2026-03-09 21:16:16 OK    User=1023  MappedId=1023  Time=2026-03-09 20:54:42  LogType=OUT  DevId=9  Result=duplicate
2026-03-09 21:16:32 OK    User=1023  MappedId=1023  Time=2026-03-09 20:54:44  LogType=OUT  DevId=9  Result=duplicate
2026-03-09 21:16:34 OK    User=1022  MappedId=1022  Time=2026-03-09 20:54:45  LogType=OUT  DevId=9  Result=ok
2026-03-09 21:16:49 OK    User=1022  MappedId=1022  Time=2026-03-09 20:54:46  LogType=OUT  DevId=9  Result=duplicate
2026-03-09 21:16:51 OK    User=992  MappedId=992  Time=2026-03-09 20:55:22  LogType=OUT  DevId=9  Result=duplicate
2026-03-09 21:17:07 OK    User=992  MappedId=992  Time=2026-03-09 20:55:23  LogType=OUT  DevId=9  Result=duplicate
2026-03-09 21:17:09 OK    User=952  MappedId=952  Time=2026-03-09 20:55:49  LogType=OUT  DevId=9  Result=duplicate
2026-03-09 21:17:24 OK    User=1147  MappedId=1147  Time=2026-03-09 20:56:51  LogType=OUT  DevId=9  Result=duplicate
2026-03-09 21:17:26 OK    User=1147  MappedId=1147  Time=2026-03-09 20:56:58  LogType=OUT  DevId=9  Result=duplicate
2026-03-09 21:17:44 OK    User=1064  MappedId=1064  Time=2026-03-09 20:57:05  LogType=OUT  DevId=9  Result=duplicate
2026-03-09 21:17:46 OK    User=1057  MappedId=1057  Time=2026-03-09 20:57:11  LogType=OUT  DevId=9  Result=duplicate
2026-03-09 21:17:48 OK    User=1057  MappedId=1057  Time=2026-03-09 20:57:12  LogType=OUT  DevId=9  Result=duplicate
2026-03-09 21:18:05 OK    User=836  MappedId=836  Time=2026-03-09 20:57:16  LogType=OUT  DevId=9  Result=duplicate
2026-03-09 21:18:07 OK    User=656  MappedId=SS00656  Time=2026-03-09 20:59:15  LogType=OUT  DevId=9  Result=duplicate
2026-03-09 21:18:08 OK    User=1062  MappedId=1062  Time=2026-03-09 21:00:03  LogType=OUT  DevId=9  Result=duplicate
2026-03-09 21:18:10 OK    User=837  MappedId=837  Time=2026-03-09 21:01:17  LogType=OUT  DevId=9  Result=duplicate
2026-03-09 21:18:12 OK    User=837  MappedId=837  Time=2026-03-09 21:01:18  LogType=OUT  DevId=9  Result=duplicate
2026-03-09 21:18:14 OK    User=1153  MappedId=1153  Time=2026-03-09 21:01:37  LogType=OUT  DevId=9  Result=ok
2026-03-09 21:18:16 OK    User=1161  MappedId=1161  Time=2026-03-09 21:01:44  LogType=OUT  DevId=9  Result=ok
2026-03-09 21:18:33 OK    User=860  MappedId=860  Time=2026-03-09 21:02:40  LogType=OUT  DevId=9  Result=ok
2026-03-09 21:18:51 OK    User=928  MappedId=928  Time=2026-03-09 21:04:00  LogType=OUT  DevId=9  Result=ok
2026-03-09 21:19:08 OK    User=928  MappedId=928  Time=2026-03-09 21:04:02  LogType=OUT  DevId=9  Result=ok
2026-03-09 21:19:39 FAIL  User=1002  MappedId=1002  Time=2026-03-09 21:04:05  LogType=OUT  DevId=9  Result=error
2026-03-09 21:20:11 FAIL  User=1065  MappedId=1065  Time=2026-03-09 21:04:19  LogType=OUT  DevId=9  Result=error
2026-03-09 21:20:42 FAIL  User=964  MappedId=964  Time=2026-03-09 21:04:23  LogType=OUT  DevId=9  Result=error
2026-03-09 21:21:00 OK    User=964  MappedId=964  Time=2026-03-09 21:04:31  LogType=OUT  DevId=9  Result=ok
2026-03-09 21:21:18 OK    User=959  MappedId=959  Time=2026-03-09 21:04:36  LogType=OUT  DevId=9  Result=ok
2026-03-09 21:21:20 OK    User=1182  MappedId=1182  Time=2026-03-09 21:04:44  LogType=OUT  DevId=9  Result=ok
2026-03-09 21:21:21 OK    User=1214  MappedId=1214  Time=2026-03-09 21:04:56  LogType=OUT  DevId=9  Result=ok
2026-03-09 21:21:39 OK    User=931  MappedId=931  Time=2026-03-09 21:04:59  LogType=OUT  DevId=9  Result=ok
2026-03-09 21:21:41 OK    User=1221  MappedId=1221  Time=2026-03-09 21:05:17  LogType=OUT  DevId=9  Result=ok
2026-03-09 21:21:58 OK    User=1151  MappedId=1151  Time=2026-03-09 21:05:54  LogType=OUT  DevId=9  Result=ok
2026-03-09 21:22:00 OK    User=1186  MappedId=1186  Time=2026-03-09 21:06:27  LogType=OUT  DevId=9  Result=ok
2026-03-09 21:22:02 OK    User=1160  MappedId=1160  Time=2026-03-09 21:07:59  LogType=OUT  DevId=9  Result=ok
2026-03-09 21:22:19 OK    User=931  MappedId=931  Time=2026-03-09 21:08:02  LogType=OUT  DevId=9  Result=ok
2026-03-09 21:22:37 OK    User=931  MappedId=931  Time=2026-03-09 21:08:06  LogType=OUT  DevId=9  Result=ok
2026-03-09 21:22:39 OK    User=1129  MappedId=1129  Time=2026-03-09 21:08:19  LogType=OUT  DevId=9  Result=ok
2026-03-09 21:22:40 OK    User=1129  MappedId=1129  Time=2026-03-09 21:08:20  LogType=OUT  DevId=9  Result=ok
2026-03-09 21:22:58 OK    User=1037  MappedId=1037  Time=2026-03-09 21:08:25  LogType=OUT  DevId=9  Result=ok
2026-03-09 21:23:29 FAIL  User=1037  MappedId=1037  Time=2026-03-09 21:08:29  LogType=OUT  DevId=9  Result=error
2026-03-09 21:23:47 OK    User=796  MappedId=796  Time=2026-03-09 21:08:32  LogType=OUT  DevId=9  Result=ok
2026-03-09 21:24:18 FAIL  User=796  MappedId=796  Time=2026-03-09 21:08:34  LogType=OUT  DevId=9  Result=error
2026-03-09 21:24:36 OK    User=914  MappedId=914  Time=2026-03-09 21:10:03  LogType=OUT  DevId=9  Result=ok
2026-03-09 21:24:51 OK    User=978  MappedId=978  Time=2026-03-09 21:11:07  LogType=OUT  DevId=9  Result=ok
2026-03-09 21:25:07 OK    User=978  MappedId=978  Time=2026-03-09 21:11:09  LogType=OUT  DevId=9  Result=ok
2026-03-09 21:25:38 FAIL  User=965  MappedId=965  Time=2026-03-09 21:12:00  LogType=OUT  DevId=9  Result=error
2026-03-09 21:25:56 OK    User=1203  MappedId=1203  Time=2026-03-09 21:12:06  LogType=OUT  DevId=9  Result=ok
2026-03-09 21:26:28 FAIL  User=1018  MappedId=1018  Time=2026-03-09 21:12:52  LogType=OUT  DevId=9  Result=error
2026-03-09 21:26:59 FAIL  User=1018  MappedId=1018  Time=2026-03-09 21:12:54  LogType=OUT  DevId=9  Result=error
2026-03-09 21:27:17 OK    User=1159  MappedId=1159  Time=2026-03-09 21:13:53  LogType=OUT  DevId=9  Result=ok
2026-03-09 21:27:34 OK    User=1126  MappedId=1126  Time=2026-03-09 21:14:58  LogType=OUT  DevId=9  Result=ok
2026-03-09 21:28:06 FAIL  User=1151  MappedId=1151  Time=2026-03-09 21:16:07  LogType=OUT  DevId=9  Result=error
2026-03-09 21:28:37 FAIL  User=1151  MappedId=1151  Time=2026-03-09 21:16:08  LogType=OUT  DevId=9  Result=error
2026-03-09 21:29:08 FAIL  User=1151  MappedId=1151  Time=2026-03-09 21:16:10  LogType=OUT  DevId=9  Result=error
2026-03-09 21:30:14 SKIP  User=588  Time=2026-03-09 10:38:51  Reason=no_employee
2026-03-09 21:30:14 SKIP  User=7  Time=2026-03-09 11:25:35  Reason=no_employee
2026-03-09 21:30:14 SKIP  User=588  Time=2026-03-09 11:51:45  Reason=no_employee
2026-03-09 21:30:14 SKIP  User=588  Time=2026-03-09 11:56:32  Reason=no_employee
2026-03-09 21:30:14 SKIP  User=588  Time=2026-03-09 11:59:03  Reason=no_employee
2026-03-09 21:30:14 SKIP  User=7  Time=2026-03-09 12:10:11  Reason=no_employee
2026-03-09 21:30:14 SKIP  User=7  Time=2026-03-09 12:10:14  Reason=no_employee
2026-03-09 21:30:14 SKIP  User=7  Time=2026-03-09 12:29:53  Reason=no_employee
2026-03-09 21:30:14 SKIP  User=7  Time=2026-03-09 13:49:52  Reason=no_employee
2026-03-09 21:30:14 SKIP  User=7  Time=2026-03-09 14:12:09  Reason=no_employee
2026-03-09 21:30:14 SKIP  User=7  Time=2026-03-09 14:37:01  Reason=no_employee
2026-03-09 21:30:14 SKIP  User=7  Time=2026-03-09 16:12:05  Reason=no_employee
2026-03-09 21:30:14 SKIP  User=7  Time=2026-03-09 16:12:30  Reason=no_employee
2026-03-09 21:30:15 OK    User=1002  MappedId=1002  Time=2026-03-09 21:04:05  LogType=OUT  DevId=9  Result=duplicate
2026-03-09 21:30:32 OK    User=1065  MappedId=1065  Time=2026-03-09 21:04:19  LogType=OUT  DevId=9  Result=duplicate
2026-03-09 21:30:50 OK    User=964  MappedId=964  Time=2026-03-09 21:04:23  LogType=OUT  DevId=9  Result=duplicate
2026-03-09 21:30:51 OK    User=1037  MappedId=1037  Time=2026-03-09 21:08:29  LogType=OUT  DevId=9  Result=duplicate
2026-03-09 21:31:08 OK    User=796  MappedId=796  Time=2026-03-09 21:08:34  LogType=OUT  DevId=9  Result=duplicate
2026-03-09 21:31:26 OK    User=965  MappedId=965  Time=2026-03-09 21:12:00  LogType=OUT  DevId=9  Result=duplicate
2026-03-09 21:31:27 OK    User=1018  MappedId=1018  Time=2026-03-09 21:12:52  LogType=OUT  DevId=9  Result=duplicate
2026-03-09 21:31:43 OK    User=1018  MappedId=1018  Time=2026-03-09 21:12:54  LogType=OUT  DevId=9  Result=duplicate
2026-03-09 21:31:45 OK    User=1151  MappedId=1151  Time=2026-03-09 21:16:07  LogType=OUT  DevId=9  Result=duplicate
2026-03-09 21:31:47 OK    User=1151  MappedId=1151  Time=2026-03-09 21:16:08  LogType=OUT  DevId=9  Result=duplicate
2026-03-09 21:32:02 OK    User=1151  MappedId=1151  Time=2026-03-09 21:16:10  LogType=OUT  DevId=9  Result=duplicate
2026-03-09 21:32:20 OK    User=1207  MappedId=1207  Time=2026-03-09 21:17:26  LogType=OUT  DevId=9  Result=ok
2026-03-09 21:32:51 FAIL  User=1038  MappedId=1038  Time=2026-03-09 21:17:32  LogType=OUT  DevId=9  Result=error
2026-03-09 21:33:23 FAIL  User=788  MappedId=788  Time=2026-03-09 21:19:52  LogType=OUT  DevId=9  Result=error
2026-03-09 21:33:54 FAIL  User=972  MappedId=972  Time=2026-03-09 21:19:56  LogType=OUT  DevId=9  Result=error
2026-03-09 21:34:25 FAIL  User=972  MappedId=972  Time=2026-03-09 21:20:00  LogType=OUT  DevId=9  Result=error
2026-03-09 21:34:56 FAIL  User=1225  MappedId=1225  Time=2026-03-09 21:22:52  LogType=OUT  DevId=9  Result=error
2026-03-09 21:35:28 FAIL  User=1210  MappedId=1210  Time=2026-03-09 21:23:32  LogType=OUT  DevId=9  Result=error
2026-03-09 21:35:46 OK    User=1210  MappedId=1210  Time=2026-03-09 21:23:33  LogType=OUT  DevId=9  Result=ok
2026-03-09 21:36:04 OK    User=1078  MappedId=1078  Time=2026-03-09 21:24:24  LogType=OUT  DevId=9  Result=ok
2026-03-09 21:36:22 OK    User=1078  MappedId=1078  Time=2026-03-09 21:24:25  LogType=OUT  DevId=9  Result=ok
2026-03-09 21:36:24 OK    User=1185  MappedId=1185  Time=2026-03-09 21:24:39  LogType=OUT  DevId=9  Result=ok
2026-03-09 21:36:41 OK    User=998  MappedId=998  Time=2026-03-09 21:24:43  LogType=OUT  DevId=9  Result=ok
2026-03-09 21:36:59 OK    User=998  MappedId=998  Time=2026-03-09 21:24:50  LogType=OUT  DevId=9  Result=ok
2026-03-09 21:37:16 OK    User=857  MappedId=857  Time=2026-03-09 21:26:25  LogType=OUT  DevId=9  Result=ok
2026-03-09 21:37:34 OK    User=857  MappedId=857  Time=2026-03-09 21:26:26  LogType=OUT  DevId=9  Result=ok
2026-03-09 21:37:51 OK    User=822  MappedId=822  Time=2026-03-09 21:26:29  LogType=OUT  DevId=9  Result=ok
2026-03-09 21:38:09 OK    User=822  MappedId=822  Time=2026-03-09 21:26:30  LogType=OUT  DevId=9  Result=ok
2026-03-09 21:38:26 OK    User=822  MappedId=822  Time=2026-03-09 21:26:34  LogType=OUT  DevId=9  Result=ok
2026-03-09 21:38:28 OK    User=1087  MappedId=1087  Time=2026-03-09 21:26:51  LogType=OUT  DevId=9  Result=ok
2026-03-09 21:38:30 OK    User=1202  MappedId=1202  Time=2026-03-09 21:27:29  LogType=OUT  DevId=9  Result=ok
2026-03-09 21:38:48 OK    User=968  MappedId=968  Time=2026-03-09 21:28:53  LogType=OUT  DevId=9  Result=ok
2026-03-09 21:38:49 OK    User=1162  MappedId=1162  Time=2026-03-09 21:30:08  LogType=OUT  DevId=9  Result=ok
2026-03-09 21:39:55 SKIP  User=588  Time=2026-03-09 10:38:51  Reason=no_employee
2026-03-09 21:39:55 SKIP  User=7  Time=2026-03-09 11:25:35  Reason=no_employee
2026-03-09 21:39:55 SKIP  User=588  Time=2026-03-09 11:51:45  Reason=no_employee
2026-03-09 21:39:55 SKIP  User=588  Time=2026-03-09 11:56:32  Reason=no_employee
2026-03-09 21:39:55 SKIP  User=588  Time=2026-03-09 11:59:03  Reason=no_employee
2026-03-09 21:39:55 SKIP  User=7  Time=2026-03-09 12:10:11  Reason=no_employee
2026-03-09 21:39:55 SKIP  User=7  Time=2026-03-09 12:10:14  Reason=no_employee
2026-03-09 21:39:55 SKIP  User=7  Time=2026-03-09 12:29:53  Reason=no_employee
2026-03-09 21:39:55 SKIP  User=7  Time=2026-03-09 13:49:52  Reason=no_employee
2026-03-09 21:39:55 SKIP  User=7  Time=2026-03-09 14:12:09  Reason=no_employee
2026-03-09 21:39:55 SKIP  User=7  Time=2026-03-09 14:37:01  Reason=no_employee
2026-03-09 21:39:55 SKIP  User=7  Time=2026-03-09 16:12:05  Reason=no_employee
2026-03-09 21:39:55 SKIP  User=7  Time=2026-03-09 16:12:30  Reason=no_employee
2026-03-09 21:39:57 OK    User=1038  MappedId=1038  Time=2026-03-09 21:17:32  LogType=OUT  DevId=9  Result=duplicate
2026-03-09 21:40:14 OK    User=788  MappedId=788  Time=2026-03-09 21:19:52  LogType=OUT  DevId=9  Result=duplicate
2026-03-09 21:40:32 OK    User=972  MappedId=972  Time=2026-03-09 21:19:56  LogType=OUT  DevId=9  Result=duplicate
2026-03-09 21:40:49 OK    User=972  MappedId=972  Time=2026-03-09 21:20:00  LogType=OUT  DevId=9  Result=duplicate
2026-03-09 21:41:08 OK    User=1225  MappedId=1225  Time=2026-03-09 21:22:52  LogType=OUT  DevId=9  Result=duplicate
2026-03-09 21:41:25 OK    User=1210  MappedId=1210  Time=2026-03-09 21:23:32  LogType=OUT  DevId=9  Result=duplicate
2026-03-09 21:41:27 OK    User=1198  MappedId=1198  Time=2026-03-09 21:32:53  LogType=OUT  DevId=9  Result=ok
2026-03-09 21:41:29 OK    User=1198  MappedId=1198  Time=2026-03-09 21:32:54  LogType=OUT  DevId=9  Result=ok
2026-03-09 21:41:47 OK    User=825  MappedId=825  Time=2026-03-09 21:33:20  LogType=OUT  DevId=9  Result=ok
2026-03-09 21:41:49 OK    User=1177  MappedId=1177  Time=2026-03-09 21:33:51  LogType=OUT  DevId=9  Result=ok
2026-03-09 21:41:51 OK    User=1118  MappedId=1118  Time=2026-03-09 21:34:01  LogType=OUT  DevId=9  Result=ok
2026-03-09 21:41:52 OK    User=1056  MappedId=1056  Time=2026-03-09 21:37:15  LogType=OUT  DevId=9  Result=ok
2026-03-09 21:41:54 OK    User=1044  MappedId=1044  Time=2026-03-09 21:37:20  LogType=OUT  DevId=9  Result=ok
2026-03-09 21:42:12 OK    User=924  MappedId=924  Time=2026-03-09 21:38:13  LogType=OUT  DevId=9  Result=ok
2026-03-09 21:42:32 OK    User=976  MappedId=976  Time=2026-03-09 21:38:34  LogType=OUT  DevId=9  Result=ok
2026-03-09 21:42:51 OK    User=835  MappedId=835  Time=2026-03-09 21:39:04  LogType=OUT  DevId=9  Result=ok
2026-03-09 21:43:08 OK    User=1070  MappedId=1070  Time=2026-03-09 21:39:38  LogType=OUT  DevId=9  Result=ok
2026-03-09 21:43:24 OK    User=1226  MappedId=1226  Time=2026-03-09 21:39:42  LogType=OUT  DevId=9  Result=ok
2026-03-09 21:43:43 OK    User=1226  MappedId=1226  Time=2026-03-09 21:39:43  LogType=OUT  DevId=9  Result=ok
2026-03-09 21:43:45 OK    User=1226  MappedId=1226  Time=2026-03-09 21:39:50  LogType=OUT  DevId=9  Result=ok
2026-03-09 21:44:04 OK    User=1151  MappedId=1151  Time=2026-03-09 21:39:54  LogType=OUT  DevId=9  Result=ok
2026-03-09 21:44:22 OK    User=1151  MappedId=1151  Time=2026-03-09 21:39:58  LogType=OUT  DevId=9  Result=ok
2026-03-09 21:44:41 OK    User=1151  MappedId=1151  Time=2026-03-09 21:40:00  LogType=OUT  DevId=9  Result=ok
2026-03-09 21:44:59 OK    User=1151  MappedId=1151  Time=2026-03-09 21:40:04  LogType=OUT  DevId=9  Result=ok
2026-03-09 21:45:18 OK    User=1151  MappedId=1151  Time=2026-03-09 21:40:06  LogType=OUT  DevId=9  Result=ok
2026-03-09 21:45:49 FAIL  User=1151  MappedId=1151  Time=2026-03-09 21:40:08  LogType=OUT  DevId=9  Result=error
2026-03-09 21:46:08 OK    User=1151  MappedId=1151  Time=2026-03-09 21:40:10  LogType=OUT  DevId=9  Result=ok
2026-03-09 21:46:27 OK    User=1151  MappedId=1151  Time=2026-03-09 21:40:12  LogType=OUT  DevId=9  Result=ok
2026-03-09 21:46:45 OK    User=1151  MappedId=1151  Time=2026-03-09 21:40:13  LogType=OUT  DevId=9  Result=ok
2026-03-09 21:47:03 OK    User=1151  MappedId=1151  Time=2026-03-09 21:40:18  LogType=OUT  DevId=9  Result=ok
2026-03-09 21:48:09 SKIP  User=588  Time=2026-03-09 10:38:51  Reason=no_employee
2026-03-09 21:48:09 SKIP  User=7  Time=2026-03-09 11:25:35  Reason=no_employee
2026-03-09 21:48:09 SKIP  User=588  Time=2026-03-09 11:51:45  Reason=no_employee
2026-03-09 21:48:09 SKIP  User=588  Time=2026-03-09 11:56:32  Reason=no_employee
2026-03-09 21:48:09 SKIP  User=588  Time=2026-03-09 11:59:03  Reason=no_employee
2026-03-09 21:48:09 SKIP  User=7  Time=2026-03-09 12:10:11  Reason=no_employee
2026-03-09 21:48:09 SKIP  User=7  Time=2026-03-09 12:10:14  Reason=no_employee
2026-03-09 21:48:09 SKIP  User=7  Time=2026-03-09 12:29:53  Reason=no_employee
2026-03-09 21:48:09 SKIP  User=7  Time=2026-03-09 13:49:52  Reason=no_employee
2026-03-09 21:48:09 SKIP  User=7  Time=2026-03-09 14:12:09  Reason=no_employee
2026-03-09 21:48:09 SKIP  User=7  Time=2026-03-09 14:37:01  Reason=no_employee
2026-03-09 21:48:09 SKIP  User=7  Time=2026-03-09 16:12:05  Reason=no_employee
2026-03-09 21:48:09 SKIP  User=7  Time=2026-03-09 16:12:30  Reason=no_employee
2026-03-09 21:48:10 OK    User=1151  MappedId=1151  Time=2026-03-09 21:40:08  LogType=OUT  DevId=9  Result=duplicate
2026-03-09 21:48:27 OK    User=1151  MappedId=1151  Time=2026-03-09 21:40:25  LogType=OUT  DevId=9  Result=ok
2026-03-09 21:48:45 OK    User=1151  MappedId=1151  Time=2026-03-09 21:40:29  LogType=OUT  DevId=9  Result=ok
2026-03-09 21:49:16 FAIL  User=1151  MappedId=1151  Time=2026-03-09 21:40:33  LogType=OUT  DevId=9  Result=error
2026-03-09 21:49:34 OK    User=879  MappedId=879  Time=2026-03-09 21:40:39  LogType=OUT  DevId=9  Result=ok
2026-03-09 21:49:51 OK    User=781  MappedId=781  Time=2026-03-09 21:40:44  LogType=OUT  DevId=9  Result=ok
2026-03-09 21:50:09 OK    User=879  MappedId=879  Time=2026-03-09 21:40:58  LogType=OUT  DevId=9  Result=ok
2026-03-09 21:50:26 OK    User=1151  MappedId=1151  Time=2026-03-09 21:41:16  LogType=OUT  DevId=9  Result=ok
2026-03-09 21:50:58 FAIL  User=1151  MappedId=1151  Time=2026-03-09 21:41:17  LogType=OUT  DevId=9  Result=error
2026-03-09 21:51:15 OK    User=1135  MappedId=1135  Time=2026-03-09 21:41:26  LogType=OUT  DevId=9  Result=ok
2026-03-09 21:51:31 OK    User=1135  MappedId=1135  Time=2026-03-09 21:41:27  LogType=OUT  DevId=9  Result=ok
2026-03-09 21:51:32 OK    User=1139  MappedId=1139  Time=2026-03-09 21:41:31  LogType=OUT  DevId=9  Result=ok
2026-03-09 21:51:34 OK    User=1135  MappedId=1135  Time=2026-03-09 21:41:46  LogType=OUT  DevId=9  Result=ok
2026-03-09 21:51:52 OK    User=1100  MappedId=1100  Time=2026-03-09 21:42:09  LogType=OUT  DevId=9  Result=ok
2026-03-09 21:52:09 OK    User=1100  MappedId=1100  Time=2026-03-09 21:42:10  LogType=OUT  DevId=9  Result=ok
2026-03-09 21:52:27 OK    User=860  MappedId=860  Time=2026-03-09 21:42:49  LogType=OUT  DevId=9  Result=ok
2026-03-09 21:52:45 OK    User=860  MappedId=860  Time=2026-03-09 21:42:50  LogType=OUT  DevId=9  Result=ok
2026-03-09 21:53:02 OK    User=860  MappedId=860  Time=2026-03-09 21:42:52  LogType=OUT  DevId=9  Result=ok
2026-03-09 21:53:20 OK    User=1003  MappedId=1003  Time=2026-03-09 21:42:53  LogType=OUT  DevId=9  Result=ok
2026-03-09 21:53:38 OK    User=1003  MappedId=1003  Time=2026-03-09 21:42:55  LogType=OUT  DevId=9  Result=ok
2026-03-09 21:53:55 OK    User=1003  MappedId=1003  Time=2026-03-09 21:42:56  LogType=OUT  DevId=9  Result=ok
2026-03-09 21:54:13 OK    User=1003  MappedId=1003  Time=2026-03-09 21:42:58  LogType=OUT  DevId=9  Result=ok
2026-03-09 21:54:31 OK    User=1077  MappedId=1077  Time=2026-03-09 21:43:13  LogType=OUT  DevId=9  Result=ok
2026-03-09 21:54:48 OK    User=920  MappedId=920  Time=2026-03-09 21:43:45  LogType=OUT  DevId=9  Result=ok
2026-03-09 21:55:04 OK    User=1189  MappedId=1189  Time=2026-03-09 21:45:02  LogType=OUT  DevId=9  Result=ok
2026-03-09 21:55:06 OK    User=1191  MappedId=1191  Time=2026-03-09 21:45:07  LogType=OUT  DevId=9  Result=ok
2026-03-09 21:55:24 OK    User=970  MappedId=970  Time=2026-03-09 21:45:19  LogType=OUT  DevId=9  Result=ok
2026-03-09 21:55:26 OK    User=1114  MappedId=1114  Time=2026-03-09 21:46:30  LogType=OUT  DevId=9  Result=ok
2026-03-09 21:55:27 OK    User=1163  MappedId=1163  Time=2026-03-09 21:47:06  LogType=OUT  DevId=9  Result=ok
2026-03-09 21:56:34 SKIP  User=588  Time=2026-03-09 10:38:51  Reason=no_employee
2026-03-09 21:56:34 SKIP  User=7  Time=2026-03-09 11:25:35  Reason=no_employee
2026-03-09 21:56:34 SKIP  User=588  Time=2026-03-09 11:51:45  Reason=no_employee
2026-03-09 21:56:34 SKIP  User=588  Time=2026-03-09 11:56:32  Reason=no_employee
2026-03-09 21:56:34 SKIP  User=588  Time=2026-03-09 11:59:03  Reason=no_employee
2026-03-09 21:56:34 SKIP  User=7  Time=2026-03-09 12:10:11  Reason=no_employee
2026-03-09 21:56:34 SKIP  User=7  Time=2026-03-09 12:10:14  Reason=no_employee
2026-03-09 21:56:34 SKIP  User=7  Time=2026-03-09 12:29:53  Reason=no_employee
2026-03-09 21:56:34 SKIP  User=7  Time=2026-03-09 13:49:52  Reason=no_employee
2026-03-09 21:56:34 SKIP  User=7  Time=2026-03-09 14:12:09  Reason=no_employee
2026-03-09 21:56:34 SKIP  User=7  Time=2026-03-09 14:37:01  Reason=no_employee
2026-03-09 21:56:34 SKIP  User=7  Time=2026-03-09 16:12:05  Reason=no_employee
2026-03-09 21:56:34 SKIP  User=7  Time=2026-03-09 16:12:30  Reason=no_employee
2026-03-09 21:56:35 OK    User=1151  MappedId=1151  Time=2026-03-09 21:40:33  LogType=OUT  DevId=9  Result=duplicate
2026-03-09 21:56:37 OK    User=1151  MappedId=1151  Time=2026-03-09 21:41:17  LogType=OUT  DevId=9  Result=duplicate
2026-03-09 21:56:54 OK    User=1023  MappedId=1023  Time=2026-03-09 21:48:48  LogType=OUT  DevId=9  Result=ok
2026-03-09 21:57:12 OK    User=1023  MappedId=1023  Time=2026-03-09 21:48:49  LogType=OUT  DevId=9  Result=ok
2026-03-09 21:57:29 OK    User=880  MappedId=880  Time=2026-03-09 21:49:15  LogType=OUT  DevId=9  Result=ok
2026-03-09 21:57:47 OK    User=880  MappedId=880  Time=2026-03-09 21:49:16  LogType=OUT  DevId=9  Result=ok
2026-03-09 21:57:49 OK    User=1115  MappedId=1115  Time=2026-03-09 21:50:01  LogType=OUT  DevId=9  Result=ok
2026-03-09 21:58:07 OK    User=996  MappedId=996  Time=2026-03-09 21:52:50  LogType=OUT  DevId=9  Result=ok
2026-03-09 21:58:24 OK    User=996  MappedId=996  Time=2026-03-09 21:52:51  LogType=OUT  DevId=9  Result=ok
2026-03-09 21:58:42 OK    User=999  MappedId=999  Time=2026-03-09 21:55:23  LogType=OUT  DevId=9  Result=ok
2026-03-09 21:58:59 OK    User=836  MappedId=836  Time=2026-03-09 21:56:39  LogType=OUT  DevId=9  Result=ok
2026-03-09 21:59:17 OK    User=836  MappedId=836  Time=2026-03-09 21:56:41  LogType=OUT  DevId=9  Result=ok
2026-03-09 22:00:24 SKIP  User=588  Time=2026-03-09 10:38:51  Reason=no_employee
2026-03-09 22:00:24 SKIP  User=7  Time=2026-03-09 11:25:35  Reason=no_employee
2026-03-09 22:00:24 SKIP  User=588  Time=2026-03-09 11:51:45  Reason=no_employee
2026-03-09 22:00:24 SKIP  User=588  Time=2026-03-09 11:56:32  Reason=no_employee
2026-03-09 22:00:24 SKIP  User=588  Time=2026-03-09 11:59:03  Reason=no_employee
2026-03-09 22:00:24 SKIP  User=7  Time=2026-03-09 12:10:11  Reason=no_employee
2026-03-09 22:00:24 SKIP  User=7  Time=2026-03-09 12:10:14  Reason=no_employee
2026-03-09 22:00:24 SKIP  User=7  Time=2026-03-09 12:29:53  Reason=no_employee
2026-03-09 22:00:24 SKIP  User=7  Time=2026-03-09 13:49:52  Reason=no_employee
2026-03-09 22:00:24 SKIP  User=7  Time=2026-03-09 14:12:09  Reason=no_employee
2026-03-09 22:00:24 SKIP  User=7  Time=2026-03-09 14:37:01  Reason=no_employee
2026-03-09 22:00:24 SKIP  User=7  Time=2026-03-09 16:12:05  Reason=no_employee
2026-03-09 22:00:24 SKIP  User=7  Time=2026-03-09 16:12:30  Reason=no_employee
2026-03-09 22:00:25 OK    User=1144  MappedId=1144  Time=2026-03-09 21:57:31  LogType=OUT  DevId=9  Result=ok
2026-03-09 22:01:30 SKIP  User=588  Time=2026-03-09 10:38:51  Reason=no_employee
2026-03-09 22:01:30 SKIP  User=7  Time=2026-03-09 11:25:35  Reason=no_employee
2026-03-09 22:01:30 SKIP  User=588  Time=2026-03-09 11:51:45  Reason=no_employee
2026-03-09 22:01:30 SKIP  User=588  Time=2026-03-09 11:56:32  Reason=no_employee
2026-03-09 22:01:30 SKIP  User=588  Time=2026-03-09 11:59:03  Reason=no_employee
2026-03-09 22:01:30 SKIP  User=7  Time=2026-03-09 12:10:11  Reason=no_employee
2026-03-09 22:01:30 SKIP  User=7  Time=2026-03-09 12:10:14  Reason=no_employee
2026-03-09 22:01:30 SKIP  User=7  Time=2026-03-09 12:29:53  Reason=no_employee
2026-03-09 22:01:30 SKIP  User=7  Time=2026-03-09 13:49:52  Reason=no_employee
2026-03-09 22:01:30 SKIP  User=7  Time=2026-03-09 14:12:09  Reason=no_employee
2026-03-09 22:01:30 SKIP  User=7  Time=2026-03-09 14:37:01  Reason=no_employee
2026-03-09 22:01:30 SKIP  User=7  Time=2026-03-09 16:12:05  Reason=no_employee
2026-03-09 22:01:30 SKIP  User=7  Time=2026-03-09 16:12:30  Reason=no_employee
2026-03-09 22:01:46 OK    User=941  MappedId=941  Time=2026-03-09 22:00:52  LogType=OUT  DevId=9  Result=ok
2026-03-09 22:02:04 OK    User=941  MappedId=941  Time=2026-03-09 22:00:53  LogType=OUT  DevId=9  Result=ok
2026-03-09 22:03:11 SKIP  User=588  Time=2026-03-09 10:38:51  Reason=no_employee
2026-03-09 22:03:11 SKIP  User=7  Time=2026-03-09 11:25:35  Reason=no_employee
2026-03-09 22:03:11 SKIP  User=588  Time=2026-03-09 11:51:45  Reason=no_employee
2026-03-09 22:03:11 SKIP  User=588  Time=2026-03-09 11:56:32  Reason=no_employee
2026-03-09 22:03:11 SKIP  User=588  Time=2026-03-09 11:59:03  Reason=no_employee
2026-03-09 22:03:11 SKIP  User=7  Time=2026-03-09 12:10:11  Reason=no_employee
2026-03-09 22:03:11 SKIP  User=7  Time=2026-03-09 12:10:14  Reason=no_employee
2026-03-09 22:03:11 SKIP  User=7  Time=2026-03-09 12:29:53  Reason=no_employee
2026-03-09 22:03:11 SKIP  User=7  Time=2026-03-09 13:49:52  Reason=no_employee
2026-03-09 22:03:11 SKIP  User=7  Time=2026-03-09 14:12:09  Reason=no_employee
2026-03-09 22:03:11 SKIP  User=7  Time=2026-03-09 14:37:01  Reason=no_employee
2026-03-09 22:03:11 SKIP  User=7  Time=2026-03-09 16:12:05  Reason=no_employee
2026-03-09 22:03:11 SKIP  User=7  Time=2026-03-09 16:12:30  Reason=no_employee
2026-03-09 22:03:27 OK    User=983  MappedId=983  Time=2026-03-09 22:03:18  LogType=OUT  DevId=9  Result=ok
2026-03-09 22:03:45 OK    User=1067  MappedId=1067  Time=2026-03-09 22:03:24  LogType=OUT  DevId=9  Result=ok
2026-03-09 22:04:51 SKIP  User=588  Time=2026-03-09 10:38:51  Reason=no_employee
2026-03-09 22:04:51 SKIP  User=7  Time=2026-03-09 11:25:35  Reason=no_employee
2026-03-09 22:04:51 SKIP  User=588  Time=2026-03-09 11:51:45  Reason=no_employee
2026-03-09 22:04:51 SKIP  User=588  Time=2026-03-09 11:56:32  Reason=no_employee
2026-03-09 22:04:51 SKIP  User=588  Time=2026-03-09 11:59:03  Reason=no_employee
2026-03-09 22:04:51 SKIP  User=7  Time=2026-03-09 12:10:11  Reason=no_employee
2026-03-09 22:04:51 SKIP  User=7  Time=2026-03-09 12:10:14  Reason=no_employee
2026-03-09 22:04:51 SKIP  User=7  Time=2026-03-09 12:29:53  Reason=no_employee
2026-03-09 22:04:51 SKIP  User=7  Time=2026-03-09 13:49:52  Reason=no_employee
2026-03-09 22:04:51 SKIP  User=7  Time=2026-03-09 14:12:09  Reason=no_employee
2026-03-09 22:04:51 SKIP  User=7  Time=2026-03-09 14:37:01  Reason=no_employee
2026-03-09 22:04:51 SKIP  User=7  Time=2026-03-09 16:12:05  Reason=no_employee
2026-03-09 22:04:51 SKIP  User=7  Time=2026-03-09 16:12:30  Reason=no_employee
2026-03-09 22:05:55 SKIP  User=588  Time=2026-03-09 10:38:51  Reason=no_employee
2026-03-09 22:05:55 SKIP  User=7  Time=2026-03-09 11:25:35  Reason=no_employee
2026-03-09 22:05:55 SKIP  User=588  Time=2026-03-09 11:51:45  Reason=no_employee
2026-03-09 22:05:55 SKIP  User=588  Time=2026-03-09 11:56:32  Reason=no_employee
2026-03-09 22:05:55 SKIP  User=588  Time=2026-03-09 11:59:03  Reason=no_employee
2026-03-09 22:05:55 SKIP  User=7  Time=2026-03-09 12:10:11  Reason=no_employee
2026-03-09 22:05:55 SKIP  User=7  Time=2026-03-09 12:10:14  Reason=no_employee
2026-03-09 22:05:55 SKIP  User=7  Time=2026-03-09 12:29:53  Reason=no_employee
2026-03-09 22:05:55 SKIP  User=7  Time=2026-03-09 13:49:52  Reason=no_employee
2026-03-09 22:05:55 SKIP  User=7  Time=2026-03-09 14:12:09  Reason=no_employee
2026-03-09 22:05:55 SKIP  User=7  Time=2026-03-09 14:37:01  Reason=no_employee
2026-03-09 22:05:55 SKIP  User=7  Time=2026-03-09 16:12:05  Reason=no_employee
2026-03-09 22:05:55 SKIP  User=7  Time=2026-03-09 16:12:30  Reason=no_employee
2026-03-09 22:06:12 OK    User=484  MappedId=SS00484  Time=2026-03-09 22:05:38  LogType=OUT  DevId=9  Result=ok
2026-03-09 22:07:18 SKIP  User=588  Time=2026-03-09 10:38:51  Reason=no_employee
2026-03-09 22:07:18 SKIP  User=7  Time=2026-03-09 11:25:35  Reason=no_employee
2026-03-09 22:07:18 SKIP  User=588  Time=2026-03-09 11:51:45  Reason=no_employee
2026-03-09 22:07:18 SKIP  User=588  Time=2026-03-09 11:56:32  Reason=no_employee
2026-03-09 22:07:18 SKIP  User=588  Time=2026-03-09 11:59:03  Reason=no_employee
2026-03-09 22:07:18 SKIP  User=7  Time=2026-03-09 12:10:11  Reason=no_employee
2026-03-09 22:07:18 SKIP  User=7  Time=2026-03-09 12:10:14  Reason=no_employee
2026-03-09 22:07:18 SKIP  User=7  Time=2026-03-09 12:29:53  Reason=no_employee
2026-03-09 22:07:18 SKIP  User=7  Time=2026-03-09 13:49:52  Reason=no_employee
2026-03-09 22:07:18 SKIP  User=7  Time=2026-03-09 14:12:09  Reason=no_employee
2026-03-09 22:07:18 SKIP  User=7  Time=2026-03-09 14:37:01  Reason=no_employee
2026-03-09 22:07:18 SKIP  User=7  Time=2026-03-09 16:12:05  Reason=no_employee
2026-03-09 22:07:18 SKIP  User=7  Time=2026-03-09 16:12:30  Reason=no_employee
2026-03-09 22:08:22 SKIP  User=588  Time=2026-03-09 10:38:51  Reason=no_employee
2026-03-09 22:08:22 SKIP  User=7  Time=2026-03-09 11:25:35  Reason=no_employee
2026-03-09 22:08:22 SKIP  User=588  Time=2026-03-09 11:51:45  Reason=no_employee
2026-03-09 22:08:22 SKIP  User=588  Time=2026-03-09 11:56:32  Reason=no_employee
2026-03-09 22:08:22 SKIP  User=588  Time=2026-03-09 11:59:03  Reason=no_employee
2026-03-09 22:08:22 SKIP  User=7  Time=2026-03-09 12:10:11  Reason=no_employee
2026-03-09 22:08:22 SKIP  User=7  Time=2026-03-09 12:10:14  Reason=no_employee
2026-03-09 22:08:22 SKIP  User=7  Time=2026-03-09 12:29:53  Reason=no_employee
2026-03-09 22:08:22 SKIP  User=7  Time=2026-03-09 13:49:52  Reason=no_employee
2026-03-09 22:08:22 SKIP  User=7  Time=2026-03-09 14:12:09  Reason=no_employee
2026-03-09 22:08:22 SKIP  User=7  Time=2026-03-09 14:37:01  Reason=no_employee
2026-03-09 22:08:22 SKIP  User=7  Time=2026-03-09 16:12:05  Reason=no_employee
2026-03-09 22:08:22 SKIP  User=7  Time=2026-03-09 16:12:30  Reason=no_employee
2026-03-09 22:09:27 SKIP  User=588  Time=2026-03-09 10:38:51  Reason=no_employee
2026-03-09 22:09:27 SKIP  User=7  Time=2026-03-09 11:25:35  Reason=no_employee
2026-03-09 22:09:27 SKIP  User=588  Time=2026-03-09 11:51:45  Reason=no_employee
2026-03-09 22:09:27 SKIP  User=588  Time=2026-03-09 11:56:32  Reason=no_employee
2026-03-09 22:09:27 SKIP  User=588  Time=2026-03-09 11:59:03  Reason=no_employee
2026-03-09 22:09:27 SKIP  User=7  Time=2026-03-09 12:10:11  Reason=no_employee
2026-03-09 22:09:27 SKIP  User=7  Time=2026-03-09 12:10:14  Reason=no_employee
2026-03-09 22:09:27 SKIP  User=7  Time=2026-03-09 12:29:53  Reason=no_employee
2026-03-09 22:09:27 SKIP  User=7  Time=2026-03-09 13:49:52  Reason=no_employee
2026-03-09 22:09:27 SKIP  User=7  Time=2026-03-09 14:12:09  Reason=no_employee
2026-03-09 22:09:27 SKIP  User=7  Time=2026-03-09 14:37:01  Reason=no_employee
2026-03-09 22:09:27 SKIP  User=7  Time=2026-03-09 16:12:05  Reason=no_employee
2026-03-09 22:09:27 SKIP  User=7  Time=2026-03-09 16:12:30  Reason=no_employee
2026-03-09 22:10:31 SKIP  User=588  Time=2026-03-09 10:38:51  Reason=no_employee
2026-03-09 22:10:31 SKIP  User=7  Time=2026-03-09 11:25:35  Reason=no_employee
2026-03-09 22:10:31 SKIP  User=588  Time=2026-03-09 11:51:45  Reason=no_employee
2026-03-09 22:10:31 SKIP  User=588  Time=2026-03-09 11:56:32  Reason=no_employee
2026-03-09 22:10:31 SKIP  User=588  Time=2026-03-09 11:59:03  Reason=no_employee
2026-03-09 22:10:31 SKIP  User=7  Time=2026-03-09 12:10:11  Reason=no_employee
2026-03-09 22:10:31 SKIP  User=7  Time=2026-03-09 12:10:14  Reason=no_employee
2026-03-09 22:10:31 SKIP  User=7  Time=2026-03-09 12:29:53  Reason=no_employee
2026-03-09 22:10:31 SKIP  User=7  Time=2026-03-09 13:49:52  Reason=no_employee
2026-03-09 22:10:31 SKIP  User=7  Time=2026-03-09 14:12:09  Reason=no_employee
2026-03-09 22:10:31 SKIP  User=7  Time=2026-03-09 14:37:01  Reason=no_employee
2026-03-09 22:10:31 SKIP  User=7  Time=2026-03-09 16:12:05  Reason=no_employee
2026-03-09 22:10:31 SKIP  User=7  Time=2026-03-09 16:12:30  Reason=no_employee
2026-03-09 22:11:36 SKIP  User=588  Time=2026-03-09 10:38:51  Reason=no_employee
2026-03-09 22:11:36 SKIP  User=7  Time=2026-03-09 11:25:35  Reason=no_employee
2026-03-09 22:11:36 SKIP  User=588  Time=2026-03-09 11:51:45  Reason=no_employee
2026-03-09 22:11:36 SKIP  User=588  Time=2026-03-09 11:56:32  Reason=no_employee
2026-03-09 22:11:36 SKIP  User=588  Time=2026-03-09 11:59:03  Reason=no_employee
2026-03-09 22:11:36 SKIP  User=7  Time=2026-03-09 12:10:11  Reason=no_employee
2026-03-09 22:11:36 SKIP  User=7  Time=2026-03-09 12:10:14  Reason=no_employee
2026-03-09 22:11:36 SKIP  User=7  Time=2026-03-09 12:29:53  Reason=no_employee
2026-03-09 22:11:36 SKIP  User=7  Time=2026-03-09 13:49:52  Reason=no_employee
2026-03-09 22:11:36 SKIP  User=7  Time=2026-03-09 14:12:09  Reason=no_employee
2026-03-09 22:11:36 SKIP  User=7  Time=2026-03-09 14:37:01  Reason=no_employee
2026-03-09 22:11:36 SKIP  User=7  Time=2026-03-09 16:12:05  Reason=no_employee
2026-03-09 22:11:36 SKIP  User=7  Time=2026-03-09 16:12:30  Reason=no_employee
2026-03-09 22:12:40 SKIP  User=588  Time=2026-03-09 10:38:51  Reason=no_employee
2026-03-09 22:12:40 SKIP  User=7  Time=2026-03-09 11:25:35  Reason=no_employee
2026-03-09 22:12:40 SKIP  User=588  Time=2026-03-09 11:51:45  Reason=no_employee
2026-03-09 22:12:40 SKIP  User=588  Time=2026-03-09 11:56:32  Reason=no_employee
2026-03-09 22:12:40 SKIP  User=588  Time=2026-03-09 11:59:03  Reason=no_employee
2026-03-09 22:12:40 SKIP  User=7  Time=2026-03-09 12:10:11  Reason=no_employee
2026-03-09 22:12:40 SKIP  User=7  Time=2026-03-09 12:10:14  Reason=no_employee
2026-03-09 22:12:40 SKIP  User=7  Time=2026-03-09 12:29:53  Reason=no_employee
2026-03-09 22:12:40 SKIP  User=7  Time=2026-03-09 13:49:52  Reason=no_employee
2026-03-09 22:12:40 SKIP  User=7  Time=2026-03-09 14:12:09  Reason=no_employee
2026-03-09 22:12:40 SKIP  User=7  Time=2026-03-09 14:37:01  Reason=no_employee
2026-03-09 22:12:40 SKIP  User=7  Time=2026-03-09 16:12:05  Reason=no_employee
2026-03-09 22:12:40 SKIP  User=7  Time=2026-03-09 16:12:30  Reason=no_employee
2026-03-09 22:12:57 OK    User=795  MappedId=795  Time=2026-03-09 22:12:09  LogType=OUT  DevId=9  Result=ok
2026-03-09 22:14:02 SKIP  User=588  Time=2026-03-09 10:38:51  Reason=no_employee
2026-03-09 22:14:02 SKIP  User=7  Time=2026-03-09 11:25:35  Reason=no_employee
2026-03-09 22:14:02 SKIP  User=588  Time=2026-03-09 11:51:45  Reason=no_employee
2026-03-09 22:14:02 SKIP  User=588  Time=2026-03-09 11:56:32  Reason=no_employee
2026-03-09 22:14:02 SKIP  User=588  Time=2026-03-09 11:59:03  Reason=no_employee
2026-03-09 22:14:02 SKIP  User=7  Time=2026-03-09 12:10:11  Reason=no_employee
2026-03-09 22:14:02 SKIP  User=7  Time=2026-03-09 12:10:14  Reason=no_employee
2026-03-09 22:14:02 SKIP  User=7  Time=2026-03-09 12:29:53  Reason=no_employee
2026-03-09 22:14:02 SKIP  User=7  Time=2026-03-09 13:49:52  Reason=no_employee
2026-03-09 22:14:02 SKIP  User=7  Time=2026-03-09 14:12:09  Reason=no_employee
2026-03-09 22:14:02 SKIP  User=7  Time=2026-03-09 14:37:01  Reason=no_employee
2026-03-09 22:14:02 SKIP  User=7  Time=2026-03-09 16:12:05  Reason=no_employee
2026-03-09 22:14:02 SKIP  User=7  Time=2026-03-09 16:12:30  Reason=no_employee
2026-03-09 22:15:07 SKIP  User=588  Time=2026-03-09 10:38:51  Reason=no_employee
2026-03-09 22:15:07 SKIP  User=7  Time=2026-03-09 11:25:35  Reason=no_employee
2026-03-09 22:15:07 SKIP  User=588  Time=2026-03-09 11:51:45  Reason=no_employee
2026-03-09 22:15:07 SKIP  User=588  Time=2026-03-09 11:56:32  Reason=no_employee
2026-03-09 22:15:07 SKIP  User=588  Time=2026-03-09 11:59:03  Reason=no_employee
2026-03-09 22:15:07 SKIP  User=7  Time=2026-03-09 12:10:11  Reason=no_employee
2026-03-09 22:15:07 SKIP  User=7  Time=2026-03-09 12:10:14  Reason=no_employee
2026-03-09 22:15:07 SKIP  User=7  Time=2026-03-09 12:29:53  Reason=no_employee
2026-03-09 22:15:07 SKIP  User=7  Time=2026-03-09 13:49:52  Reason=no_employee
2026-03-09 22:15:07 SKIP  User=7  Time=2026-03-09 14:12:09  Reason=no_employee
2026-03-09 22:15:07 SKIP  User=7  Time=2026-03-09 14:37:01  Reason=no_employee
2026-03-09 22:15:07 SKIP  User=7  Time=2026-03-09 16:12:05  Reason=no_employee
2026-03-09 22:15:07 SKIP  User=7  Time=2026-03-09 16:12:30  Reason=no_employee
2026-03-09 22:16:12 SKIP  User=588  Time=2026-03-09 10:38:51  Reason=no_employee
2026-03-09 22:16:12 SKIP  User=7  Time=2026-03-09 11:25:35  Reason=no_employee
2026-03-09 22:16:12 SKIP  User=588  Time=2026-03-09 11:51:45  Reason=no_employee
2026-03-09 22:16:12 SKIP  User=588  Time=2026-03-09 11:56:32  Reason=no_employee
2026-03-09 22:16:12 SKIP  User=588  Time=2026-03-09 11:59:03  Reason=no_employee
2026-03-09 22:16:12 SKIP  User=7  Time=2026-03-09 12:10:11  Reason=no_employee
2026-03-09 22:16:12 SKIP  User=7  Time=2026-03-09 12:10:14  Reason=no_employee
2026-03-09 22:16:12 SKIP  User=7  Time=2026-03-09 12:29:53  Reason=no_employee
2026-03-09 22:16:12 SKIP  User=7  Time=2026-03-09 13:49:52  Reason=no_employee
2026-03-09 22:16:12 SKIP  User=7  Time=2026-03-09 14:12:09  Reason=no_employee
2026-03-09 22:16:12 SKIP  User=7  Time=2026-03-09 14:37:01  Reason=no_employee
2026-03-09 22:16:12 SKIP  User=7  Time=2026-03-09 16:12:05  Reason=no_employee
2026-03-09 22:16:12 SKIP  User=7  Time=2026-03-09 16:12:30  Reason=no_employee
2026-03-09 22:16:42 OK    User=911  MappedId=911  Time=2026-03-09 22:15:33  LogType=OUT  DevId=9  Result=ok
2026-03-09 22:17:13 FAIL  User=911  MappedId=911  Time=2026-03-09 22:15:35  LogType=OUT  DevId=9  Result=error
