2026-03-09 08:28:13 OK    User=887  MappedId=887  Time=2026-03-09 08:27:21  LogType=IN  DevId=8  Result=ok
2026-03-09 08:29:20 SKIP  User=7  MappedId=7  Time=2026-03-09 08:28:30  Reason=no_employee
2026-03-09 08:30:25 SKIP  User=7  Time=2026-03-09 08:28:30  Reason=no_employee
2026-03-09 08:31:29 SKIP  User=7  Time=2026-03-09 08:28:30  Reason=no_employee
2026-03-09 08:32:33 SKIP  User=7  Time=2026-03-09 08:28:30  Reason=no_employee
2026-03-09 08:33:37 SKIP  User=7  Time=2026-03-09 08:28:30  Reason=no_employee
2026-03-09 08:34:41 SKIP  User=7  Time=2026-03-09 08:28:30  Reason=no_employee
2026-03-09 08:35:46 SKIP  User=7  Time=2026-03-09 08:28:30  Reason=no_employee
2026-03-09 08:36:49 SKIP  User=7  Time=2026-03-09 08:28:30  Reason=no_employee
2026-03-09 08:37:53 SKIP  User=7  Time=2026-03-09 08:28:30  Reason=no_employee
2026-03-09 08:38:57 SKIP  User=7  Time=2026-03-09 08:28:30  Reason=no_employee
2026-03-09 08:40:01 SKIP  User=7  Time=2026-03-09 08:28:30  Reason=no_employee
2026-03-09 08:41:07 SKIP  User=7  Time=2026-03-09 08:28:30  Reason=no_employee
2026-03-09 08:41:23 OK    User=1037  MappedId=1037  Time=2026-03-09 08:40:57  LogType=IN  DevId=8  Result=ok
2026-03-09 08:42:28 SKIP  User=7  Time=2026-03-09 08:28:30  Reason=no_employee
2026-03-09 08:43:32 SKIP  User=7  Time=2026-03-09 08:28:30  Reason=no_employee
2026-03-09 08:44:36 SKIP  User=7  Time=2026-03-09 08:28:30  Reason=no_employee
2026-03-09 08:45:40 SKIP  User=7  Time=2026-03-09 08:28:30  Reason=no_employee
2026-03-09 08:46:44 SKIP  User=7  Time=2026-03-09 08:28:30  Reason=no_employee
2026-03-09 08:46:45 OK    User=1068  MappedId=1068  Time=2026-03-09 08:45:54  LogType=IN  DevId=8  Result=ok
2026-03-09 08:47:50 SKIP  User=7  Time=2026-03-09 08:28:30  Reason=no_employee
2026-03-09 08:48:55 SKIP  User=7  Time=2026-03-09 08:28:30  Reason=no_employee
2026-03-09 08:49:59 SKIP  User=7  Time=2026-03-09 08:28:30  Reason=no_employee
2026-03-09 08:51:03 SKIP  User=7  Time=2026-03-09 08:28:30  Reason=no_employee
2026-03-09 08:52:07 SKIP  User=7  Time=2026-03-09 08:28:30  Reason=no_employee
2026-03-09 08:53:11 SKIP  User=7  Time=2026-03-09 08:28:30  Reason=no_employee
2026-03-09 08:54:16 SKIP  User=7  Time=2026-03-09 08:28:30  Reason=no_employee
2026-03-09 08:55:21 SKIP  User=7  Time=2026-03-09 08:28:30  Reason=no_employee
2026-03-09 08:56:25 SKIP  User=7  Time=2026-03-09 08:28:30  Reason=no_employee
2026-03-09 08:57:29 SKIP  User=7  Time=2026-03-09 08:28:30  Reason=no_employee
2026-03-09 08:58:33 SKIP  User=7  Time=2026-03-09 08:28:30  Reason=no_employee
2026-03-09 08:59:37 SKIP  User=7  Time=2026-03-09 08:28:30  Reason=no_employee
2026-03-09 09:00:41 SKIP  User=7  Time=2026-03-09 08:28:30  Reason=no_employee
2026-03-09 09:01:46 SKIP  User=7  Time=2026-03-09 08:28:30  Reason=no_employee
2026-03-09 09:02:49 SKIP  User=7  Time=2026-03-09 08:28:30  Reason=no_employee
2026-03-09 09:03:53 SKIP  User=7  Time=2026-03-09 08:28:30  Reason=no_employee
2026-03-09 09:04:57 SKIP  User=7  Time=2026-03-09 08:28:30  Reason=no_employee
2026-03-09 09:06:03 SKIP  User=7  Time=2026-03-09 08:28:30  Reason=no_employee
2026-03-09 09:06:20 OK    User=816  MappedId=816  Time=2026-03-09 09:05:23  LogType=IN  DevId=8  Result=ok
2026-03-09 09:06:37 OK    User=816  MappedId=816  Time=2026-03-09 09:05:25  LogType=IN  DevId=8  Result=ok
2026-03-09 09:07:42 SKIP  User=7  Time=2026-03-09 08:28:30  Reason=no_employee
2026-03-09 09:08:47 SKIP  User=7  Time=2026-03-09 08:28:30  Reason=no_employee
2026-03-09 09:09:52 SKIP  User=7  Time=2026-03-09 08:28:30  Reason=no_employee
2026-03-09 09:10:56 SKIP  User=7  Time=2026-03-09 08:28:30  Reason=no_employee
2026-03-09 09:11:59 SKIP  User=7  Time=2026-03-09 08:28:30  Reason=no_employee
2026-03-09 09:13:03 SKIP  User=7  Time=2026-03-09 08:28:30  Reason=no_employee
2026-03-09 09:14:07 SKIP  User=7  Time=2026-03-09 08:28:30  Reason=no_employee
2026-03-09 09:15:13 SKIP  User=7  Time=2026-03-09 08:28:30  Reason=no_employee
2026-03-09 09:15:14 OK    User=1223  MappedId=1223  Time=2026-03-09 09:14:37  LogType=IN  DevId=8  Result=ok
2026-03-09 09:15:16 OK    User=1223  MappedId=1223  Time=2026-03-09 09:14:38  LogType=IN  DevId=8  Result=ok
2026-03-09 09:16:20 SKIP  User=7  Time=2026-03-09 08:28:30  Reason=no_employee
2026-03-09 09:17:24 SKIP  User=7  Time=2026-03-09 08:28:30  Reason=no_employee
2026-03-09 09:18:28 SKIP  User=7  Time=2026-03-09 08:28:30  Reason=no_employee
2026-03-09 09:18:45 OK    User=884  MappedId=884  Time=2026-03-09 09:17:55  LogType=IN  DevId=8  Result=ok
2026-03-09 09:19:02 OK    User=884  MappedId=884  Time=2026-03-09 09:17:57  LogType=IN  DevId=8  Result=ok
2026-03-09 09:19:20 OK    User=884  MappedId=884  Time=2026-03-09 09:18:04  LogType=IN  DevId=8  Result=ok
2026-03-09 09:20:25 SKIP  User=7  Time=2026-03-09 08:28:30  Reason=no_employee
2026-03-09 09:21:29 SKIP  User=7  Time=2026-03-09 08:28:30  Reason=no_employee
2026-03-09 09:22:33 SKIP  User=7  Time=2026-03-09 08:28:30  Reason=no_employee
2026-03-09 09:23:37 SKIP  User=7  Time=2026-03-09 08:28:30  Reason=no_employee
2026-03-09 09:24:42 SKIP  User=7  Time=2026-03-09 08:28:30  Reason=no_employee
2026-03-09 09:25:46 SKIP  User=7  Time=2026-03-09 08:28:30  Reason=no_employee
2026-03-09 09:26:51 SKIP  User=7  Time=2026-03-09 08:28:30  Reason=no_employee
2026-03-09 09:26:51 OK    User=1143  MappedId=1143  Time=2026-03-09 09:26:36  LogType=IN  DevId=8  Result=ok
2026-03-09 09:27:57 SKIP  User=7  Time=2026-03-09 08:28:30  Reason=no_employee
2026-03-09 09:29:03 SKIP  User=7  Time=2026-03-09 08:28:30  Reason=no_employee
2026-03-09 09:30:06 SKIP  User=7  Time=2026-03-09 08:28:30  Reason=no_employee
2026-03-09 09:31:10 SKIP  User=7  Time=2026-03-09 08:28:30  Reason=no_employee
2026-03-09 09:32:14 SKIP  User=7  Time=2026-03-09 08:28:30  Reason=no_employee
2026-03-09 09:33:20 SKIP  User=7  Time=2026-03-09 08:28:30  Reason=no_employee
2026-03-09 09:33:21 OK    User=1192  MappedId=1192  Time=2026-03-09 09:32:55  LogType=IN  DevId=8  Result=ok
2026-03-09 09:34:26 SKIP  User=7  Time=2026-03-09 08:28:30  Reason=no_employee
2026-03-09 09:34:39 OK    User=1224  MappedId=1224  Time=2026-03-09 09:34:15  LogType=IN  DevId=8  Result=ok
2026-03-09 09:35:45 SKIP  User=7  Time=2026-03-09 08:28:30  Reason=no_employee
2026-03-09 09:36:02 OK    User=999  MappedId=999  Time=2026-03-09 09:34:19  LogType=IN  DevId=8  Result=ok
2026-03-09 09:36:19 OK    User=999  MappedId=999  Time=2026-03-09 09:34:24  LogType=IN  DevId=8  Result=ok
2026-03-09 09:36:37 OK    User=241  MappedId=SS00241  Time=2026-03-09 09:35:20  LogType=IN  DevId=8  Result=ok
2026-03-09 09:37:45 SKIP  User=7  Time=2026-03-09 08:28:30  Reason=no_employee
2026-03-09 09:37:46 OK    User=1192  MappedId=1192  Time=2026-03-09 09:36:26  LogType=IN  DevId=8  Result=ok
2026-03-09 09:38:51 SKIP  User=7  Time=2026-03-09 08:28:30  Reason=no_employee
2026-03-09 09:39:07 OK    User=960  MappedId=960  Time=2026-03-09 09:38:35  LogType=IN  DevId=8  Result=ok
2026-03-09 09:40:13 SKIP  User=7  Time=2026-03-09 08:28:30  Reason=no_employee
2026-03-09 09:41:19 SKIP  User=7  Time=2026-03-09 08:28:30  Reason=no_employee
2026-03-09 09:41:20 OK    User=1203  MappedId=1203  Time=2026-03-09 09:40:40  LogType=IN  DevId=8  Result=ok
2026-03-09 09:41:21 OK    User=1203  MappedId=1203  Time=2026-03-09 09:40:42  LogType=IN  DevId=8  Result=ok
2026-03-09 09:41:39 OK    User=965  MappedId=965  Time=2026-03-09 09:40:43  LogType=IN  DevId=8  Result=ok
2026-03-09 09:41:56 OK    User=965  MappedId=965  Time=2026-03-09 09:40:50  LogType=IN  DevId=8  Result=ok
2026-03-09 09:42:14 OK    User=965  MappedId=965  Time=2026-03-09 09:40:52  LogType=IN  DevId=8  Result=ok
2026-03-09 09:43:20 SKIP  User=7  Time=2026-03-09 08:28:30  Reason=no_employee
2026-03-09 09:43:21 OK    User=887  MappedId=887  Time=2026-03-09 09:42:22  LogType=IN  DevId=8  Result=ok
2026-03-09 09:43:23 OK    User=887  MappedId=887  Time=2026-03-09 09:42:24  LogType=IN  DevId=8  Result=ok
2026-03-09 09:43:25 OK    User=1223  MappedId=1223  Time=2026-03-09 09:42:55  LogType=IN  DevId=8  Result=ok
2026-03-09 09:43:27 OK    User=1223  MappedId=1223  Time=2026-03-09 09:42:56  LogType=IN  DevId=8  Result=ok
2026-03-09 09:44:34 SKIP  User=7  Time=2026-03-09 08:28:30  Reason=no_employee
2026-03-09 09:45:40 SKIP  User=7  Time=2026-03-09 08:28:30  Reason=no_employee
2026-03-09 09:45:41 OK    User=1109  MappedId=1109  Time=2026-03-09 09:45:07  LogType=IN  DevId=8  Result=ok
2026-03-09 09:46:46 SKIP  User=7  Time=2026-03-09 08:28:30  Reason=no_employee
2026-03-09 09:47:50 SKIP  User=7  Time=2026-03-09 08:28:30  Reason=no_employee
2026-03-09 09:48:54 SKIP  User=7  Time=2026-03-09 08:28:30  Reason=no_employee
2026-03-09 09:49:58 SKIP  User=7  Time=2026-03-09 08:28:30  Reason=no_employee
2026-03-09 09:49:59 OK    User=1117  MappedId=1117  Time=2026-03-09 09:49:07  LogType=IN  DevId=8  Result=ok
2026-03-09 09:51:06 SKIP  User=7  Time=2026-03-09 08:28:30  Reason=no_employee
2026-03-09 09:51:07 SKIP  User=588  MappedId=588  Time=2026-03-09 09:50:55  Reason=no_employee
2026-03-09 09:51:08 SKIP  User=588  Time=2026-03-09 09:50:57  Reason=no_employee
2026-03-09 09:52:14 SKIP  User=7  Time=2026-03-09 08:28:30  Reason=no_employee
2026-03-09 09:52:14 SKIP  User=588  Time=2026-03-09 09:50:55  Reason=no_employee
2026-03-09 09:52:14 SKIP  User=588  Time=2026-03-09 09:50:57  Reason=no_employee
2026-03-09 09:52:31 OK    User=947  MappedId=947  Time=2026-03-09 09:50:57  LogType=IN  DevId=8  Result=ok
2026-03-09 09:52:48 OK    User=947  MappedId=947  Time=2026-03-09 09:50:59  LogType=IN  DevId=8  Result=ok
2026-03-09 09:53:06 OK    User=947  MappedId=947  Time=2026-03-09 09:51:03  LogType=IN  DevId=8  Result=ok
2026-03-09 09:53:23 OK    User=629  MappedId=629  Time=2026-03-09 09:51:11  LogType=IN  DevId=8  Result=ok
2026-03-09 09:53:41 OK    User=629  MappedId=629  Time=2026-03-09 09:51:12  LogType=IN  DevId=8  Result=ok
2026-03-09 09:53:43 OK    User=1134  MappedId=1134  Time=2026-03-09 09:52:02  LogType=IN  DevId=8  Result=ok
2026-03-09 09:53:45 OK    User=1134  MappedId=1134  Time=2026-03-09 09:52:03  LogType=IN  DevId=8  Result=ok
2026-03-09 09:54:51 SKIP  User=7  Time=2026-03-09 08:28:30  Reason=no_employee
2026-03-09 09:54:51 SKIP  User=588  Time=2026-03-09 09:50:55  Reason=no_employee
2026-03-09 09:54:51 SKIP  User=588  Time=2026-03-09 09:50:57  Reason=no_employee
2026-03-09 09:54:52 OK    User=1160  MappedId=1160  Time=2026-03-09 09:52:18  LogType=IN  DevId=8  Result=ok
2026-03-09 09:54:54 OK    User=1160  MappedId=1160  Time=2026-03-09 09:52:19  LogType=IN  DevId=8  Result=ok
2026-03-09 09:55:11 OK    User=961  MappedId=961  Time=2026-03-09 09:54:01  LogType=IN  DevId=8  Result=ok
2026-03-09 09:55:29 OK    User=961  MappedId=961  Time=2026-03-09 09:54:02  LogType=IN  DevId=8  Result=ok
2026-03-09 09:55:46 OK    User=1023  MappedId=1023  Time=2026-03-09 09:54:06  LogType=IN  DevId=8  Result=ok
2026-03-09 09:56:04 OK    User=1023  MappedId=1023  Time=2026-03-09 09:54:08  LogType=IN  DevId=8  Result=ok
2026-03-09 09:57:11 SKIP  User=7  Time=2026-03-09 08:28:30  Reason=no_employee
2026-03-09 09:57:11 SKIP  User=588  Time=2026-03-09 09:50:55  Reason=no_employee
2026-03-09 09:57:11 SKIP  User=588  Time=2026-03-09 09:50:57  Reason=no_employee
2026-03-09 09:57:27 OK    User=823  MappedId=823  Time=2026-03-09 09:56:38  LogType=IN  DevId=8  Result=ok
2026-03-09 09:58:32 SKIP  User=7  Time=2026-03-09 08:28:30  Reason=no_employee
2026-03-09 09:58:32 SKIP  User=588  Time=2026-03-09 09:50:55  Reason=no_employee
2026-03-09 09:58:32 SKIP  User=588  Time=2026-03-09 09:50:57  Reason=no_employee
2026-03-09 09:58:33 OK    User=1129  MappedId=1129  Time=2026-03-09 09:57:24  LogType=IN  DevId=8  Result=ok
2026-03-09 09:58:51 OK    User=816  MappedId=816  Time=2026-03-09 09:57:31  LogType=IN  DevId=8  Result=ok
2026-03-09 09:59:56 SKIP  User=7  Time=2026-03-09 08:28:30  Reason=no_employee
2026-03-09 09:59:56 SKIP  User=588  Time=2026-03-09 09:50:55  Reason=no_employee
2026-03-09 09:59:56 SKIP  User=588  Time=2026-03-09 09:50:57  Reason=no_employee
2026-03-09 10:01:01 SKIP  User=7  Time=2026-03-09 08:28:30  Reason=no_employee
2026-03-09 10:01:01 SKIP  User=588  Time=2026-03-09 09:50:55  Reason=no_employee
2026-03-09 10:01:01 SKIP  User=588  Time=2026-03-09 09:50:57  Reason=no_employee
2026-03-09 10:01:18 OK    User=976  MappedId=976  Time=2026-03-09 10:00:18  LogType=IN  DevId=8  Result=ok
2026-03-09 10:01:19 OK    User=1185  MappedId=1185  Time=2026-03-09 10:00:24  LogType=IN  DevId=8  Result=ok
2026-03-09 10:01:21 OK    User=1224  MappedId=1224  Time=2026-03-09 10:00:33  LogType=IN  DevId=8  Result=ok
2026-03-09 10:01:39 OK    User=1151  MappedId=1151  Time=2026-03-09 10:00:52  LogType=IN  DevId=8  Result=ok
2026-03-09 10:02:45 SKIP  User=7  Time=2026-03-09 08:28:30  Reason=no_employee
2026-03-09 10:02:45 SKIP  User=588  Time=2026-03-09 09:50:55  Reason=no_employee
2026-03-09 10:02:45 SKIP  User=588  Time=2026-03-09 09:50:57  Reason=no_employee
2026-03-09 10:03:16 FAIL  User=1151  MappedId=1151  Time=2026-03-09 10:00:54  LogType=IN  DevId=8  Result=error
2026-03-09 10:03:36 OK    User=1190  MappedId=1190  Time=2026-03-09 10:00:57  LogType=IN  DevId=8  Result=ok
2026-03-09 10:03:38 OK    User=1190  MappedId=1190  Time=2026-03-09 10:00:58  LogType=IN  DevId=8  Result=ok
2026-03-09 10:03:40 OK    User=1190  MappedId=1190  Time=2026-03-09 10:01:04  LogType=IN  DevId=8  Result=ok
2026-03-09 10:03:58 OK    User=1001  MappedId=1001  Time=2026-03-09 10:02:23  LogType=IN  DevId=8  Result=ok
2026-03-09 10:04:15 OK    User=1001  MappedId=1001  Time=2026-03-09 10:02:25  LogType=IN  DevId=8  Result=ok
2026-03-09 10:04:33 OK    User=1018  MappedId=1018  Time=2026-03-09 10:02:28  LogType=IN  DevId=8  Result=ok
2026-03-09 10:04:50 OK    User=1018  MappedId=1018  Time=2026-03-09 10:02:30  LogType=IN  DevId=8  Result=ok
2026-03-09 10:05:56 SKIP  User=7  Time=2026-03-09 08:28:30  Reason=no_employee
2026-03-09 10:05:56 SKIP  User=588  Time=2026-03-09 09:50:55  Reason=no_employee
2026-03-09 10:05:56 SKIP  User=588  Time=2026-03-09 09:50:57  Reason=no_employee
2026-03-09 10:06:08 OK    User=1151  MappedId=1151  Time=2026-03-09 10:00:54  LogType=IN  DevId=8  Result=duplicate
2026-03-09 10:06:11 OK    User=1070  MappedId=1070  Time=2026-03-09 10:02:47  LogType=IN  DevId=8  Result=ok
2026-03-09 10:06:12 OK    User=1144  MappedId=1144  Time=2026-03-09 10:03:40  LogType=IN  DevId=8  Result=ok
2026-03-09 10:06:30 OK    User=1077  MappedId=1077  Time=2026-03-09 10:04:02  LogType=IN  DevId=8  Result=ok
2026-03-09 10:06:48 OK    User=1077  MappedId=1077  Time=2026-03-09 10:04:03  LogType=IN  DevId=8  Result=ok
2026-03-09 10:07:05 OK    User=1038  MappedId=1038  Time=2026-03-09 10:05:31  LogType=IN  DevId=8  Result=ok
2026-03-09 10:07:22 OK    User=1038  MappedId=1038  Time=2026-03-09 10:05:32  LogType=IN  DevId=8  Result=ok
2026-03-09 10:07:40 OK    User=999  MappedId=999  Time=2026-03-09 10:05:36  LogType=IN  DevId=8  Result=ok
2026-03-09 10:07:57 OK    User=999  MappedId=999  Time=2026-03-09 10:05:42  LogType=IN  DevId=8  Result=ok
2026-03-09 10:09:02 SKIP  User=7  Time=2026-03-09 08:28:30  Reason=no_employee
2026-03-09 10:09:02 SKIP  User=588  Time=2026-03-09 09:50:55  Reason=no_employee
2026-03-09 10:09:02 SKIP  User=588  Time=2026-03-09 09:50:57  Reason=no_employee
2026-03-09 10:09:03 OK    User=1083  MappedId=1083  Time=2026-03-09 10:06:04  LogType=IN  DevId=8  Result=ok
2026-03-09 10:09:21 OK    User=1078  MappedId=1078  Time=2026-03-09 10:07:36  LogType=IN  DevId=8  Result=ok
2026-03-09 10:09:23 OK    User=1149  MappedId=1149  Time=2026-03-09 10:07:40  LogType=IN  DevId=8  Result=ok
2026-03-09 10:09:25 OK    User=1149  MappedId=1149  Time=2026-03-09 10:07:41  LogType=IN  DevId=8  Result=ok
2026-03-09 10:09:27 OK    User=1149  MappedId=1149  Time=2026-03-09 10:07:45  LogType=IN  DevId=8  Result=ok
2026-03-09 10:10:32 SKIP  User=7  Time=2026-03-09 08:28:30  Reason=no_employee
2026-03-09 10:10:32 SKIP  User=588  Time=2026-03-09 09:50:55  Reason=no_employee
2026-03-09 10:10:32 SKIP  User=588  Time=2026-03-09 09:50:57  Reason=no_employee
2026-03-09 10:10:49 OK    User=1037  MappedId=1037  Time=2026-03-09 10:09:20  LogType=IN  DevId=8  Result=ok
2026-03-09 10:11:53 SKIP  User=7  Time=2026-03-09 08:28:30  Reason=no_employee
2026-03-09 10:11:53 SKIP  User=588  Time=2026-03-09 09:50:55  Reason=no_employee
2026-03-09 10:11:53 SKIP  User=588  Time=2026-03-09 09:50:57  Reason=no_employee
2026-03-09 10:12:57 SKIP  User=7  Time=2026-03-09 08:28:30  Reason=no_employee
2026-03-09 10:12:57 SKIP  User=588  Time=2026-03-09 09:50:55  Reason=no_employee
2026-03-09 10:12:57 SKIP  User=588  Time=2026-03-09 09:50:57  Reason=no_employee
2026-03-09 10:14:03 SKIP  User=7  Time=2026-03-09 08:28:30  Reason=no_employee
2026-03-09 10:14:03 SKIP  User=588  Time=2026-03-09 09:50:55  Reason=no_employee
2026-03-09 10:14:03 SKIP  User=588  Time=2026-03-09 09:50:57  Reason=no_employee
2026-03-09 10:14:20 OK    User=1065  MappedId=1065  Time=2026-03-09 10:13:18  LogType=IN  DevId=8  Result=ok
2026-03-09 10:14:38 OK    User=1057  MappedId=1057  Time=2026-03-09 10:13:20  LogType=IN  DevId=8  Result=ok
2026-03-09 10:15:09 FAIL  User=1057  MappedId=1057  Time=2026-03-09 10:13:22  LogType=IN  DevId=8  Result=error
2026-03-09 10:15:40 FAIL  User=1057  MappedId=1057  Time=2026-03-09 10:13:24  LogType=IN  DevId=8  Result=error
2026-03-09 10:16:47 SKIP  User=7  Time=2026-03-09 08:28:30  Reason=no_employee
2026-03-09 10:16:47 SKIP  User=588  Time=2026-03-09 09:50:55  Reason=no_employee
2026-03-09 10:16:47 SKIP  User=588  Time=2026-03-09 09:50:57  Reason=no_employee
2026-03-09 10:16:53 OK    User=1057  MappedId=1057  Time=2026-03-09 10:13:22  LogType=IN  DevId=8  Result=duplicate
2026-03-09 10:17:09 OK    User=1057  MappedId=1057  Time=2026-03-09 10:13:24  LogType=IN  DevId=8  Result=duplicate
2026-03-09 10:17:25 OK    User=1114  MappedId=1114  Time=2026-03-09 10:14:13  LogType=IN  DevId=8  Result=ok
2026-03-09 10:17:27 OK    User=1182  MappedId=1182  Time=2026-03-09 10:14:19  LogType=IN  DevId=8  Result=ok
2026-03-09 10:17:29 OK    User=1208  MappedId=1208  Time=2026-03-09 10:14:32  LogType=IN  DevId=8  Result=ok
2026-03-09 10:17:31 OK    User=1208  MappedId=1208  Time=2026-03-09 10:14:34  LogType=IN  DevId=8  Result=ok
2026-03-09 10:17:48 OK    User=933  MappedId=933  Time=2026-03-09 10:16:36  LogType=IN  DevId=8  Result=ok
2026-03-09 10:18:55 SKIP  User=7  Time=2026-03-09 08:28:30  Reason=no_employee
2026-03-09 10:18:55 SKIP  User=588  Time=2026-03-09 09:50:55  Reason=no_employee
2026-03-09 10:18:55 SKIP  User=588  Time=2026-03-09 09:50:57  Reason=no_employee
2026-03-09 10:18:56 OK    User=1126  MappedId=1126  Time=2026-03-09 10:17:12  LogType=IN  DevId=8  Result=ok
2026-03-09 10:18:58 OK    User=1126  MappedId=1126  Time=2026-03-09 10:17:13  LogType=IN  DevId=8  Result=ok
2026-03-09 10:19:00 OK    User=1166  MappedId=1166  Time=2026-03-09 10:18:36  LogType=IN  DevId=8  Result=ok
2026-03-09 10:19:01 OK    User=1166  MappedId=1166  Time=2026-03-09 10:18:37  LogType=IN  DevId=8  Result=ok
2026-03-09 10:20:07 SKIP  User=7  Time=2026-03-09 08:28:30  Reason=no_employee
2026-03-09 10:20:07 SKIP  User=588  Time=2026-03-09 09:50:55  Reason=no_employee
2026-03-09 10:20:07 SKIP  User=588  Time=2026-03-09 09:50:57  Reason=no_employee
2026-03-09 10:20:23 OK    User=490  MappedId=SS00490  Time=2026-03-09 10:19:04  LogType=IN  DevId=8  Result=ok
2026-03-09 10:20:25 OK    User=1196  MappedId=1196  Time=2026-03-09 10:19:18  LogType=IN  DevId=8  Result=ok
2026-03-09 10:20:43 OK    User=964  MappedId=964  Time=2026-03-09 10:19:25  LogType=IN  DevId=8  Result=ok
2026-03-09 10:21:01 OK    User=960  MappedId=960  Time=2026-03-09 10:19:58  LogType=IN  DevId=8  Result=ok
2026-03-09 10:22:06 SKIP  User=7  Time=2026-03-09 08:28:30  Reason=no_employee
2026-03-09 10:22:06 SKIP  User=588  Time=2026-03-09 09:50:55  Reason=no_employee
2026-03-09 10:22:06 SKIP  User=588  Time=2026-03-09 09:50:57  Reason=no_employee
2026-03-09 10:22:07 OK    User=1207  MappedId=1207  Time=2026-03-09 10:20:27  LogType=IN  DevId=8  Result=ok
2026-03-09 10:22:25 OK    User=1062  MappedId=1062  Time=2026-03-09 10:20:32  LogType=IN  DevId=8  Result=ok
2026-03-09 10:22:42 OK    User=1062  MappedId=1062  Time=2026-03-09 10:20:34  LogType=IN  DevId=8  Result=ok
2026-03-09 10:22:45 OK    User=1225  MappedId=1225  Time=2026-03-09 10:20:59  LogType=IN  DevId=8  Result=ok
2026-03-09 10:22:46 OK    User=1225  MappedId=1225  Time=2026-03-09 10:21:00  LogType=IN  DevId=8  Result=ok
2026-03-09 10:23:53 SKIP  User=7  Time=2026-03-09 08:28:30  Reason=no_employee
2026-03-09 10:23:53 SKIP  User=588  Time=2026-03-09 09:50:55  Reason=no_employee
2026-03-09 10:23:53 SKIP  User=588  Time=2026-03-09 09:50:57  Reason=no_employee
2026-03-09 10:24:10 OK    User=1039  MappedId=1039  Time=2026-03-09 10:23:01  LogType=IN  DevId=8  Result=ok
2026-03-09 10:24:12 OK    User=1167  MappedId=1167  Time=2026-03-09 10:23:05  LogType=IN  DevId=8  Result=ok
2026-03-09 10:24:13 OK    User=1167  MappedId=1167  Time=2026-03-09 10:23:13  LogType=IN  DevId=8  Result=ok
2026-03-09 10:24:15 OK    User=1167  MappedId=1167  Time=2026-03-09 10:23:14  LogType=IN  DevId=8  Result=ok
2026-03-09 10:25:21 SKIP  User=7  Time=2026-03-09 08:28:30  Reason=no_employee
2026-03-09 10:25:21 SKIP  User=588  Time=2026-03-09 09:50:55  Reason=no_employee
2026-03-09 10:25:21 SKIP  User=588  Time=2026-03-09 09:50:57  Reason=no_employee
2026-03-09 10:25:38 OK    User=1077  MappedId=1077  Time=2026-03-09 10:24:01  LogType=IN  DevId=8  Result=ok
2026-03-09 10:25:55 OK    User=1077  MappedId=1077  Time=2026-03-09 10:24:02  LogType=IN  DevId=8  Result=ok
2026-03-09 10:25:57 OK    User=1092  MappedId=1092  Time=2026-03-09 10:24:51  LogType=IN  DevId=8  Result=ok
2026-03-09 10:25:59 OK    User=1092  MappedId=1092  Time=2026-03-09 10:24:53  LogType=IN  DevId=8  Result=ok
2026-03-09 10:26:16 OK    User=984  MappedId=984  Time=2026-03-09 10:24:56  LogType=IN  DevId=8  Result=ok
2026-03-09 10:26:34 OK    User=984  MappedId=984  Time=2026-03-09 10:24:58  LogType=IN  DevId=8  Result=ok
2026-03-09 10:26:51 OK    User=984  MappedId=984  Time=2026-03-09 10:25:02  LogType=IN  DevId=8  Result=ok
2026-03-09 10:27:09 OK    User=959  MappedId=959  Time=2026-03-09 10:25:11  LogType=IN  DevId=8  Result=ok
2026-03-09 10:28:16 SKIP  User=7  Time=2026-03-09 08:28:30  Reason=no_employee
2026-03-09 10:28:16 SKIP  User=588  Time=2026-03-09 09:50:55  Reason=no_employee
2026-03-09 10:28:16 SKIP  User=588  Time=2026-03-09 09:50:57  Reason=no_employee
2026-03-09 10:28:16 OK    User=1155  MappedId=1155  Time=2026-03-09 10:25:17  LogType=IN  DevId=8  Result=ok
2026-03-09 10:28:18 OK    User=1155  MappedId=1155  Time=2026-03-09 10:25:25  LogType=IN  DevId=8  Result=ok
2026-03-09 10:28:20 OK    User=1210  MappedId=1210  Time=2026-03-09 10:26:09  LogType=IN  DevId=8  Result=ok
2026-03-09 10:28:22 OK    User=1210  MappedId=1210  Time=2026-03-09 10:26:11  LogType=IN  DevId=8  Result=ok
2026-03-09 10:28:40 OK    User=1089  MappedId=1089  Time=2026-03-09 10:26:28  LogType=IN  DevId=8  Result=ok
2026-03-09 10:28:42 OK    User=1186  MappedId=1186  Time=2026-03-09 10:27:17  LogType=IN  DevId=8  Result=ok
2026-03-09 10:28:44 OK    User=1163  MappedId=1163  Time=2026-03-09 10:27:21  LogType=IN  DevId=8  Result=ok
2026-03-09 10:28:46 OK    User=1022  MappedId=1022  Time=2026-03-09 10:27:28  LogType=IN  DevId=8  Result=ok
2026-03-09 10:28:48 OK    User=1022  MappedId=1022  Time=2026-03-09 10:27:29  LogType=IN  DevId=8  Result=ok
2026-03-09 10:28:50 OK    User=1163  MappedId=1163  Time=2026-03-09 10:27:35  LogType=IN  DevId=8  Result=ok
2026-03-09 10:28:52 OK    User=1163  MappedId=1163  Time=2026-03-09 10:27:46  LogType=IN  DevId=8  Result=ok
2026-03-09 10:29:58 SKIP  User=7  Time=2026-03-09 08:28:30  Reason=no_employee
2026-03-09 10:29:58 SKIP  User=588  Time=2026-03-09 09:50:55  Reason=no_employee
2026-03-09 10:29:58 SKIP  User=588  Time=2026-03-09 09:50:57  Reason=no_employee
2026-03-09 10:30:15 OK    User=980  MappedId=980  Time=2026-03-09 10:28:08  LogType=IN  DevId=8  Result=ok
2026-03-09 10:30:32 OK    User=980  MappedId=980  Time=2026-03-09 10:28:09  LogType=IN  DevId=8  Result=ok
2026-03-09 10:30:50 OK    User=822  MappedId=822  Time=2026-03-09 10:28:42  LogType=IN  DevId=8  Result=ok
2026-03-09 10:31:55 SKIP  User=7  Time=2026-03-09 08:28:30  Reason=no_employee
2026-03-09 10:31:55 SKIP  User=588  Time=2026-03-09 09:50:55  Reason=no_employee
2026-03-09 10:31:55 SKIP  User=588  Time=2026-03-09 09:50:57  Reason=no_employee
2026-03-09 10:31:56 OK    User=1068  MappedId=1068  Time=2026-03-09 10:29:51  LogType=IN  DevId=8  Result=ok
2026-03-09 10:31:58 OK    User=1068  MappedId=1068  Time=2026-03-09 10:29:52  LogType=IN  DevId=8  Result=ok
2026-03-09 10:32:00 OK    User=1221  MappedId=1221  Time=2026-03-09 10:30:48  LogType=IN  DevId=8  Result=ok
2026-03-09 10:32:02 OK    User=1092  MappedId=1092  Time=2026-03-09 10:31:04  LogType=IN  DevId=8  Result=ok
2026-03-09 10:32:04 OK    User=1150  MappedId=1150  Time=2026-03-09 10:31:22  LogType=IN  DevId=8  Result=ok
2026-03-09 10:32:06 OK    User=1150  MappedId=1150  Time=2026-03-09 10:31:23  LogType=IN  DevId=8  Result=ok
2026-03-09 10:32:08 OK    User=1093  MappedId=1093  Time=2026-03-09 10:31:32  LogType=IN  DevId=8  Result=ok
2026-03-09 10:32:10 OK    User=1220  MappedId=1220  Time=2026-03-09 10:31:35  LogType=IN  DevId=8  Result=ok
2026-03-09 10:32:12 OK    User=1220  MappedId=1220  Time=2026-03-09 10:31:36  LogType=IN  DevId=8  Result=ok
2026-03-09 10:32:30 OK    User=1097  MappedId=1097  Time=2026-03-09 10:31:38  LogType=IN  DevId=8  Result=ok
2026-03-09 10:32:47 OK    User=1097  MappedId=1097  Time=2026-03-09 10:31:39  LogType=IN  DevId=8  Result=ok
2026-03-09 10:32:49 OK    User=1220  MappedId=1220  Time=2026-03-09 10:31:42  LogType=IN  DevId=8  Result=ok
2026-03-09 10:33:07 OK    User=1097  MappedId=1097  Time=2026-03-09 10:31:45  LogType=IN  DevId=8  Result=ok
2026-03-09 10:34:13 SKIP  User=7  Time=2026-03-09 08:28:30  Reason=no_employee
2026-03-09 10:34:13 SKIP  User=588  Time=2026-03-09 09:50:55  Reason=no_employee
2026-03-09 10:34:13 SKIP  User=588  Time=2026-03-09 09:50:57  Reason=no_employee
2026-03-09 10:34:14 OK    User=1033  MappedId=1033  Time=2026-03-09 10:31:49  LogType=IN  DevId=8  Result=ok
2026-03-09 10:34:16 OK    User=1056  MappedId=1056  Time=2026-03-09 10:31:54  LogType=IN  DevId=8  Result=ok
2026-03-09 10:34:18 OK    User=1215  MappedId=1215  Time=2026-03-09 10:33:48  LogType=IN  DevId=8  Result=ok
2026-03-09 10:34:20 OK    User=1215  MappedId=1215  Time=2026-03-09 10:33:49  LogType=IN  DevId=8  Result=ok
2026-03-09 10:35:26 SKIP  User=7  Time=2026-03-09 08:28:30  Reason=no_employee
2026-03-09 10:35:26 SKIP  User=588  Time=2026-03-09 09:50:55  Reason=no_employee
2026-03-09 10:35:26 SKIP  User=588  Time=2026-03-09 09:50:57  Reason=no_employee
2026-03-09 10:36:32 SKIP  User=7  Time=2026-03-09 08:28:30  Reason=no_employee
2026-03-09 10:36:32 SKIP  User=588  Time=2026-03-09 09:50:55  Reason=no_employee
2026-03-09 10:36:32 SKIP  User=588  Time=2026-03-09 09:50:57  Reason=no_employee
2026-03-09 10:36:33 OK    User=1207  MappedId=1207  Time=2026-03-09 10:35:55  LogType=IN  DevId=8  Result=ok
2026-03-09 10:36:35 OK    User=1207  MappedId=1207  Time=2026-03-09 10:35:56  LogType=IN  DevId=8  Result=ok
2026-03-09 10:37:40 SKIP  User=7  Time=2026-03-09 08:28:30  Reason=no_employee
2026-03-09 10:37:40 SKIP  User=588  Time=2026-03-09 09:50:55  Reason=no_employee
2026-03-09 10:37:40 SKIP  User=588  Time=2026-03-09 09:50:57  Reason=no_employee
2026-03-09 10:38:45 SKIP  User=7  Time=2026-03-09 08:28:30  Reason=no_employee
2026-03-09 10:38:45 SKIP  User=588  Time=2026-03-09 09:50:55  Reason=no_employee
2026-03-09 10:38:45 SKIP  User=588  Time=2026-03-09 09:50:57  Reason=no_employee
2026-03-09 10:38:55 OK    User=1217  MappedId=1217  Time=2026-03-09 10:38:07  LogType=IN  DevId=8  Result=ok
2026-03-09 10:40:02 SKIP  User=7  Time=2026-03-09 08:28:30  Reason=no_employee
2026-03-09 10:40:02 SKIP  User=588  Time=2026-03-09 09:50:55  Reason=no_employee
2026-03-09 10:40:02 SKIP  User=588  Time=2026-03-09 09:50:57  Reason=no_employee
2026-03-09 10:40:31 OK    User=826  MappedId=826  Time=2026-03-09 10:39:24  LogType=IN  DevId=8  Result=ok
2026-03-09 10:41:02 FAIL  User=826  MappedId=826  Time=2026-03-09 10:39:25  LogType=IN  DevId=8  Result=error
2026-03-09 10:41:20 OK    User=936  MappedId=936  Time=2026-03-09 10:39:33  LogType=IN  DevId=8  Result=ok
2026-03-09 10:42:26 SKIP  User=7  Time=2026-03-09 08:28:30  Reason=no_employee
2026-03-09 10:42:26 SKIP  User=588  Time=2026-03-09 09:50:55  Reason=no_employee
2026-03-09 10:42:26 SKIP  User=588  Time=2026-03-09 09:50:57  Reason=no_employee
2026-03-09 10:42:27 OK    User=826  MappedId=826  Time=2026-03-09 10:39:25  LogType=IN  DevId=8  Result=duplicate
2026-03-09 10:42:45 OK    User=862  MappedId=862  Time=2026-03-09 10:40:24  LogType=IN  DevId=8  Result=ok
2026-03-09 10:43:02 OK    User=857  MappedId=857  Time=2026-03-09 10:40:31  LogType=IN  DevId=8  Result=ok
2026-03-09 10:43:20 OK    User=857  MappedId=857  Time=2026-03-09 10:40:32  LogType=IN  DevId=8  Result=ok
2026-03-09 10:43:37 OK    User=1084  MappedId=1084  Time=2026-03-09 10:41:16  LogType=IN  DevId=8  Result=ok
2026-03-09 10:43:54 OK    User=963  MappedId=963  Time=2026-03-09 10:41:36  LogType=IN  DevId=8  Result=ok
2026-03-09 10:45:00 SKIP  User=7  Time=2026-03-09 08:28:30  Reason=no_employee
2026-03-09 10:45:00 SKIP  User=588  Time=2026-03-09 09:50:55  Reason=no_employee
2026-03-09 10:45:00 SKIP  User=588  Time=2026-03-09 09:50:57  Reason=no_employee
2026-03-09 10:45:00 SKIP  User=588  Time=2026-03-09 10:43:11  Reason=no_employee
2026-03-09 10:45:01 OK    User=1064  MappedId=1064  Time=2026-03-09 10:44:31  LogType=IN  DevId=8  Result=ok
2026-03-09 10:45:03 OK    User=1064  MappedId=1064  Time=2026-03-09 10:44:32  LogType=IN  DevId=8  Result=ok
2026-03-09 10:45:05 OK    User=1176  MappedId=1176  Time=2026-03-09 10:44:53  LogType=IN  DevId=8  Result=ok
2026-03-09 10:46:10 SKIP  User=7  Time=2026-03-09 08:28:30  Reason=no_employee
2026-03-09 10:46:10 SKIP  User=588  Time=2026-03-09 09:50:55  Reason=no_employee
2026-03-09 10:46:10 SKIP  User=588  Time=2026-03-09 09:50:57  Reason=no_employee
2026-03-09 10:46:10 SKIP  User=588  Time=2026-03-09 10:43:11  Reason=no_employee
2026-03-09 10:46:37 OK    User=796  MappedId=796  Time=2026-03-09 10:45:03  LogType=IN  DevId=8  Result=ok
2026-03-09 10:47:42 SKIP  User=7  Time=2026-03-09 08:28:30  Reason=no_employee
2026-03-09 10:47:42 SKIP  User=588  Time=2026-03-09 09:50:55  Reason=no_employee
2026-03-09 10:47:42 SKIP  User=588  Time=2026-03-09 09:50:57  Reason=no_employee
2026-03-09 10:47:42 SKIP  User=588  Time=2026-03-09 10:43:11  Reason=no_employee
2026-03-09 10:47:58 OK    User=1141  MappedId=1141  Time=2026-03-09 10:47:07  LogType=IN  DevId=8  Result=ok
2026-03-09 10:48:00 OK    User=1145  MappedId=1145  Time=2026-03-09 10:47:13  LogType=IN  DevId=8  Result=ok
2026-03-09 10:49:05 SKIP  User=7  Time=2026-03-09 08:28:30  Reason=no_employee
2026-03-09 10:49:05 SKIP  User=588  Time=2026-03-09 09:50:55  Reason=no_employee
2026-03-09 10:49:05 SKIP  User=588  Time=2026-03-09 09:50:57  Reason=no_employee
2026-03-09 10:49:05 SKIP  User=588  Time=2026-03-09 10:43:11  Reason=no_employee
2026-03-09 10:50:10 SKIP  User=7  Time=2026-03-09 08:28:30  Reason=no_employee
2026-03-09 10:50:10 SKIP  User=588  Time=2026-03-09 09:50:55  Reason=no_employee
2026-03-09 10:50:10 SKIP  User=588  Time=2026-03-09 09:50:57  Reason=no_employee
2026-03-09 10:50:10 SKIP  User=588  Time=2026-03-09 10:43:11  Reason=no_employee
2026-03-09 10:51:15 SKIP  User=7  Time=2026-03-09 08:28:30  Reason=no_employee
2026-03-09 10:51:15 SKIP  User=588  Time=2026-03-09 09:50:55  Reason=no_employee
2026-03-09 10:51:15 SKIP  User=588  Time=2026-03-09 09:50:57  Reason=no_employee
2026-03-09 10:51:15 SKIP  User=588  Time=2026-03-09 10:43:11  Reason=no_employee
2026-03-09 10:51:31 OK    User=861  MappedId=861  Time=2026-03-09 10:50:08  LogType=IN  DevId=8  Result=ok
2026-03-09 10:52:03 FAIL  User=861  MappedId=861  Time=2026-03-09 10:50:10  LogType=IN  DevId=8  Result=error
2026-03-09 10:52:20 OK    User=1067  MappedId=1067  Time=2026-03-09 10:50:32  LogType=IN  DevId=8  Result=ok
2026-03-09 10:52:38 OK    User=983  MappedId=983  Time=2026-03-09 10:50:37  LogType=IN  DevId=8  Result=ok
2026-03-09 10:52:55 OK    User=983  MappedId=983  Time=2026-03-09 10:50:43  LogType=IN  DevId=8  Result=ok
2026-03-09 10:52:57 OK    User=1213  MappedId=1213  Time=2026-03-09 10:50:46  LogType=IN  DevId=8  Result=ok
2026-03-09 10:52:59 OK    User=1213  MappedId=1213  Time=2026-03-09 10:50:53  LogType=IN  DevId=8  Result=ok
2026-03-09 10:53:01 OK    User=1161  MappedId=1161  Time=2026-03-09 10:50:57  LogType=IN  DevId=8  Result=ok
2026-03-09 10:53:03 OK    User=1161  MappedId=1161  Time=2026-03-09 10:50:58  LogType=IN  DevId=8  Result=ok
2026-03-09 10:54:09 SKIP  User=7  Time=2026-03-09 08:28:30  Reason=no_employee
2026-03-09 10:54:09 SKIP  User=588  Time=2026-03-09 09:50:55  Reason=no_employee
2026-03-09 10:54:09 SKIP  User=588  Time=2026-03-09 09:50:57  Reason=no_employee
2026-03-09 10:54:09 SKIP  User=588  Time=2026-03-09 10:43:11  Reason=no_employee
2026-03-09 10:54:10 OK    User=861  MappedId=861  Time=2026-03-09 10:50:10  LogType=IN  DevId=8  Result=duplicate
2026-03-09 10:54:12 OK    User=1161  MappedId=1161  Time=2026-03-09 10:51:08  LogType=IN  DevId=8  Result=ok
2026-03-09 10:54:14 OK    User=1193  MappedId=1193  Time=2026-03-09 10:51:13  LogType=IN  DevId=8  Result=ok
2026-03-09 10:54:16 OK    User=1193  MappedId=1193  Time=2026-03-09 10:51:18  LogType=IN  DevId=8  Result=ok
2026-03-09 10:54:17 OK    User=1223  MappedId=1223  Time=2026-03-09 10:51:22  LogType=IN  DevId=8  Result=ok
2026-03-09 10:54:19 OK    User=1223  MappedId=1223  Time=2026-03-09 10:51:24  LogType=IN  DevId=8  Result=ok
2026-03-09 10:54:21 OK    User=1147  MappedId=1147  Time=2026-03-09 10:51:35  LogType=IN  DevId=8  Result=ok
2026-03-09 10:54:23 OK    User=1148  MappedId=1148  Time=2026-03-09 10:51:53  LogType=IN  DevId=8  Result=ok
2026-03-09 10:54:25 OK    User=1225  MappedId=1225  Time=2026-03-09 10:52:11  LogType=IN  DevId=8  Result=ok
2026-03-09 10:54:43 OK    User=241  MappedId=SS00241  Time=2026-03-09 10:53:19  LogType=IN  DevId=8  Result=ok
2026-03-09 10:55:01 OK    User=937  MappedId=937  Time=2026-03-09 10:53:22  LogType=IN  DevId=8  Result=ok
2026-03-09 10:55:18 OK    User=937  MappedId=937  Time=2026-03-09 10:53:28  LogType=IN  DevId=8  Result=ok
2026-03-09 10:56:26 SKIP  User=7  Time=2026-03-09 08:28:30  Reason=no_employee
2026-03-09 10:56:26 SKIP  User=588  Time=2026-03-09 09:50:55  Reason=no_employee
2026-03-09 10:56:26 SKIP  User=588  Time=2026-03-09 09:50:57  Reason=no_employee
2026-03-09 10:56:26 SKIP  User=588  Time=2026-03-09 10:43:11  Reason=no_employee
2026-03-09 10:56:42 OK    User=1116  MappedId=1116  Time=2026-03-09 10:54:04  LogType=IN  DevId=8  Result=ok
2026-03-09 10:57:00 OK    User=1116  MappedId=1116  Time=2026-03-09 10:54:05  LogType=IN  DevId=8  Result=ok
2026-03-09 10:57:17 OK    User=823  MappedId=823  Time=2026-03-09 10:54:25  LogType=IN  DevId=8  Result=ok
2026-03-09 10:57:35 OK    User=823  MappedId=823  Time=2026-03-09 10:54:26  LogType=IN  DevId=8  Result=ok
2026-03-09 10:57:37 OK    User=1139  MappedId=1139  Time=2026-03-09 10:54:45  LogType=IN  DevId=8  Result=ok
2026-03-09 10:57:39 OK    User=1139  MappedId=1139  Time=2026-03-09 10:54:47  LogType=IN  DevId=8  Result=ok
2026-03-09 10:57:57 OK    User=954  MappedId=954  Time=2026-03-09 10:55:10  LogType=IN  DevId=8  Result=ok
2026-03-09 10:58:14 OK    User=954  MappedId=954  Time=2026-03-09 10:55:11  LogType=IN  DevId=8  Result=ok
2026-03-09 10:58:16 OK    User=1169  MappedId=1169  Time=2026-03-09 10:55:39  LogType=IN  DevId=8  Result=ok
2026-03-09 10:58:18 OK    User=1169  MappedId=1169  Time=2026-03-09 10:55:40  LogType=IN  DevId=8  Result=ok
2026-03-09 10:59:24 SKIP  User=7  Time=2026-03-09 08:28:30  Reason=no_employee
2026-03-09 10:59:24 SKIP  User=588  Time=2026-03-09 09:50:55  Reason=no_employee
2026-03-09 10:59:24 SKIP  User=588  Time=2026-03-09 09:50:57  Reason=no_employee
2026-03-09 10:59:24 SKIP  User=588  Time=2026-03-09 10:43:11  Reason=no_employee
2026-03-09 10:59:55 OK    User=1081  MappedId=1081  Time=2026-03-09 10:58:25  LogType=IN  DevId=8  Result=ok
2026-03-09 10:59:56 OK    User=1196  MappedId=1196  Time=2026-03-09 10:58:59  LogType=IN  DevId=8  Result=ok
2026-03-09 10:59:58 OK    User=1196  MappedId=1196  Time=2026-03-09 10:59:00  LogType=IN  DevId=8  Result=ok
2026-03-09 11:01:03 SKIP  User=7  Time=2026-03-09 08:28:30  Reason=no_employee
2026-03-09 11:01:03 SKIP  User=588  Time=2026-03-09 09:50:55  Reason=no_employee
2026-03-09 11:01:03 SKIP  User=588  Time=2026-03-09 09:50:57  Reason=no_employee
2026-03-09 11:01:03 SKIP  User=588  Time=2026-03-09 10:43:11  Reason=no_employee
2026-03-09 11:01:04 OK    User=1183  MappedId=1183  Time=2026-03-09 10:59:46  LogType=IN  DevId=8  Result=ok
2026-03-09 11:01:06 OK    User=1183  MappedId=1183  Time=2026-03-09 10:59:48  LogType=IN  DevId=8  Result=ok
2026-03-09 11:01:24 OK    User=656  MappedId=SS00656  Time=2026-03-09 10:59:51  LogType=IN  DevId=8  Result=ok
2026-03-09 11:01:41 OK    User=656  MappedId=SS00656  Time=2026-03-09 10:59:53  LogType=IN  DevId=8  Result=ok
2026-03-09 11:01:43 OK    User=1177  MappedId=1177  Time=2026-03-09 11:00:37  LogType=IN  DevId=8  Result=ok
2026-03-09 11:02:01 OK    User=1042  MappedId=1042  Time=2026-03-09 11:00:40  LogType=IN  DevId=8  Result=ok
2026-03-09 11:02:19 OK    User=1042  MappedId=1042  Time=2026-03-09 11:00:44  LogType=IN  DevId=8  Result=ok
2026-03-09 11:02:21 OK    User=1212  MappedId=1212  Time=2026-03-09 11:00:51  LogType=IN  DevId=8  Result=ok
2026-03-09 11:03:26 SKIP  User=7  Time=2026-03-09 08:28:30  Reason=no_employee
2026-03-09 11:03:26 SKIP  User=588  Time=2026-03-09 09:50:55  Reason=no_employee
2026-03-09 11:03:26 SKIP  User=588  Time=2026-03-09 09:50:57  Reason=no_employee
2026-03-09 11:03:26 SKIP  User=588  Time=2026-03-09 10:43:11  Reason=no_employee
2026-03-09 11:03:30 OK    User=1191  MappedId=1191  Time=2026-03-09 11:01:25  LogType=IN  DevId=8  Result=ok
2026-03-09 11:04:01 FAIL  User=1073  MappedId=1073  Time=2026-03-09 11:01:39  LogType=IN  DevId=8  Result=error
2026-03-09 11:04:19 OK    User=1073  MappedId=1073  Time=2026-03-09 11:01:41  LogType=IN  DevId=8  Result=ok
2026-03-09 11:04:37 OK    User=720  MappedId=SS00720  Time=2026-03-09 11:01:41  LogType=IN  DevId=8  Result=ok
2026-03-09 11:05:08 FAIL  User=720  MappedId=SS00720  Time=2026-03-09 11:01:45  LogType=IN  DevId=8  Result=error
2026-03-09 11:05:39 FAIL  User=720  MappedId=SS00720  Time=2026-03-09 11:01:51  LogType=IN  DevId=8  Result=error
2026-03-09 11:06:10 FAIL  User=928  MappedId=928  Time=2026-03-09 11:01:53  LogType=IN  DevId=8  Result=error
2026-03-09 11:06:28 OK    User=928  MappedId=928  Time=2026-03-09 11:01:54  LogType=IN  DevId=8  Result=ok
2026-03-09 11:06:44 OK    User=1159  MappedId=1159  Time=2026-03-09 11:02:07  LogType=IN  DevId=8  Result=ok
2026-03-09 11:07:15 FAIL  User=1159  MappedId=1159  Time=2026-03-09 11:02:09  LogType=IN  DevId=8  Result=error
2026-03-09 11:07:32 OK    User=1159  MappedId=1159  Time=2026-03-09 11:02:10  LogType=IN  DevId=8  Result=ok
2026-03-09 11:07:48 OK    User=1044  MappedId=1044  Time=2026-03-09 11:02:12  LogType=IN  DevId=8  Result=ok
2026-03-09 11:08:19 FAIL  User=1044  MappedId=1044  Time=2026-03-09 11:02:13  LogType=IN  DevId=8  Result=error
2026-03-09 11:08:51 FAIL  User=1061  MappedId=1061  Time=2026-03-09 11:02:27  LogType=IN  DevId=8  Result=error
2026-03-09 11:09:08 OK    User=1003  MappedId=1003  Time=2026-03-09 11:02:52  LogType=IN  DevId=8  Result=ok
2026-03-09 11:09:39 FAIL  User=1003  MappedId=1003  Time=2026-03-09 11:02:53  LogType=IN  DevId=8  Result=error
2026-03-09 11:10:11 FAIL  User=968  MappedId=968  Time=2026-03-09 11:02:58  LogType=IN  DevId=8  Result=error
2026-03-09 11:10:28 OK    User=927  MappedId=927  Time=2026-03-09 11:03:06  LogType=IN  DevId=8  Result=ok
2026-03-09 11:11:34 SKIP  User=7  Time=2026-03-09 08:28:30  Reason=no_employee
2026-03-09 11:11:34 SKIP  User=588  Time=2026-03-09 09:50:55  Reason=no_employee
2026-03-09 11:11:34 SKIP  User=588  Time=2026-03-09 09:50:57  Reason=no_employee
2026-03-09 11:11:34 SKIP  User=588  Time=2026-03-09 10:43:11  Reason=no_employee
2026-03-09 11:11:35 OK    User=1073  MappedId=1073  Time=2026-03-09 11:01:39  LogType=IN  DevId=8  Result=duplicate
2026-03-09 11:11:37 OK    User=720  MappedId=SS00720  Time=2026-03-09 11:01:45  LogType=IN  DevId=8  Result=duplicate
2026-03-09 11:11:39 OK    User=720  MappedId=SS00720  Time=2026-03-09 11:01:51  LogType=IN  DevId=8  Result=duplicate
2026-03-09 11:11:40 OK    User=928  MappedId=928  Time=2026-03-09 11:01:53  LogType=IN  DevId=8  Result=duplicate
2026-03-09 11:11:42 OK    User=1159  MappedId=1159  Time=2026-03-09 11:02:09  LogType=IN  DevId=8  Result=duplicate
2026-03-09 11:11:44 OK    User=1044  MappedId=1044  Time=2026-03-09 11:02:13  LogType=IN  DevId=8  Result=duplicate
2026-03-09 11:11:46 OK    User=1061  MappedId=1061  Time=2026-03-09 11:02:27  LogType=IN  DevId=8  Result=duplicate
2026-03-09 11:11:48 OK    User=1003  MappedId=1003  Time=2026-03-09 11:02:53  LogType=IN  DevId=8  Result=duplicate
2026-03-09 11:11:49 OK    User=968  MappedId=968  Time=2026-03-09 11:02:58  LogType=IN  DevId=8  Result=duplicate
2026-03-09 11:12:07 OK    User=931  MappedId=931  Time=2026-03-09 11:03:49  LogType=IN  DevId=8  Result=ok
2026-03-09 11:12:09 OK    User=1135  MappedId=1135  Time=2026-03-09 11:04:33  LogType=IN  DevId=8  Result=ok
2026-03-09 11:12:11 OK    User=1214  MappedId=1214  Time=2026-03-09 11:04:43  LogType=IN  DevId=8  Result=ok
2026-03-09 11:12:28 OK    User=1041  MappedId=1041  Time=2026-03-09 11:05:47  LogType=IN  DevId=8  Result=ok
2026-03-09 11:12:46 OK    User=1041  MappedId=1041  Time=2026-03-09 11:05:49  LogType=IN  DevId=8  Result=ok
2026-03-09 11:13:04 OK    User=375  MappedId=SS00375  Time=2026-03-09 11:06:06  LogType=IN  DevId=8  Result=ok
2026-03-09 11:13:22 OK    User=375  MappedId=SS00375  Time=2026-03-09 11:06:08  LogType=IN  DevId=8  Result=ok
2026-03-09 11:13:39 OK    User=375  MappedId=SS00375  Time=2026-03-09 11:06:11  LogType=IN  DevId=8  Result=ok
2026-03-09 11:13:57 OK    User=375  MappedId=SS00375  Time=2026-03-09 11:06:19  LogType=IN  DevId=8  Result=ok
2026-03-09 11:14:14 OK    User=375  MappedId=SS00375  Time=2026-03-09 11:06:21  LogType=IN  DevId=8  Result=ok
2026-03-09 11:14:17 OK    User=1115  MappedId=1115  Time=2026-03-09 11:06:25  LogType=IN  DevId=8  Result=ok
2026-03-09 11:14:18 OK    User=1115  MappedId=1115  Time=2026-03-09 11:06:30  LogType=IN  DevId=8  Result=ok
2026-03-09 11:14:36 OK    User=933  MappedId=933  Time=2026-03-09 11:06:37  LogType=IN  DevId=8  Result=ok
2026-03-09 11:14:38 OK    User=1153  MappedId=1153  Time=2026-03-09 11:07:09  LogType=IN  DevId=8  Result=ok
2026-03-09 11:14:40 OK    User=1153  MappedId=1153  Time=2026-03-09 11:07:10  LogType=IN  DevId=8  Result=ok
2026-03-09 11:14:58 OK    User=943  MappedId=943  Time=2026-03-09 11:07:42  LogType=IN  DevId=8  Result=ok
2026-03-09 11:14:59 OK    User=1199  MappedId=1199  Time=2026-03-09 11:08:49  LogType=IN  DevId=8  Result=ok
2026-03-09 11:15:01 OK    User=1199  MappedId=1199  Time=2026-03-09 11:08:51  LogType=IN  DevId=8  Result=ok
2026-03-09 11:15:19 OK    User=796  MappedId=796  Time=2026-03-09 11:09:19  LogType=IN  DevId=8  Result=ok
2026-03-09 11:15:37 OK    User=816  MappedId=816  Time=2026-03-09 11:09:30  LogType=IN  DevId=8  Result=ok
2026-03-09 11:15:54 OK    User=816  MappedId=816  Time=2026-03-09 11:09:32  LogType=IN  DevId=8  Result=ok
2026-03-09 11:16:12 OK    User=195  MappedId=SS00195  Time=2026-03-09 11:09:42  LogType=IN  DevId=8  Result=ok
2026-03-09 11:17:19 SKIP  User=7  Time=2026-03-09 08:28:30  Reason=no_employee
2026-03-09 11:17:19 SKIP  User=588  Time=2026-03-09 09:50:55  Reason=no_employee
2026-03-09 11:17:19 SKIP  User=588  Time=2026-03-09 09:50:57  Reason=no_employee
2026-03-09 11:17:19 SKIP  User=588  Time=2026-03-09 10:43:11  Reason=no_employee
2026-03-09 11:17:23 OK    User=1134  MappedId=1134  Time=2026-03-09 11:11:37  LogType=IN  DevId=8  Result=ok
2026-03-09 11:17:40 OK    User=835  MappedId=835  Time=2026-03-09 11:12:41  LogType=IN  DevId=8  Result=ok
2026-03-09 11:17:58 OK    User=835  MappedId=835  Time=2026-03-09 11:12:43  LogType=IN  DevId=8  Result=ok
2026-03-09 11:18:15 OK    User=484  MappedId=SS00484  Time=2026-03-09 11:13:55  LogType=IN  DevId=8  Result=ok
2026-03-09 11:18:33 OK    User=825  MappedId=825  Time=2026-03-09 11:14:21  LogType=IN  DevId=8  Result=ok
2026-03-09 11:18:51 OK    User=1103  MappedId=1103  Time=2026-03-09 11:14:26  LogType=IN  DevId=8  Result=ok
2026-03-09 11:19:08 OK    User=1103  MappedId=1103  Time=2026-03-09 11:14:32  LogType=IN  DevId=8  Result=ok
2026-03-09 11:19:39 FAIL  User=952  MappedId=952  Time=2026-03-09 11:15:40  LogType=IN  DevId=8  Result=error
2026-03-09 11:19:56 OK    User=1087  MappedId=1087  Time=2026-03-09 11:16:57  LogType=IN  DevId=8  Result=ok
2026-03-09 11:21:03 SKIP  User=7  Time=2026-03-09 08:28:30  Reason=no_employee
2026-03-09 11:21:03 SKIP  User=588  Time=2026-03-09 09:50:55  Reason=no_employee
2026-03-09 11:21:03 SKIP  User=588  Time=2026-03-09 09:50:57  Reason=no_employee
2026-03-09 11:21:03 SKIP  User=588  Time=2026-03-09 10:43:11  Reason=no_employee
2026-03-09 11:21:04 OK    User=952  MappedId=952  Time=2026-03-09 11:15:40  LogType=IN  DevId=8  Result=duplicate
2026-03-09 11:21:20 OK    User=1198  MappedId=1198  Time=2026-03-09 11:19:57  LogType=IN  DevId=8  Result=ok
2026-03-09 11:22:26 SKIP  User=7  Time=2026-03-09 08:28:30  Reason=no_employee
2026-03-09 11:22:26 SKIP  User=588  Time=2026-03-09 09:50:55  Reason=no_employee
2026-03-09 11:22:26 SKIP  User=588  Time=2026-03-09 09:50:57  Reason=no_employee
2026-03-09 11:22:26 SKIP  User=588  Time=2026-03-09 10:43:11  Reason=no_employee
2026-03-09 11:22:42 OK    User=191  MappedId=SS00191  Time=2026-03-09 11:21:26  LogType=IN  DevId=8  Result=ok
2026-03-09 11:23:48 SKIP  User=7  Time=2026-03-09 08:28:30  Reason=no_employee
2026-03-09 11:23:48 SKIP  User=588  Time=2026-03-09 09:50:55  Reason=no_employee
2026-03-09 11:23:48 SKIP  User=588  Time=2026-03-09 09:50:57  Reason=no_employee
2026-03-09 11:23:48 SKIP  User=588  Time=2026-03-09 10:43:11  Reason=no_employee
2026-03-09 11:24:04 OK    User=924  MappedId=924  Time=2026-03-09 11:22:23  LogType=IN  DevId=8  Result=ok
2026-03-09 11:25:10 SKIP  User=7  Time=2026-03-09 08:28:30  Reason=no_employee
2026-03-09 11:25:10 SKIP  User=588  Time=2026-03-09 09:50:55  Reason=no_employee
2026-03-09 11:25:10 SKIP  User=588  Time=2026-03-09 09:50:57  Reason=no_employee
2026-03-09 11:25:10 SKIP  User=588  Time=2026-03-09 10:43:11  Reason=no_employee
2026-03-09 11:25:27 OK    User=1023  MappedId=1023  Time=2026-03-09 11:23:53  LogType=IN  DevId=8  Result=ok
2026-03-09 11:25:44 OK    User=1023  MappedId=1023  Time=2026-03-09 11:23:54  LogType=IN  DevId=8  Result=ok
2026-03-09 11:26:51 SKIP  User=7  Time=2026-03-09 08:28:30  Reason=no_employee
2026-03-09 11:26:51 SKIP  User=588  Time=2026-03-09 09:50:55  Reason=no_employee
2026-03-09 11:26:51 SKIP  User=588  Time=2026-03-09 09:50:57  Reason=no_employee
2026-03-09 11:26:51 SKIP  User=588  Time=2026-03-09 10:43:11  Reason=no_employee
2026-03-09 11:26:51 OK    User=1145  MappedId=1145  Time=2026-03-09 11:25:26  LogType=IN  DevId=8  Result=ok
2026-03-09 11:27:09 OK    User=1141  MappedId=1141  Time=2026-03-09 11:25:31  LogType=IN  DevId=8  Result=ok
2026-03-09 11:27:27 OK    User=914  MappedId=914  Time=2026-03-09 11:25:36  LogType=IN  DevId=8  Result=ok
2026-03-09 11:27:45 OK    User=914  MappedId=914  Time=2026-03-09 11:25:40  LogType=IN  DevId=8  Result=ok
2026-03-09 11:28:16 FAIL  User=970  MappedId=970  Time=2026-03-09 11:25:42  LogType=IN  DevId=8  Result=error
2026-03-09 11:28:47 FAIL  User=970  MappedId=970  Time=2026-03-09 11:25:44  LogType=IN  DevId=8  Result=error
2026-03-09 11:29:05 OK    User=1059  MappedId=1059  Time=2026-03-09 11:25:47  LogType=IN  DevId=8  Result=ok
2026-03-09 11:29:07 OK    User=1083  MappedId=1083  Time=2026-03-09 11:26:03  LogType=IN  DevId=8  Result=ok
2026-03-09 11:29:08 OK    User=1083  MappedId=1083  Time=2026-03-09 11:26:10  LogType=IN  DevId=8  Result=ok
2026-03-09 11:30:15 SKIP  User=7  Time=2026-03-09 08:28:30  Reason=no_employee
2026-03-09 11:30:15 SKIP  User=588  Time=2026-03-09 09:50:55  Reason=no_employee
2026-03-09 11:30:15 SKIP  User=588  Time=2026-03-09 09:50:57  Reason=no_employee
2026-03-09 11:30:15 SKIP  User=588  Time=2026-03-09 10:43:11  Reason=no_employee
2026-03-09 11:30:16 OK    User=970  MappedId=970  Time=2026-03-09 11:25:42  LogType=IN  DevId=8  Result=duplicate
2026-03-09 11:30:18 OK    User=970  MappedId=970  Time=2026-03-09 11:25:44  LogType=IN  DevId=8  Result=duplicate
2026-03-09 11:30:19 SKIP  User=7  Time=2026-03-09 11:26:47  Reason=no_employee
2026-03-09 11:30:35 OK    User=960  MappedId=960  Time=2026-03-09 11:26:52  LogType=IN  DevId=8  Result=ok
2026-03-09 11:30:53 OK    User=960  MappedId=960  Time=2026-03-09 11:26:56  LogType=IN  DevId=8  Result=ok
2026-03-09 11:31:24 FAIL  User=721  MappedId=SS00721  Time=2026-03-09 11:28:27  LogType=IN  DevId=8  Result=error
2026-03-09 11:31:55 FAIL  User=721  MappedId=SS00721  Time=2026-03-09 11:28:28  LogType=IN  DevId=8  Result=error
2026-03-09 11:32:13 OK    User=781  MappedId=781  Time=2026-03-09 11:28:58  LogType=IN  DevId=8  Result=ok
2026-03-09 11:32:44 FAIL  User=781  MappedId=781  Time=2026-03-09 11:29:00  LogType=IN  DevId=8  Result=error
2026-03-09 11:32:46 OK    User=1190  MappedId=1190  Time=2026-03-09 11:29:21  LogType=IN  DevId=8  Result=ok
2026-03-09 11:32:48 OK    User=1143  MappedId=1143  Time=2026-03-09 11:29:31  LogType=IN  DevId=8  Result=ok
2026-03-09 11:33:06 OK    User=300  MappedId=SS00300  Time=2026-03-09 11:30:04  LogType=IN  DevId=8  Result=ok
2026-03-09 11:34:12 SKIP  User=7  Time=2026-03-09 08:28:30  Reason=no_employee
2026-03-09 11:34:12 SKIP  User=588  Time=2026-03-09 09:50:55  Reason=no_employee
2026-03-09 11:34:12 SKIP  User=588  Time=2026-03-09 09:50:57  Reason=no_employee
2026-03-09 11:34:12 SKIP  User=588  Time=2026-03-09 10:43:11  Reason=no_employee
2026-03-09 11:34:12 SKIP  User=7  Time=2026-03-09 11:26:47  Reason=no_employee
2026-03-09 11:34:21 OK    User=721  MappedId=SS00721  Time=2026-03-09 11:28:27  LogType=IN  DevId=8  Result=duplicate
2026-03-09 11:34:37 OK    User=721  MappedId=SS00721  Time=2026-03-09 11:28:28  LogType=IN  DevId=8  Result=duplicate
2026-03-09 11:34:54 OK    User=781  MappedId=781  Time=2026-03-09 11:29:00  LogType=IN  DevId=8  Result=duplicate
2026-03-09 11:34:56 OK    User=1185  MappedId=1185  Time=2026-03-09 11:30:44  LogType=IN  DevId=8  Result=ok
2026-03-09 11:35:13 OK    User=947  MappedId=947  Time=2026-03-09 11:30:47  LogType=IN  DevId=8  Result=ok
2026-03-09 11:35:31 OK    User=947  MappedId=947  Time=2026-03-09 11:30:48  LogType=IN  DevId=8  Result=ok
2026-03-09 11:35:49 OK    User=947  MappedId=947  Time=2026-03-09 11:31:00  LogType=IN  DevId=8  Result=ok
2026-03-09 11:36:04 OK    User=978  MappedId=978  Time=2026-03-09 11:31:51  LogType=IN  DevId=8  Result=ok
2026-03-09 11:36:22 OK    User=884  MappedId=884  Time=2026-03-09 11:32:04  LogType=IN  DevId=8  Result=ok
2026-03-09 11:36:39 OK    User=884  MappedId=884  Time=2026-03-09 11:32:09  LogType=IN  DevId=8  Result=ok
2026-03-09 11:36:57 OK    User=1081  MappedId=1081  Time=2026-03-09 11:32:43  LogType=IN  DevId=8  Result=ok
2026-03-09 11:37:15 OK    User=21  MappedId=SS0021  Time=2026-03-09 11:32:59  LogType=IN  DevId=8  Result=ok
2026-03-09 11:37:17 OK    User=1208  MappedId=1208  Time=2026-03-09 11:33:56  LogType=IN  DevId=8  Result=ok
2026-03-09 11:37:18 OK    User=1208  MappedId=1208  Time=2026-03-09 11:33:57  LogType=IN  DevId=8  Result=ok
2026-03-09 11:38:24 SKIP  User=7  Time=2026-03-09 08:28:30  Reason=no_employee
2026-03-09 11:38:24 SKIP  User=588  Time=2026-03-09 09:50:55  Reason=no_employee
2026-03-09 11:38:24 SKIP  User=588  Time=2026-03-09 09:50:57  Reason=no_employee
2026-03-09 11:38:24 SKIP  User=588  Time=2026-03-09 10:43:11  Reason=no_employee
2026-03-09 11:38:24 SKIP  User=7  Time=2026-03-09 11:26:47  Reason=no_employee
2026-03-09 11:38:41 OK    User=1100  MappedId=1100  Time=2026-03-09 11:34:50  LogType=IN  DevId=8  Result=ok
2026-03-09 11:38:59 OK    User=1100  MappedId=1100  Time=2026-03-09 11:34:51  LogType=IN  DevId=8  Result=ok
2026-03-09 11:39:01 OK    User=888  MappedId=888  Time=2026-03-09 11:36:03  LogType=IN  DevId=8  Result=ok
2026-03-09 11:39:18 OK    User=922  MappedId=922  Time=2026-03-09 11:37:35  LogType=IN  DevId=8  Result=ok
2026-03-09 11:39:36 OK    User=922  MappedId=922  Time=2026-03-09 11:37:36  LogType=IN  DevId=8  Result=ok
2026-03-09 11:40:42 SKIP  User=7  Time=2026-03-09 08:28:30  Reason=no_employee
2026-03-09 11:40:42 SKIP  User=588  Time=2026-03-09 09:50:55  Reason=no_employee
2026-03-09 11:40:42 SKIP  User=588  Time=2026-03-09 09:50:57  Reason=no_employee
2026-03-09 11:40:42 SKIP  User=588  Time=2026-03-09 10:43:11  Reason=no_employee
2026-03-09 11:40:42 SKIP  User=7  Time=2026-03-09 11:26:47  Reason=no_employee
2026-03-09 11:40:58 OK    User=911  MappedId=911  Time=2026-03-09 11:40:10  LogType=IN  DevId=8  Result=ok
2026-03-09 11:41:16 OK    User=911  MappedId=911  Time=2026-03-09 11:40:12  LogType=IN  DevId=8  Result=ok
2026-03-09 11:42:21 SKIP  User=7  Time=2026-03-09 08:28:30  Reason=no_employee
2026-03-09 11:42:21 SKIP  User=588  Time=2026-03-09 09:50:55  Reason=no_employee
2026-03-09 11:42:21 SKIP  User=588  Time=2026-03-09 09:50:57  Reason=no_employee
2026-03-09 11:42:21 SKIP  User=588  Time=2026-03-09 10:43:11  Reason=no_employee
2026-03-09 11:42:21 SKIP  User=7  Time=2026-03-09 11:26:47  Reason=no_employee
2026-03-09 11:42:22 OK    User=1160  MappedId=1160  Time=2026-03-09 11:41:38  LogType=IN  DevId=8  Result=ok
2026-03-09 11:43:28 SKIP  User=7  Time=2026-03-09 08:28:30  Reason=no_employee
2026-03-09 11:43:28 SKIP  User=588  Time=2026-03-09 09:50:55  Reason=no_employee
2026-03-09 11:43:28 SKIP  User=588  Time=2026-03-09 09:50:57  Reason=no_employee
2026-03-09 11:43:28 SKIP  User=588  Time=2026-03-09 10:43:11  Reason=no_employee
2026-03-09 11:43:28 SKIP  User=7  Time=2026-03-09 11:26:47  Reason=no_employee
2026-03-09 11:43:58 OK    User=915  MappedId=915  Time=2026-03-09 11:43:02  LogType=IN  DevId=8  Result=ok
2026-03-09 11:44:29 FAIL  User=915  MappedId=915  Time=2026-03-09 11:43:03  LogType=IN  DevId=8  Result=error
2026-03-09 11:45:00 FAIL  User=788  MappedId=788  Time=2026-03-09 11:43:06  LogType=IN  DevId=8  Result=error
2026-03-09 11:45:18 OK    User=788  MappedId=788  Time=2026-03-09 11:43:07  LogType=IN  DevId=8  Result=ok
2026-03-09 11:46:24 SKIP  User=7  Time=2026-03-09 08:28:30  Reason=no_employee
2026-03-09 11:46:24 SKIP  User=588  Time=2026-03-09 09:50:55  Reason=no_employee
2026-03-09 11:46:24 SKIP  User=588  Time=2026-03-09 09:50:57  Reason=no_employee
2026-03-09 11:46:24 SKIP  User=588  Time=2026-03-09 10:43:11  Reason=no_employee
2026-03-09 11:46:24 SKIP  User=7  Time=2026-03-09 11:26:47  Reason=no_employee
2026-03-09 11:46:26 OK    User=915  MappedId=915  Time=2026-03-09 11:43:03  LogType=IN  DevId=8  Result=duplicate
2026-03-09 11:46:28 OK    User=788  MappedId=788  Time=2026-03-09 11:43:06  LogType=IN  DevId=8  Result=duplicate
2026-03-09 11:46:59 FAIL  User=941  MappedId=941  Time=2026-03-09 11:43:37  LogType=IN  DevId=8  Result=error
2026-03-09 11:47:30 FAIL  User=941  MappedId=941  Time=2026-03-09 11:43:38  LogType=IN  DevId=8  Result=error
2026-03-09 11:48:35 SKIP  User=7  Time=2026-03-09 08:28:30  Reason=no_employee
2026-03-09 11:48:35 SKIP  User=588  Time=2026-03-09 09:50:55  Reason=no_employee
2026-03-09 11:48:35 SKIP  User=588  Time=2026-03-09 09:50:57  Reason=no_employee
2026-03-09 11:48:35 SKIP  User=588  Time=2026-03-09 10:43:11  Reason=no_employee
2026-03-09 11:48:35 SKIP  User=7  Time=2026-03-09 11:26:47  Reason=no_employee
2026-03-09 11:48:36 OK    User=941  MappedId=941  Time=2026-03-09 11:43:37  LogType=IN  DevId=8  Result=duplicate
2026-03-09 11:48:38 OK    User=941  MappedId=941  Time=2026-03-09 11:43:38  LogType=IN  DevId=8  Result=duplicate
2026-03-09 11:48:56 OK    User=880  MappedId=880  Time=2026-03-09 11:46:26  LogType=IN  DevId=8  Result=ok
2026-03-09 11:50:01 SKIP  User=7  Time=2026-03-09 08:28:30  Reason=no_employee
2026-03-09 11:50:01 SKIP  User=588  Time=2026-03-09 09:50:55  Reason=no_employee
2026-03-09 11:50:01 SKIP  User=588  Time=2026-03-09 09:50:57  Reason=no_employee
2026-03-09 11:50:01 SKIP  User=588  Time=2026-03-09 10:43:11  Reason=no_employee
2026-03-09 11:50:01 SKIP  User=7  Time=2026-03-09 11:26:47  Reason=no_employee
2026-03-09 11:50:31 FAIL  User=961  MappedId=961  Time=2026-03-09 11:48:38  LogType=IN  DevId=8  Result=error
2026-03-09 11:50:49 OK    User=961  MappedId=961  Time=2026-03-09 11:48:39  LogType=IN  DevId=8  Result=ok
2026-03-09 11:51:55 SKIP  User=7  Time=2026-03-09 08:28:30  Reason=no_employee
2026-03-09 11:51:55 SKIP  User=588  Time=2026-03-09 09:50:55  Reason=no_employee
2026-03-09 11:51:55 SKIP  User=588  Time=2026-03-09 09:50:57  Reason=no_employee
2026-03-09 11:51:55 SKIP  User=588  Time=2026-03-09 10:43:11  Reason=no_employee
2026-03-09 11:51:55 SKIP  User=7  Time=2026-03-09 11:26:47  Reason=no_employee
2026-03-09 11:51:56 OK    User=961  MappedId=961  Time=2026-03-09 11:48:38  LogType=IN  DevId=8  Result=duplicate
2026-03-09 11:53:03 SKIP  User=7  Time=2026-03-09 08:28:30  Reason=no_employee
2026-03-09 11:53:03 SKIP  User=588  Time=2026-03-09 09:50:55  Reason=no_employee
2026-03-09 11:53:03 SKIP  User=588  Time=2026-03-09 09:50:57  Reason=no_employee
2026-03-09 11:53:03 SKIP  User=588  Time=2026-03-09 10:43:11  Reason=no_employee
2026-03-09 11:53:03 SKIP  User=7  Time=2026-03-09 11:26:47  Reason=no_employee
2026-03-09 11:53:19 OK    User=937  MappedId=937  Time=2026-03-09 11:52:39  LogType=IN  DevId=8  Result=ok
2026-03-09 11:53:50 FAIL  User=937  MappedId=937  Time=2026-03-09 11:52:40  LogType=IN  DevId=8  Result=error
2026-03-09 11:54:58 SKIP  User=7  Time=2026-03-09 08:28:30  Reason=no_employee
2026-03-09 11:54:58 SKIP  User=588  Time=2026-03-09 09:50:55  Reason=no_employee
2026-03-09 11:54:58 SKIP  User=588  Time=2026-03-09 09:50:57  Reason=no_employee
2026-03-09 11:54:58 SKIP  User=588  Time=2026-03-09 10:43:11  Reason=no_employee
2026-03-09 11:54:58 SKIP  User=7  Time=2026-03-09 11:26:47  Reason=no_employee
2026-03-09 11:54:58 OK    User=937  MappedId=937  Time=2026-03-09 11:52:40  LogType=IN  DevId=8  Result=duplicate
2026-03-09 11:56:06 SKIP  User=7  Time=2026-03-09 08:28:30  Reason=no_employee
2026-03-09 11:56:06 SKIP  User=588  Time=2026-03-09 09:50:55  Reason=no_employee
2026-03-09 11:56:06 SKIP  User=588  Time=2026-03-09 09:50:57  Reason=no_employee
2026-03-09 11:56:06 SKIP  User=588  Time=2026-03-09 10:43:11  Reason=no_employee
2026-03-09 11:56:06 SKIP  User=7  Time=2026-03-09 11:26:47  Reason=no_employee
2026-03-09 11:56:06 SKIP  User=588  Time=2026-03-09 11:54:54  Reason=no_employee
2026-03-09 11:56:07 OK    User=1056  MappedId=1056  Time=2026-03-09 11:55:42  LogType=IN  DevId=8  Result=ok
2026-03-09 11:57:14 SKIP  User=7  Time=2026-03-09 08:28:30  Reason=no_employee
2026-03-09 11:57:14 SKIP  User=588  Time=2026-03-09 09:50:55  Reason=no_employee
2026-03-09 11:57:14 SKIP  User=588  Time=2026-03-09 09:50:57  Reason=no_employee
2026-03-09 11:57:14 SKIP  User=588  Time=2026-03-09 10:43:11  Reason=no_employee
2026-03-09 11:57:14 SKIP  User=7  Time=2026-03-09 11:26:47  Reason=no_employee
2026-03-09 11:57:14 SKIP  User=588  Time=2026-03-09 11:54:54  Reason=no_employee
2026-03-09 11:57:31 OK    User=958  MappedId=958  Time=2026-03-09 11:56:45  LogType=IN  DevId=8  Result=ok
2026-03-09 11:58:37 SKIP  User=7  Time=2026-03-09 08:28:30  Reason=no_employee
2026-03-09 11:58:37 SKIP  User=588  Time=2026-03-09 09:50:55  Reason=no_employee
2026-03-09 11:58:37 SKIP  User=588  Time=2026-03-09 09:50:57  Reason=no_employee
2026-03-09 11:58:37 SKIP  User=588  Time=2026-03-09 10:43:11  Reason=no_employee
2026-03-09 11:58:37 SKIP  User=7  Time=2026-03-09 11:26:47  Reason=no_employee
2026-03-09 11:58:37 SKIP  User=588  Time=2026-03-09 11:54:54  Reason=no_employee
2026-03-09 11:59:42 SKIP  User=7  Time=2026-03-09 08:28:30  Reason=no_employee
2026-03-09 11:59:42 SKIP  User=588  Time=2026-03-09 09:50:55  Reason=no_employee
2026-03-09 11:59:42 SKIP  User=588  Time=2026-03-09 09:50:57  Reason=no_employee
2026-03-09 11:59:42 SKIP  User=588  Time=2026-03-09 10:43:11  Reason=no_employee
2026-03-09 11:59:42 SKIP  User=7  Time=2026-03-09 11:26:47  Reason=no_employee
2026-03-09 11:59:42 SKIP  User=588  Time=2026-03-09 11:54:54  Reason=no_employee
2026-03-09 12:00:12 FAIL  User=1078  MappedId=1078  Time=2026-03-09 11:58:37  LogType=IN  DevId=8  Result=error
2026-03-09 12:00:44 FAIL  User=1078  MappedId=1078  Time=2026-03-09 11:58:47  LogType=IN  DevId=8  Result=error
2026-03-09 12:01:01 OK    User=1056  MappedId=1056  Time=2026-03-09 11:58:52  LogType=IN  DevId=8  Result=ok
2026-03-09 12:01:03 OK    User=1056  MappedId=1056  Time=2026-03-09 11:59:03  LogType=IN  DevId=8  Result=ok
2026-03-09 12:01:20 OK    User=1058  MappedId=1058  Time=2026-03-09 11:59:13  LogType=IN  DevId=8  Result=ok
2026-03-09 12:01:38 OK    User=1058  MappedId=1058  Time=2026-03-09 11:59:15  LogType=IN  DevId=8  Result=ok
2026-03-09 12:02:44 SKIP  User=7  Time=2026-03-09 08:28:30  Reason=no_employee
2026-03-09 12:02:44 SKIP  User=588  Time=2026-03-09 09:50:55  Reason=no_employee
2026-03-09 12:02:44 SKIP  User=588  Time=2026-03-09 09:50:57  Reason=no_employee
2026-03-09 12:02:44 SKIP  User=588  Time=2026-03-09 10:43:11  Reason=no_employee
2026-03-09 12:02:44 SKIP  User=7  Time=2026-03-09 11:26:47  Reason=no_employee
2026-03-09 12:02:44 SKIP  User=588  Time=2026-03-09 11:54:54  Reason=no_employee
2026-03-09 12:02:47 OK    User=1078  MappedId=1078  Time=2026-03-09 11:58:37  LogType=IN  DevId=8  Result=duplicate
2026-03-09 12:02:49 OK    User=1078  MappedId=1078  Time=2026-03-09 11:58:47  LogType=IN  DevId=8  Result=duplicate
2026-03-09 12:03:55 SKIP  User=7  Time=2026-03-09 08:28:30  Reason=no_employee
2026-03-09 12:03:55 SKIP  User=588  Time=2026-03-09 09:50:55  Reason=no_employee
2026-03-09 12:03:55 SKIP  User=588  Time=2026-03-09 09:50:57  Reason=no_employee
2026-03-09 12:03:55 SKIP  User=588  Time=2026-03-09 10:43:11  Reason=no_employee
2026-03-09 12:03:55 SKIP  User=7  Time=2026-03-09 11:26:47  Reason=no_employee
2026-03-09 12:03:55 SKIP  User=588  Time=2026-03-09 11:54:54  Reason=no_employee
2026-03-09 12:04:13 OK    User=1141  MappedId=1141  Time=2026-03-09 12:02:48  LogType=IN  DevId=8  Result=ok
2026-03-09 12:04:44 FAIL  User=795  MappedId=795  Time=2026-03-09 12:02:53  LogType=IN  DevId=8  Result=error
2026-03-09 12:05:02 OK    User=795  MappedId=795  Time=2026-03-09 12:02:59  LogType=IN  DevId=8  Result=ok
2026-03-09 12:05:20 OK    User=490  MappedId=SS00490  Time=2026-03-09 12:03:09  LogType=IN  DevId=8  Result=ok
2026-03-09 12:05:38 OK    User=959  MappedId=959  Time=2026-03-09 12:03:30  LogType=IN  DevId=8  Result=ok
2026-03-09 12:06:44 SKIP  User=7  Time=2026-03-09 08:28:30  Reason=no_employee
2026-03-09 12:06:44 SKIP  User=588  Time=2026-03-09 09:50:55  Reason=no_employee
2026-03-09 12:06:44 SKIP  User=588  Time=2026-03-09 09:50:57  Reason=no_employee
2026-03-09 12:06:44 SKIP  User=588  Time=2026-03-09 10:43:11  Reason=no_employee
2026-03-09 12:06:44 SKIP  User=7  Time=2026-03-09 11:26:47  Reason=no_employee
2026-03-09 12:06:44 SKIP  User=588  Time=2026-03-09 11:54:54  Reason=no_employee
2026-03-09 12:06:44 OK    User=795  MappedId=795  Time=2026-03-09 12:02:53  LogType=IN  DevId=8  Result=duplicate
2026-03-09 12:06:46 OK    User=1182  MappedId=1182  Time=2026-03-09 12:04:07  LogType=IN  DevId=8  Result=ok
2026-03-09 12:06:48 OK    User=1182  MappedId=1182  Time=2026-03-09 12:04:08  LogType=IN  DevId=8  Result=ok
2026-03-09 12:07:06 OK    User=1151  MappedId=1151  Time=2026-03-09 12:04:11  LogType=IN  DevId=8  Result=ok
2026-03-09 12:07:23 OK    User=1151  MappedId=1151  Time=2026-03-09 12:04:13  LogType=IN  DevId=8  Result=ok
2026-03-09 12:07:40 OK    User=1151  MappedId=1151  Time=2026-03-09 12:04:16  LogType=IN  DevId=8  Result=ok
2026-03-09 12:07:58 OK    User=1065  MappedId=1065  Time=2026-03-09 12:04:22  LogType=IN  DevId=8  Result=ok
2026-03-09 12:08:15 OK    User=965  MappedId=965  Time=2026-03-09 12:05:48  LogType=IN  DevId=8  Result=ok
2026-03-09 12:08:31 OK    User=1203  MappedId=1203  Time=2026-03-09 12:05:52  LogType=IN  DevId=8  Result=ok
2026-03-09 12:08:47 OK    User=1203  MappedId=1203  Time=2026-03-09 12:05:54  LogType=IN  DevId=8  Result=ok
2026-03-09 12:09:05 OK    User=1221  MappedId=1221  Time=2026-03-09 12:05:56  LogType=IN  DevId=8  Result=ok
2026-03-09 12:09:22 OK    User=1221  MappedId=1221  Time=2026-03-09 12:06:03  LogType=IN  DevId=8  Result=ok
2026-03-09 12:09:53 FAIL  User=1221  MappedId=1221  Time=2026-03-09 12:06:05  LogType=IN  DevId=8  Result=error
2026-03-09 12:10:58 SKIP  User=7  Time=2026-03-09 08:28:30  Reason=no_employee
2026-03-09 12:10:58 SKIP  User=588  Time=2026-03-09 09:50:55  Reason=no_employee
2026-03-09 12:10:58 SKIP  User=588  Time=2026-03-09 09:50:57  Reason=no_employee
2026-03-09 12:10:58 SKIP  User=588  Time=2026-03-09 10:43:11  Reason=no_employee
2026-03-09 12:10:58 SKIP  User=7  Time=2026-03-09 11:26:47  Reason=no_employee
2026-03-09 12:10:58 SKIP  User=588  Time=2026-03-09 11:54:54  Reason=no_employee
2026-03-09 12:11:14 OK    User=1221  MappedId=1221  Time=2026-03-09 12:06:05  LogType=IN  DevId=8  Result=duplicate
2026-03-09 12:11:45 FAIL  User=SS00588  MappedId=SS00588  Time=2026-03-09 12:07:51  LogType=IN  DevId=8  Result=error
2026-03-09 12:12:16 FAIL  User=SS00588  MappedId=SS00588  Time=2026-03-09 12:07:53  LogType=IN  DevId=8  Result=error
2026-03-09 12:12:21 OK    User=1210  MappedId=1210  Time=2026-03-09 12:07:56  LogType=IN  DevId=8  Result=ok
2026-03-09 12:12:23 OK    User=1210  MappedId=1210  Time=2026-03-09 12:07:58  LogType=IN  DevId=8  Result=ok
2026-03-09 12:12:41 OK    User=796  MappedId=796  Time=2026-03-09 12:07:59  LogType=IN  DevId=8  Result=ok
2026-03-09 12:12:56 OK    User=1210  MappedId=1210  Time=2026-03-09 12:08:00  LogType=IN  DevId=8  Result=ok
2026-03-09 12:12:58 OK    User=1210  MappedId=1210  Time=2026-03-09 12:08:01  LogType=IN  DevId=8  Result=ok
2026-03-09 12:13:16 OK    User=796  MappedId=796  Time=2026-03-09 12:08:06  LogType=IN  DevId=8  Result=ok
2026-03-09 12:13:48 FAIL  User=887  MappedId=887  Time=2026-03-09 12:08:09  LogType=IN  DevId=8  Result=error
2026-03-09 12:14:19 FAIL  User=887  MappedId=887  Time=2026-03-09 12:08:11  LogType=IN  DevId=8  Result=error
2026-03-09 12:14:36 OK    User=984  MappedId=984  Time=2026-03-09 12:08:27  LogType=IN  DevId=8  Result=ok
2026-03-09 12:15:08 FAIL  User=490  MappedId=SS00490  Time=2026-03-09 12:08:50  LogType=IN  DevId=8  Result=error
2026-03-09 12:15:39 FAIL  User=490  MappedId=SS00490  Time=2026-03-09 12:08:52  LogType=IN  DevId=8  Result=error
2026-03-09 12:16:10 FAIL  User=857  MappedId=857  Time=2026-03-09 12:08:53  LogType=IN  DevId=8  Result=error
2026-03-09 12:16:28 OK    User=857  MappedId=857  Time=2026-03-09 12:08:59  LogType=IN  DevId=8  Result=ok
2026-03-09 12:16:46 OK    User=964  MappedId=964  Time=2026-03-09 12:09:01  LogType=IN  DevId=8  Result=ok
2026-03-09 12:17:04 OK    User=964  MappedId=964  Time=2026-03-09 12:09:03  LogType=IN  DevId=8  Result=ok
2026-03-09 12:18:11 SKIP  User=7  Time=2026-03-09 08:28:30  Reason=no_employee
2026-03-09 12:18:11 SKIP  User=588  Time=2026-03-09 09:50:55  Reason=no_employee
2026-03-09 12:18:11 SKIP  User=588  Time=2026-03-09 09:50:57  Reason=no_employee
2026-03-09 12:18:11 SKIP  User=588  Time=2026-03-09 10:43:11  Reason=no_employee
2026-03-09 12:18:11 SKIP  User=7  Time=2026-03-09 11:26:47  Reason=no_employee
2026-03-09 12:18:11 SKIP  User=588  Time=2026-03-09 11:54:54  Reason=no_employee
2026-03-09 12:18:28 OK    User=SS00588  MappedId=SS00588  Time=2026-03-09 12:07:51  LogType=IN  DevId=8  Result=duplicate
2026-03-09 12:18:44 OK    User=SS00588  MappedId=SS00588  Time=2026-03-09 12:07:53  LogType=IN  DevId=8  Result=duplicate
2026-03-09 12:18:46 OK    User=887  MappedId=887  Time=2026-03-09 12:08:09  LogType=IN  DevId=8  Result=duplicate
2026-03-09 12:18:48 OK    User=887  MappedId=887  Time=2026-03-09 12:08:11  LogType=IN  DevId=8  Result=duplicate
2026-03-09 12:19:03 OK    User=490  MappedId=SS00490  Time=2026-03-09 12:08:50  LogType=IN  DevId=8  Result=duplicate
2026-03-09 12:19:19 OK    User=490  MappedId=SS00490  Time=2026-03-09 12:08:52  LogType=IN  DevId=8  Result=duplicate
2026-03-09 12:19:21 OK    User=857  MappedId=857  Time=2026-03-09 12:08:53  LogType=IN  DevId=8  Result=duplicate
2026-03-09 12:19:39 OK    User=1067  MappedId=1067  Time=2026-03-09 12:11:11  LogType=IN  DevId=8  Result=ok
2026-03-09 12:19:56 OK    User=963  MappedId=963  Time=2026-03-09 12:11:17  LogType=IN  DevId=8  Result=ok
2026-03-09 12:19:58 OK    User=1208  MappedId=1208  Time=2026-03-09 12:12:41  LogType=IN  DevId=8  Result=ok
2026-03-09 12:20:00 OK    User=1208  MappedId=1208  Time=2026-03-09 12:12:42  LogType=IN  DevId=8  Result=ok
2026-03-09 12:20:02 OK    User=1207  MappedId=1207  Time=2026-03-09 12:14:38  LogType=IN  DevId=8  Result=ok
2026-03-09 12:20:04 OK    User=1207  MappedId=1207  Time=2026-03-09 12:14:40  LogType=IN  DevId=8  Result=ok
2026-03-09 12:20:21 OK    User=835  MappedId=835  Time=2026-03-09 12:16:28  LogType=IN  DevId=8  Result=ok
2026-03-09 12:20:23 OK    User=1022  MappedId=1022  Time=2026-03-09 12:17:00  LogType=IN  DevId=8  Result=ok
2026-03-09 12:20:25 OK    User=1022  MappedId=1022  Time=2026-03-09 12:17:02  LogType=IN  DevId=8  Result=ok
2026-03-09 12:21:30 SKIP  User=7  Time=2026-03-09 08:28:30  Reason=no_employee
2026-03-09 12:21:30 SKIP  User=588  Time=2026-03-09 09:50:55  Reason=no_employee
2026-03-09 12:21:30 SKIP  User=588  Time=2026-03-09 09:50:57  Reason=no_employee
2026-03-09 12:21:30 SKIP  User=588  Time=2026-03-09 10:43:11  Reason=no_employee
2026-03-09 12:21:30 SKIP  User=7  Time=2026-03-09 11:26:47  Reason=no_employee
2026-03-09 12:21:30 SKIP  User=588  Time=2026-03-09 11:54:54  Reason=no_employee
2026-03-09 12:21:47 OK    User=629  MappedId=629  Time=2026-03-09 12:18:04  LogType=IN  DevId=8  Result=ok
2026-03-09 12:22:05 OK    User=629  MappedId=629  Time=2026-03-09 12:18:06  LogType=IN  DevId=8  Result=ok
2026-03-09 12:22:06 OK    User=1066  MappedId=1066  Time=2026-03-09 12:19:10  LogType=IN  DevId=8  Result=ok
2026-03-09 12:22:08 OK    User=1176  MappedId=1176  Time=2026-03-09 12:19:45  LogType=IN  DevId=8  Result=ok
2026-03-09 12:23:13 SKIP  User=7  Time=2026-03-09 08:28:30  Reason=no_employee
2026-03-09 12:23:13 SKIP  User=588  Time=2026-03-09 09:50:55  Reason=no_employee
2026-03-09 12:23:13 SKIP  User=588  Time=2026-03-09 09:50:57  Reason=no_employee
2026-03-09 12:23:13 SKIP  User=588  Time=2026-03-09 10:43:11  Reason=no_employee
2026-03-09 12:23:13 SKIP  User=7  Time=2026-03-09 11:26:47  Reason=no_employee
2026-03-09 12:23:13 SKIP  User=588  Time=2026-03-09 11:54:54  Reason=no_employee
2026-03-09 12:24:20 SKIP  User=7  Time=2026-03-09 08:28:30  Reason=no_employee
2026-03-09 12:24:20 SKIP  User=588  Time=2026-03-09 09:50:55  Reason=no_employee
2026-03-09 12:24:20 SKIP  User=588  Time=2026-03-09 09:50:57  Reason=no_employee
2026-03-09 12:24:20 SKIP  User=588  Time=2026-03-09 10:43:11  Reason=no_employee
2026-03-09 12:24:20 SKIP  User=7  Time=2026-03-09 11:26:47  Reason=no_employee
2026-03-09 12:24:20 SKIP  User=588  Time=2026-03-09 11:54:54  Reason=no_employee
2026-03-09 12:24:42 OK    User=493  MappedId=SS00493  Time=2026-03-09 12:23:53  LogType=IN  DevId=8  Result=ok
2026-03-09 12:25:00 OK    User=493  MappedId=SS00493  Time=2026-03-09 12:23:54  LogType=IN  DevId=8  Result=ok
2026-03-09 12:26:06 SKIP  User=7  Time=2026-03-09 08:28:30  Reason=no_employee
2026-03-09 12:26:06 SKIP  User=588  Time=2026-03-09 09:50:55  Reason=no_employee
2026-03-09 12:26:06 SKIP  User=588  Time=2026-03-09 09:50:57  Reason=no_employee
2026-03-09 12:26:06 SKIP  User=588  Time=2026-03-09 10:43:11  Reason=no_employee
2026-03-09 12:26:06 SKIP  User=7  Time=2026-03-09 11:26:47  Reason=no_employee
2026-03-09 12:26:06 SKIP  User=588  Time=2026-03-09 11:54:54  Reason=no_employee
2026-03-09 12:26:06 SKIP  User=7  Time=2026-03-09 12:24:31  Reason=no_employee
2026-03-09 12:26:23 OK    User=968  MappedId=968  Time=2026-03-09 12:25:20  LogType=IN  DevId=8  Result=ok
2026-03-09 12:27:29 SKIP  User=7  Time=2026-03-09 08:28:30  Reason=no_employee
2026-03-09 12:27:29 SKIP  User=588  Time=2026-03-09 09:50:55  Reason=no_employee
2026-03-09 12:27:29 SKIP  User=588  Time=2026-03-09 09:50:57  Reason=no_employee
2026-03-09 12:27:29 SKIP  User=588  Time=2026-03-09 10:43:11  Reason=no_employee
2026-03-09 12:27:29 SKIP  User=7  Time=2026-03-09 11:26:47  Reason=no_employee
2026-03-09 12:27:29 SKIP  User=588  Time=2026-03-09 11:54:54  Reason=no_employee
2026-03-09 12:27:29 SKIP  User=7  Time=2026-03-09 12:24:31  Reason=no_employee
2026-03-09 12:27:59 FAIL  User=970  MappedId=970  Time=2026-03-09 12:26:41  LogType=IN  DevId=8  Result=error
2026-03-09 12:28:31 FAIL  User=1185  MappedId=1185  Time=2026-03-09 12:26:46  LogType=IN  DevId=8  Result=error
2026-03-09 12:28:48 OK    User=1185  MappedId=1185  Time=2026-03-09 12:26:58  LogType=IN  DevId=8  Result=ok
2026-03-09 12:29:06 OK    User=999  MappedId=999  Time=2026-03-09 12:27:02  LogType=IN  DevId=8  Result=ok
2026-03-09 12:29:23 OK    User=999  MappedId=999  Time=2026-03-09 12:27:08  LogType=IN  DevId=8  Result=ok
2026-03-09 12:29:25 OK    User=1144  MappedId=1144  Time=2026-03-09 12:27:14  LogType=IN  DevId=8  Result=ok
2026-03-09 12:30:31 SKIP  User=7  Time=2026-03-09 08:28:30  Reason=no_employee
2026-03-09 12:30:31 SKIP  User=588  Time=2026-03-09 09:50:55  Reason=no_employee
2026-03-09 12:30:31 SKIP  User=588  Time=2026-03-09 09:50:57  Reason=no_employee
2026-03-09 12:30:31 SKIP  User=588  Time=2026-03-09 10:43:11  Reason=no_employee
2026-03-09 12:30:31 SKIP  User=7  Time=2026-03-09 11:26:47  Reason=no_employee
2026-03-09 12:30:31 SKIP  User=588  Time=2026-03-09 11:54:54  Reason=no_employee
2026-03-09 12:30:31 SKIP  User=7  Time=2026-03-09 12:24:31  Reason=no_employee
2026-03-09 12:30:32 OK    User=970  MappedId=970  Time=2026-03-09 12:26:41  LogType=IN  DevId=8  Result=duplicate
2026-03-09 12:30:33 OK    User=1185  MappedId=1185  Time=2026-03-09 12:26:46  LogType=IN  DevId=8  Result=duplicate
2026-03-09 12:30:35 OK    User=1220  MappedId=1220  Time=2026-03-09 12:28:02  LogType=IN  DevId=8  Result=ok
2026-03-09 12:30:37 OK    User=1220  MappedId=1220  Time=2026-03-09 12:28:03  LogType=IN  DevId=8  Result=ok
2026-03-09 12:30:55 OK    User=721  MappedId=SS00721  Time=2026-03-09 12:29:34  LogType=IN  DevId=8  Result=ok
2026-03-09 12:31:12 OK    User=721  MappedId=SS00721  Time=2026-03-09 12:29:35  LogType=IN  DevId=8  Result=ok
2026-03-09 12:32:19 SKIP  User=7  Time=2026-03-09 08:28:30  Reason=no_employee
2026-03-09 12:32:19 SKIP  User=588  Time=2026-03-09 09:50:55  Reason=no_employee
2026-03-09 12:32:19 SKIP  User=588  Time=2026-03-09 09:50:57  Reason=no_employee
2026-03-09 12:32:19 SKIP  User=588  Time=2026-03-09 10:43:11  Reason=no_employee
2026-03-09 12:32:19 SKIP  User=7  Time=2026-03-09 11:26:47  Reason=no_employee
2026-03-09 12:32:19 SKIP  User=588  Time=2026-03-09 11:54:54  Reason=no_employee
2026-03-09 12:32:19 SKIP  User=7  Time=2026-03-09 12:24:31  Reason=no_employee
2026-03-09 12:32:33 OK    User=1105  MappedId=1105  Time=2026-03-09 12:30:46  LogType=IN  DevId=8  Result=ok
2026-03-09 12:32:51 OK    User=1105  MappedId=1105  Time=2026-03-09 12:30:48  LogType=IN  DevId=8  Result=ok
2026-03-09 12:33:08 OK    User=928  MappedId=928  Time=2026-03-09 12:31:12  LogType=IN  DevId=8  Result=ok
2026-03-09 12:33:26 OK    User=928  MappedId=928  Time=2026-03-09 12:31:13  LogType=IN  DevId=8  Result=ok
2026-03-09 12:33:43 OK    User=931  MappedId=931  Time=2026-03-09 12:31:15  LogType=IN  DevId=8  Result=ok
2026-03-09 12:34:01 OK    User=931  MappedId=931  Time=2026-03-09 12:31:21  LogType=IN  DevId=8  Result=ok
2026-03-09 12:34:32 FAIL  User=931  MappedId=931  Time=2026-03-09 12:31:23  LogType=IN  DevId=8  Result=error
2026-03-09 12:34:34 OK    User=1226  MappedId=1226  Time=2026-03-09 12:31:58  LogType=IN  DevId=8  Result=ok
2026-03-09 12:34:36 OK    User=1226  MappedId=1226  Time=2026-03-09 12:32:00  LogType=IN  DevId=8  Result=ok
2026-03-09 12:35:43 SKIP  User=7  Time=2026-03-09 08:28:30  Reason=no_employee
2026-03-09 12:35:43 SKIP  User=588  Time=2026-03-09 09:50:55  Reason=no_employee
2026-03-09 12:35:43 SKIP  User=588  Time=2026-03-09 09:50:57  Reason=no_employee
2026-03-09 12:35:43 SKIP  User=588  Time=2026-03-09 10:43:11  Reason=no_employee
2026-03-09 12:35:43 SKIP  User=7  Time=2026-03-09 11:26:47  Reason=no_employee
2026-03-09 12:35:43 SKIP  User=588  Time=2026-03-09 11:54:54  Reason=no_employee
2026-03-09 12:35:43 SKIP  User=7  Time=2026-03-09 12:24:31  Reason=no_employee
2026-03-09 12:35:43 OK    User=931  MappedId=931  Time=2026-03-09 12:31:23  LogType=IN  DevId=8  Result=duplicate
2026-03-09 12:35:45 OK    User=1161  MappedId=1161  Time=2026-03-09 12:35:04  LogType=IN  DevId=8  Result=ok
2026-03-09 12:35:47 OK    User=1193  MappedId=1193  Time=2026-03-09 12:35:10  LogType=IN  DevId=8  Result=ok
2026-03-09 12:36:05 OK    User=1193  MappedId=1193  Time=2026-03-09 12:35:15  LogType=IN  DevId=8  Result=ok
2026-03-09 12:36:23 OK    User=241  MappedId=SS00241  Time=2026-03-09 12:35:18  LogType=IN  DevId=8  Result=ok
2026-03-09 12:37:29 SKIP  User=7  Time=2026-03-09 08:28:30  Reason=no_employee
2026-03-09 12:37:29 SKIP  User=588  Time=2026-03-09 09:50:55  Reason=no_employee
2026-03-09 12:37:29 SKIP  User=588  Time=2026-03-09 09:50:57  Reason=no_employee
2026-03-09 12:37:29 SKIP  User=588  Time=2026-03-09 10:43:11  Reason=no_employee
2026-03-09 12:37:29 SKIP  User=7  Time=2026-03-09 11:26:47  Reason=no_employee
2026-03-09 12:37:29 SKIP  User=588  Time=2026-03-09 11:54:54  Reason=no_employee
2026-03-09 12:37:29 SKIP  User=7  Time=2026-03-09 12:24:31  Reason=no_employee
2026-03-09 12:37:59 OK    User=191  MappedId=SS00191  Time=2026-03-09 12:35:44  LogType=IN  DevId=8  Result=ok
2026-03-09 12:39:05 SKIP  User=7  Time=2026-03-09 08:28:30  Reason=no_employee
2026-03-09 12:39:05 SKIP  User=588  Time=2026-03-09 09:50:55  Reason=no_employee
2026-03-09 12:39:05 SKIP  User=588  Time=2026-03-09 09:50:57  Reason=no_employee
2026-03-09 12:39:05 SKIP  User=588  Time=2026-03-09 10:43:11  Reason=no_employee
2026-03-09 12:39:05 SKIP  User=7  Time=2026-03-09 11:26:47  Reason=no_employee
2026-03-09 12:39:05 SKIP  User=588  Time=2026-03-09 11:54:54  Reason=no_employee
2026-03-09 12:39:05 SKIP  User=7  Time=2026-03-09 12:24:31  Reason=no_employee
2026-03-09 12:39:05 OK    User=1159  MappedId=1159  Time=2026-03-09 12:37:41  LogType=IN  DevId=8  Result=ok
2026-03-09 12:39:06 SKIP  User=7  Time=2026-03-09 12:38:35  Reason=no_employee
2026-03-09 12:40:11 SKIP  User=7  Time=2026-03-09 08:28:30  Reason=no_employee
2026-03-09 12:40:11 SKIP  User=588  Time=2026-03-09 09:50:55  Reason=no_employee
2026-03-09 12:40:11 SKIP  User=588  Time=2026-03-09 09:50:57  Reason=no_employee
2026-03-09 12:40:11 SKIP  User=588  Time=2026-03-09 10:43:11  Reason=no_employee
2026-03-09 12:40:11 SKIP  User=7  Time=2026-03-09 11:26:47  Reason=no_employee
2026-03-09 12:40:11 SKIP  User=588  Time=2026-03-09 11:54:54  Reason=no_employee
2026-03-09 12:40:11 SKIP  User=7  Time=2026-03-09 12:24:31  Reason=no_employee
2026-03-09 12:40:11 SKIP  User=7  Time=2026-03-09 12:38:35  Reason=no_employee
2026-03-09 12:40:28 OK    User=1062  MappedId=1062  Time=2026-03-09 12:39:43  LogType=IN  DevId=8  Result=ok
2026-03-09 12:40:45 OK    User=1001  MappedId=1001  Time=2026-03-09 12:39:58  LogType=IN  DevId=8  Result=ok
2026-03-09 12:41:03 OK    User=927  MappedId=927  Time=2026-03-09 12:40:02  LogType=IN  DevId=8  Result=ok
2026-03-09 12:42:09 SKIP  User=7  Time=2026-03-09 08:28:30  Reason=no_employee
2026-03-09 12:42:09 SKIP  User=588  Time=2026-03-09 09:50:55  Reason=no_employee
2026-03-09 12:42:09 SKIP  User=588  Time=2026-03-09 09:50:57  Reason=no_employee
2026-03-09 12:42:09 SKIP  User=588  Time=2026-03-09 10:43:11  Reason=no_employee
2026-03-09 12:42:09 SKIP  User=7  Time=2026-03-09 11:26:47  Reason=no_employee
2026-03-09 12:42:09 SKIP  User=588  Time=2026-03-09 11:54:54  Reason=no_employee
2026-03-09 12:42:09 SKIP  User=7  Time=2026-03-09 12:24:31  Reason=no_employee
2026-03-09 12:42:09 SKIP  User=7  Time=2026-03-09 12:38:35  Reason=no_employee
2026-03-09 12:42:25 OK    User=927  MappedId=927  Time=2026-03-09 12:40:07  LogType=IN  DevId=8  Result=ok
2026-03-09 12:42:27 OK    User=1114  MappedId=1114  Time=2026-03-09 12:40:13  LogType=IN  DevId=8  Result=ok
2026-03-09 12:42:44 OK    User=860  MappedId=860  Time=2026-03-09 12:40:17  LogType=IN  DevId=8  Result=ok
2026-03-09 12:43:16 FAIL  User=860  MappedId=860  Time=2026-03-09 12:40:18  LogType=IN  DevId=8  Result=error
2026-03-09 12:43:47 FAIL  User=860  MappedId=860  Time=2026-03-09 12:40:28  LogType=IN  DevId=8  Result=error
2026-03-09 12:44:18 FAIL  User=860  MappedId=860  Time=2026-03-09 12:40:30  LogType=IN  DevId=8  Result=error
2026-03-09 12:44:49 FAIL  User=300  MappedId=SS00300  Time=2026-03-09 12:40:34  LogType=IN  DevId=8  Result=error
2026-03-09 12:45:56 SKIP  User=7  Time=2026-03-09 08:28:30  Reason=no_employee
2026-03-09 12:45:56 SKIP  User=588  Time=2026-03-09 09:50:55  Reason=no_employee
2026-03-09 12:45:56 SKIP  User=588  Time=2026-03-09 09:50:57  Reason=no_employee
2026-03-09 12:45:56 SKIP  User=588  Time=2026-03-09 10:43:11  Reason=no_employee
2026-03-09 12:45:56 SKIP  User=7  Time=2026-03-09 11:26:47  Reason=no_employee
2026-03-09 12:45:56 SKIP  User=588  Time=2026-03-09 11:54:54  Reason=no_employee
2026-03-09 12:45:56 SKIP  User=7  Time=2026-03-09 12:24:31  Reason=no_employee
2026-03-09 12:45:56 SKIP  User=7  Time=2026-03-09 12:38:35  Reason=no_employee
2026-03-09 12:46:12 OK    User=860  MappedId=860  Time=2026-03-09 12:40:18  LogType=IN  DevId=8  Result=duplicate
2026-03-09 12:46:28 OK    User=860  MappedId=860  Time=2026-03-09 12:40:28  LogType=IN  DevId=8  Result=duplicate
2026-03-09 12:46:44 OK    User=860  MappedId=860  Time=2026-03-09 12:40:30  LogType=IN  DevId=8  Result=duplicate
2026-03-09 12:46:46 OK    User=300  MappedId=SS00300  Time=2026-03-09 12:40:34  LogType=IN  DevId=8  Result=duplicate
2026-03-09 12:46:48 OK    User=1181  MappedId=1181  Time=2026-03-09 12:42:52  LogType=IN  DevId=8  Result=ok
2026-03-09 12:46:50 OK    User=1214  MappedId=1214  Time=2026-03-09 12:43:44  LogType=IN  DevId=8  Result=ok
2026-03-09 12:47:07 OK    User=884  MappedId=884  Time=2026-03-09 12:43:53  LogType=IN  DevId=8  Result=ok
2026-03-09 12:47:25 OK    User=721  MappedId=SS00721  Time=2026-03-09 12:45:18  LogType=IN  DevId=8  Result=ok
2026-03-09 12:47:42 OK    User=721  MappedId=SS00721  Time=2026-03-09 12:45:19  LogType=IN  DevId=8  Result=ok
2026-03-09 12:47:44 OK    User=1208  MappedId=1208  Time=2026-03-09 12:45:48  LogType=IN  DevId=8  Result=ok
2026-03-09 12:48:50 SKIP  User=7  Time=2026-03-09 08:28:30  Reason=no_employee
2026-03-09 12:48:50 SKIP  User=588  Time=2026-03-09 09:50:55  Reason=no_employee
2026-03-09 12:48:50 SKIP  User=588  Time=2026-03-09 09:50:57  Reason=no_employee
2026-03-09 12:48:50 SKIP  User=588  Time=2026-03-09 10:43:11  Reason=no_employee
2026-03-09 12:48:50 SKIP  User=7  Time=2026-03-09 11:26:47  Reason=no_employee
2026-03-09 12:48:50 SKIP  User=588  Time=2026-03-09 11:54:54  Reason=no_employee
2026-03-09 12:48:50 SKIP  User=7  Time=2026-03-09 12:24:31  Reason=no_employee
2026-03-09 12:48:50 SKIP  User=7  Time=2026-03-09 12:38:35  Reason=no_employee
2026-03-09 12:48:56 OK    User=1208  MappedId=1208  Time=2026-03-09 12:45:49  LogType=IN  DevId=8  Result=ok
2026-03-09 12:49:27 FAIL  User=1103  MappedId=1103  Time=2026-03-09 12:47:10  LogType=IN  DevId=8  Result=error
2026-03-09 12:49:58 FAIL  User=947  MappedId=947  Time=2026-03-09 12:47:13  LogType=IN  DevId=8  Result=error
2026-03-09 12:50:30 FAIL  User=947  MappedId=947  Time=2026-03-09 12:47:16  LogType=IN  DevId=8  Result=error
2026-03-09 12:51:01 FAIL  User=947  MappedId=947  Time=2026-03-09 12:47:22  LogType=IN  DevId=8  Result=error
2026-03-09 12:51:20 OK    User=836  MappedId=836  Time=2026-03-09 12:48:17  LogType=IN  DevId=8  Result=ok
2026-03-09 12:51:37 OK    User=837  MappedId=837  Time=2026-03-09 12:48:19  LogType=IN  DevId=8  Result=ok
2026-03-09 12:52:09 FAIL  User=837  MappedId=837  Time=2026-03-09 12:48:21  LogType=IN  DevId=8  Result=error
2026-03-09 12:52:40 FAIL  User=837  MappedId=837  Time=2026-03-09 12:48:25  LogType=IN  DevId=8  Result=error
2026-03-09 12:52:58 OK    User=837  MappedId=837  Time=2026-03-09 12:48:26  LogType=IN  DevId=8  Result=ok
2026-03-09 12:53:29 FAIL  User=816  MappedId=816  Time=2026-03-09 12:48:36  LogType=IN  DevId=8  Result=error
2026-03-09 12:53:47 OK    User=816  MappedId=816  Time=2026-03-09 12:48:38  LogType=IN  DevId=8  Result=ok
2026-03-09 12:54:04 OK    User=656  MappedId=SS00656  Time=2026-03-09 12:48:40  LogType=IN  DevId=8  Result=ok
2026-03-09 12:55:10 SKIP  User=7  Time=2026-03-09 08:28:30  Reason=no_employee
2026-03-09 12:55:10 SKIP  User=588  Time=2026-03-09 09:50:55  Reason=no_employee
2026-03-09 12:55:10 SKIP  User=588  Time=2026-03-09 09:50:57  Reason=no_employee
2026-03-09 12:55:10 SKIP  User=588  Time=2026-03-09 10:43:11  Reason=no_employee
2026-03-09 12:55:10 SKIP  User=7  Time=2026-03-09 11:26:47  Reason=no_employee
2026-03-09 12:55:10 SKIP  User=588  Time=2026-03-09 11:54:54  Reason=no_employee
2026-03-09 12:55:10 SKIP  User=7  Time=2026-03-09 12:24:31  Reason=no_employee
2026-03-09 12:55:10 SKIP  User=7  Time=2026-03-09 12:38:35  Reason=no_employee
2026-03-09 12:55:11 OK    User=1103  MappedId=1103  Time=2026-03-09 12:47:10  LogType=IN  DevId=8  Result=duplicate
2026-03-09 12:55:13 OK    User=947  MappedId=947  Time=2026-03-09 12:47:13  LogType=IN  DevId=8  Result=duplicate
2026-03-09 12:55:15 OK    User=947  MappedId=947  Time=2026-03-09 12:47:16  LogType=IN  DevId=8  Result=duplicate
2026-03-09 12:55:16 OK    User=947  MappedId=947  Time=2026-03-09 12:47:22  LogType=IN  DevId=8  Result=duplicate
2026-03-09 12:55:18 OK    User=837  MappedId=837  Time=2026-03-09 12:48:21  LogType=IN  DevId=8  Result=duplicate
2026-03-09 12:55:20 OK    User=837  MappedId=837  Time=2026-03-09 12:48:25  LogType=IN  DevId=8  Result=duplicate
2026-03-09 12:55:22 OK    User=816  MappedId=816  Time=2026-03-09 12:48:36  LogType=IN  DevId=8  Result=duplicate
2026-03-09 12:55:40 OK    User=1073  MappedId=1073  Time=2026-03-09 12:48:48  LogType=IN  DevId=8  Result=ok
2026-03-09 12:56:11 FAIL  User=1073  MappedId=1073  Time=2026-03-09 12:48:53  LogType=IN  DevId=8  Result=error
2026-03-09 12:56:42 FAIL  User=1073  MappedId=1073  Time=2026-03-09 12:48:54  LogType=IN  DevId=8  Result=error
2026-03-09 12:57:00 OK    User=SS00588  MappedId=SS00588  Time=2026-03-09 12:49:28  LogType=IN  DevId=8  Result=ok
2026-03-09 12:57:18 OK    User=SS00588  MappedId=SS00588  Time=2026-03-09 12:49:35  LogType=IN  DevId=8  Result=ok
2026-03-09 12:57:35 OK    User=907  MappedId=907  Time=2026-03-09 12:49:38  LogType=IN  DevId=8  Result=ok
2026-03-09 12:58:06 FAIL  User=907  MappedId=907  Time=2026-03-09 12:49:44  LogType=IN  DevId=8  Result=error
2026-03-09 12:58:22 OK    User=1224  MappedId=1224  Time=2026-03-09 12:50:04  LogType=IN  DevId=8  Result=ok
2026-03-09 12:58:38 OK    User=1224  MappedId=1224  Time=2026-03-09 12:50:05  LogType=IN  DevId=8  Result=ok
2026-03-09 12:58:56 OK    User=1044  MappedId=1044  Time=2026-03-09 12:53:13  LogType=IN  DevId=8  Result=ok
2026-03-09 12:59:13 OK    User=1056  MappedId=1056  Time=2026-03-09 12:53:19  LogType=IN  DevId=8  Result=ok
2026-03-09 12:59:31 OK    User=1041  MappedId=1041  Time=2026-03-09 12:54:17  LogType=IN  DevId=8  Result=ok
2026-03-09 12:59:48 OK    User=1041  MappedId=1041  Time=2026-03-09 12:54:18  LogType=IN  DevId=8  Result=ok
2026-03-09 12:59:50 OK    User=1068  MappedId=1068  Time=2026-03-09 12:54:49  LogType=IN  DevId=8  Result=ok
2026-03-09 12:59:52 OK    User=1068  MappedId=1068  Time=2026-03-09 12:54:50  LogType=IN  DevId=8  Result=ok
2026-03-09 13:00:57 SKIP  User=7  Time=2026-03-09 08:28:30  Reason=no_employee
2026-03-09 13:00:57 SKIP  User=588  Time=2026-03-09 09:50:55  Reason=no_employee
2026-03-09 13:00:57 SKIP  User=588  Time=2026-03-09 09:50:57  Reason=no_employee
2026-03-09 13:00:57 SKIP  User=588  Time=2026-03-09 10:43:11  Reason=no_employee
2026-03-09 13:00:57 SKIP  User=7  Time=2026-03-09 11:26:47  Reason=no_employee
2026-03-09 13:00:57 SKIP  User=588  Time=2026-03-09 11:54:54  Reason=no_employee
2026-03-09 13:00:57 SKIP  User=7  Time=2026-03-09 12:24:31  Reason=no_employee
2026-03-09 13:00:57 SKIP  User=7  Time=2026-03-09 12:38:35  Reason=no_employee
2026-03-09 13:00:58 OK    User=1073  MappedId=1073  Time=2026-03-09 12:48:53  LogType=IN  DevId=8  Result=duplicate
2026-03-09 13:01:00 OK    User=1073  MappedId=1073  Time=2026-03-09 12:48:54  LogType=IN  DevId=8  Result=duplicate
2026-03-09 13:01:02 OK    User=907  MappedId=907  Time=2026-03-09 12:49:44  LogType=IN  DevId=8  Result=duplicate
2026-03-09 13:01:19 OK    User=960  MappedId=960  Time=2026-03-09 12:55:07  LogType=IN  DevId=8  Result=ok
2026-03-09 13:01:37 OK    User=933  MappedId=933  Time=2026-03-09 12:57:35  LogType=IN  DevId=8  Result=ok
2026-03-09 13:01:54 OK    User=857  MappedId=857  Time=2026-03-09 12:57:41  LogType=IN  DevId=8  Result=ok
2026-03-09 13:02:12 OK    User=857  MappedId=857  Time=2026-03-09 12:57:42  LogType=IN  DevId=8  Result=ok
2026-03-09 13:02:44 FAIL  User=879  MappedId=879  Time=2026-03-09 12:58:17  LogType=IN  DevId=8  Result=error
2026-03-09 13:03:15 FAIL  User=879  MappedId=879  Time=2026-03-09 12:58:18  LogType=IN  DevId=8  Result=error
2026-03-09 13:03:32 OK    User=1192  MappedId=1192  Time=2026-03-09 12:58:36  LogType=IN  DevId=8  Result=ok
2026-03-09 13:04:03 FAIL  User=822  MappedId=822  Time=2026-03-09 12:59:47  LogType=IN  DevId=8  Result=error
2026-03-09 13:04:21 OK    User=822  MappedId=822  Time=2026-03-09 12:59:48  LogType=IN  DevId=8  Result=ok
2026-03-09 13:05:26 SKIP  User=7  Time=2026-03-09 08:28:30  Reason=no_employee
2026-03-09 13:05:26 SKIP  User=588  Time=2026-03-09 09:50:55  Reason=no_employee
2026-03-09 13:05:26 SKIP  User=588  Time=2026-03-09 09:50:57  Reason=no_employee
2026-03-09 13:05:26 SKIP  User=588  Time=2026-03-09 10:43:11  Reason=no_employee
2026-03-09 13:05:26 SKIP  User=7  Time=2026-03-09 11:26:47  Reason=no_employee
2026-03-09 13:05:26 SKIP  User=588  Time=2026-03-09 11:54:54  Reason=no_employee
2026-03-09 13:05:26 SKIP  User=7  Time=2026-03-09 12:24:31  Reason=no_employee
2026-03-09 13:05:26 SKIP  User=7  Time=2026-03-09 12:38:35  Reason=no_employee
2026-03-09 13:05:35 OK    User=879  MappedId=879  Time=2026-03-09 12:58:17  LogType=IN  DevId=8  Result=duplicate
2026-03-09 13:05:53 OK    User=879  MappedId=879  Time=2026-03-09 12:58:18  LogType=IN  DevId=8  Result=duplicate
2026-03-09 13:05:55 OK    User=822  MappedId=822  Time=2026-03-09 12:59:47  LogType=IN  DevId=8  Result=duplicate
2026-03-09 13:05:56 OK    User=1166  MappedId=1166  Time=2026-03-09 13:02:15  LogType=IN  DevId=8  Result=ok
2026-03-09 13:06:12 OK    User=1166  MappedId=1166  Time=2026-03-09 13:02:16  LogType=IN  DevId=8  Result=ok
2026-03-09 13:06:30 OK    User=1097  MappedId=1097  Time=2026-03-09 13:03:39  LogType=IN  DevId=8  Result=ok
2026-03-09 13:06:48 OK    User=747  MappedId=747  Time=2026-03-09 13:04:50  LogType=IN  DevId=8  Result=ok
2026-03-09 13:07:54 SKIP  User=7  Time=2026-03-09 08:28:30  Reason=no_employee
2026-03-09 13:07:54 SKIP  User=588  Time=2026-03-09 09:50:55  Reason=no_employee
2026-03-09 13:07:54 SKIP  User=588  Time=2026-03-09 09:50:57  Reason=no_employee
2026-03-09 13:07:54 SKIP  User=588  Time=2026-03-09 10:43:11  Reason=no_employee
2026-03-09 13:07:54 SKIP  User=7  Time=2026-03-09 11:26:47  Reason=no_employee
2026-03-09 13:07:54 SKIP  User=588  Time=2026-03-09 11:54:54  Reason=no_employee
2026-03-09 13:07:54 SKIP  User=7  Time=2026-03-09 12:24:31  Reason=no_employee
2026-03-09 13:07:54 SKIP  User=7  Time=2026-03-09 12:38:35  Reason=no_employee
2026-03-09 13:07:55 OK    User=1033  MappedId=1033  Time=2026-03-09 13:05:20  LogType=IN  DevId=8  Result=ok
2026-03-09 13:08:13 OK    User=980  MappedId=980  Time=2026-03-09 13:05:57  LogType=IN  DevId=8  Result=ok
2026-03-09 13:08:44 FAIL  User=980  MappedId=980  Time=2026-03-09 13:06:02  LogType=IN  DevId=8  Result=error
2026-03-09 13:09:15 FAIL  User=980  MappedId=980  Time=2026-03-09 13:06:03  LogType=IN  DevId=8  Result=error
2026-03-09 13:09:31 OK    User=1182  MappedId=1182  Time=2026-03-09 13:06:14  LogType=IN  DevId=8  Result=ok
2026-03-09 13:10:36 SKIP  User=7  Time=2026-03-09 08:28:30  Reason=no_employee
2026-03-09 13:10:36 SKIP  User=588  Time=2026-03-09 09:50:55  Reason=no_employee
2026-03-09 13:10:36 SKIP  User=588  Time=2026-03-09 09:50:57  Reason=no_employee
2026-03-09 13:10:36 SKIP  User=588  Time=2026-03-09 10:43:11  Reason=no_employee
2026-03-09 13:10:36 SKIP  User=7  Time=2026-03-09 11:26:47  Reason=no_employee
2026-03-09 13:10:36 SKIP  User=588  Time=2026-03-09 11:54:54  Reason=no_employee
2026-03-09 13:10:36 SKIP  User=7  Time=2026-03-09 12:24:31  Reason=no_employee
2026-03-09 13:10:36 SKIP  User=7  Time=2026-03-09 12:38:35  Reason=no_employee
2026-03-09 13:10:39 OK    User=980  MappedId=980  Time=2026-03-09 13:06:02  LogType=IN  DevId=8  Result=duplicate
2026-03-09 13:10:41 OK    User=980  MappedId=980  Time=2026-03-09 13:06:03  LogType=IN  DevId=8  Result=duplicate
2026-03-09 13:10:43 OK    User=1145  MappedId=1145  Time=2026-03-09 13:08:17  LogType=IN  DevId=8  Result=ok
2026-03-09 13:10:45 OK    User=1216  MappedId=1216  Time=2026-03-09 13:08:45  LogType=IN  DevId=8  Result=ok
2026-03-09 13:11:02 OK    User=1023  MappedId=1023  Time=2026-03-09 13:09:34  LogType=IN  DevId=8  Result=ok
2026-03-09 13:11:20 OK    User=1023  MappedId=1023  Time=2026-03-09 13:09:36  LogType=IN  DevId=8  Result=ok
2026-03-09 13:12:27 SKIP  User=7  Time=2026-03-09 08:28:30  Reason=no_employee
2026-03-09 13:12:27 SKIP  User=588  Time=2026-03-09 09:50:55  Reason=no_employee
2026-03-09 13:12:27 SKIP  User=588  Time=2026-03-09 09:50:57  Reason=no_employee
2026-03-09 13:12:27 SKIP  User=588  Time=2026-03-09 10:43:11  Reason=no_employee
2026-03-09 13:12:27 SKIP  User=7  Time=2026-03-09 11:26:47  Reason=no_employee
2026-03-09 13:12:27 SKIP  User=588  Time=2026-03-09 11:54:54  Reason=no_employee
2026-03-09 13:12:27 SKIP  User=7  Time=2026-03-09 12:24:31  Reason=no_employee
2026-03-09 13:12:27 SKIP  User=7  Time=2026-03-09 12:38:35  Reason=no_employee
2026-03-09 13:12:39 OK    User=1134  MappedId=1134  Time=2026-03-09 13:12:03  LogType=IN  DevId=8  Result=ok
2026-03-09 13:13:46 SKIP  User=7  Time=2026-03-09 08:28:30  Reason=no_employee
2026-03-09 13:13:46 SKIP  User=588  Time=2026-03-09 09:50:55  Reason=no_employee
2026-03-09 13:13:46 SKIP  User=588  Time=2026-03-09 09:50:57  Reason=no_employee
2026-03-09 13:13:46 SKIP  User=588  Time=2026-03-09 10:43:11  Reason=no_employee
2026-03-09 13:13:46 SKIP  User=7  Time=2026-03-09 11:26:47  Reason=no_employee
2026-03-09 13:13:46 SKIP  User=588  Time=2026-03-09 11:54:54  Reason=no_employee
2026-03-09 13:13:46 SKIP  User=7  Time=2026-03-09 12:24:31  Reason=no_employee
2026-03-09 13:13:46 SKIP  User=7  Time=2026-03-09 12:38:35  Reason=no_employee
2026-03-09 13:14:02 OK    User=1100  MappedId=1100  Time=2026-03-09 13:12:40  LogType=IN  DevId=8  Result=ok
2026-03-09 13:14:20 OK    User=1100  MappedId=1100  Time=2026-03-09 13:12:42  LogType=IN  DevId=8  Result=ok
2026-03-09 13:15:25 SKIP  User=7  Time=2026-03-09 08:28:30  Reason=no_employee
2026-03-09 13:15:25 SKIP  User=588  Time=2026-03-09 09:50:55  Reason=no_employee
2026-03-09 13:15:25 SKIP  User=588  Time=2026-03-09 09:50:57  Reason=no_employee
2026-03-09 13:15:25 SKIP  User=588  Time=2026-03-09 10:43:11  Reason=no_employee
2026-03-09 13:15:25 SKIP  User=7  Time=2026-03-09 11:26:47  Reason=no_employee
2026-03-09 13:15:25 SKIP  User=588  Time=2026-03-09 11:54:54  Reason=no_employee
2026-03-09 13:15:25 SKIP  User=7  Time=2026-03-09 12:24:31  Reason=no_employee
2026-03-09 13:15:25 SKIP  User=7  Time=2026-03-09 12:38:35  Reason=no_employee
2026-03-09 13:15:55 FAIL  User=720  MappedId=SS00720  Time=2026-03-09 13:13:48  LogType=IN  DevId=8  Result=error
2026-03-09 13:17:00 SKIP  User=7  Time=2026-03-09 08:28:30  Reason=no_employee
2026-03-09 13:17:00 SKIP  User=588  Time=2026-03-09 09:50:55  Reason=no_employee
2026-03-09 13:17:00 SKIP  User=588  Time=2026-03-09 09:50:57  Reason=no_employee
2026-03-09 13:17:00 SKIP  User=588  Time=2026-03-09 10:43:11  Reason=no_employee
2026-03-09 13:17:00 SKIP  User=7  Time=2026-03-09 11:26:47  Reason=no_employee
2026-03-09 13:17:00 SKIP  User=588  Time=2026-03-09 11:54:54  Reason=no_employee
2026-03-09 13:17:00 SKIP  User=7  Time=2026-03-09 12:24:31  Reason=no_employee
2026-03-09 13:17:00 SKIP  User=7  Time=2026-03-09 12:38:35  Reason=no_employee
2026-03-09 13:17:01 OK    User=720  MappedId=SS00720  Time=2026-03-09 13:13:48  LogType=IN  DevId=8  Result=duplicate
2026-03-09 13:17:19 OK    User=944  MappedId=944  Time=2026-03-09 13:15:32  LogType=IN  DevId=8  Result=ok
2026-03-09 13:17:36 OK    User=944  MappedId=944  Time=2026-03-09 13:15:34  LogType=IN  DevId=8  Result=ok
2026-03-09 13:18:41 SKIP  User=7  Time=2026-03-09 08:28:30  Reason=no_employee
2026-03-09 13:18:41 SKIP  User=588  Time=2026-03-09 09:50:55  Reason=no_employee
2026-03-09 13:18:41 SKIP  User=588  Time=2026-03-09 09:50:57  Reason=no_employee
2026-03-09 13:18:41 SKIP  User=588  Time=2026-03-09 10:43:11  Reason=no_employee
2026-03-09 13:18:41 SKIP  User=7  Time=2026-03-09 11:26:47  Reason=no_employee
2026-03-09 13:18:41 SKIP  User=588  Time=2026-03-09 11:54:54  Reason=no_employee
2026-03-09 13:18:41 SKIP  User=7  Time=2026-03-09 12:24:31  Reason=no_employee
2026-03-09 13:18:41 SKIP  User=7  Time=2026-03-09 12:38:35  Reason=no_employee
2026-03-09 13:18:56 OK    User=1185  MappedId=1185  Time=2026-03-09 13:18:02  LogType=IN  DevId=8  Result=ok
2026-03-09 13:20:03 SKIP  User=7  Time=2026-03-09 08:28:30  Reason=no_employee
2026-03-09 13:20:03 SKIP  User=588  Time=2026-03-09 09:50:55  Reason=no_employee
2026-03-09 13:20:03 SKIP  User=588  Time=2026-03-09 09:50:57  Reason=no_employee
2026-03-09 13:20:03 SKIP  User=588  Time=2026-03-09 10:43:11  Reason=no_employee
2026-03-09 13:20:03 SKIP  User=7  Time=2026-03-09 11:26:47  Reason=no_employee
2026-03-09 13:20:03 SKIP  User=588  Time=2026-03-09 11:54:54  Reason=no_employee
2026-03-09 13:20:03 SKIP  User=7  Time=2026-03-09 12:24:31  Reason=no_employee
2026-03-09 13:20:03 SKIP  User=7  Time=2026-03-09 12:38:35  Reason=no_employee
2026-03-09 13:21:07 SKIP  User=7  Time=2026-03-09 08:28:30  Reason=no_employee
2026-03-09 13:21:07 SKIP  User=588  Time=2026-03-09 09:50:55  Reason=no_employee
2026-03-09 13:21:07 SKIP  User=588  Time=2026-03-09 09:50:57  Reason=no_employee
2026-03-09 13:21:07 SKIP  User=588  Time=2026-03-09 10:43:11  Reason=no_employee
2026-03-09 13:21:07 SKIP  User=7  Time=2026-03-09 11:26:47  Reason=no_employee
2026-03-09 13:21:07 SKIP  User=588  Time=2026-03-09 11:54:54  Reason=no_employee
2026-03-09 13:21:07 SKIP  User=7  Time=2026-03-09 12:24:31  Reason=no_employee
2026-03-09 13:21:07 SKIP  User=7  Time=2026-03-09 12:38:35  Reason=no_employee
2026-03-09 13:22:11 SKIP  User=7  Time=2026-03-09 08:28:30  Reason=no_employee
2026-03-09 13:22:11 SKIP  User=588  Time=2026-03-09 09:50:55  Reason=no_employee
2026-03-09 13:22:11 SKIP  User=588  Time=2026-03-09 09:50:57  Reason=no_employee
2026-03-09 13:22:11 SKIP  User=588  Time=2026-03-09 10:43:11  Reason=no_employee
2026-03-09 13:22:11 SKIP  User=7  Time=2026-03-09 11:26:47  Reason=no_employee
2026-03-09 13:22:11 SKIP  User=588  Time=2026-03-09 11:54:54  Reason=no_employee
2026-03-09 13:22:11 SKIP  User=7  Time=2026-03-09 12:24:31  Reason=no_employee
2026-03-09 13:22:11 SKIP  User=7  Time=2026-03-09 12:38:35  Reason=no_employee
2026-03-09 13:23:16 SKIP  User=7  Time=2026-03-09 08:28:30  Reason=no_employee
2026-03-09 13:23:16 SKIP  User=588  Time=2026-03-09 09:50:55  Reason=no_employee
2026-03-09 13:23:16 SKIP  User=588  Time=2026-03-09 09:50:57  Reason=no_employee
2026-03-09 13:23:16 SKIP  User=588  Time=2026-03-09 10:43:11  Reason=no_employee
2026-03-09 13:23:16 SKIP  User=7  Time=2026-03-09 11:26:47  Reason=no_employee
2026-03-09 13:23:16 SKIP  User=588  Time=2026-03-09 11:54:54  Reason=no_employee
2026-03-09 13:23:16 SKIP  User=7  Time=2026-03-09 12:24:31  Reason=no_employee
2026-03-09 13:23:16 SKIP  User=7  Time=2026-03-09 12:38:35  Reason=no_employee
2026-03-09 13:24:20 SKIP  User=7  Time=2026-03-09 08:28:30  Reason=no_employee
2026-03-09 13:24:20 SKIP  User=588  Time=2026-03-09 09:50:55  Reason=no_employee
2026-03-09 13:24:20 SKIP  User=588  Time=2026-03-09 09:50:57  Reason=no_employee
2026-03-09 13:24:20 SKIP  User=588  Time=2026-03-09 10:43:11  Reason=no_employee
2026-03-09 13:24:20 SKIP  User=7  Time=2026-03-09 11:26:47  Reason=no_employee
2026-03-09 13:24:20 SKIP  User=588  Time=2026-03-09 11:54:54  Reason=no_employee
2026-03-09 13:24:20 SKIP  User=7  Time=2026-03-09 12:24:31  Reason=no_employee
2026-03-09 13:24:20 SKIP  User=7  Time=2026-03-09 12:38:35  Reason=no_employee
2026-03-09 13:24:21 OK    User=1087  MappedId=1087  Time=2026-03-09 13:23:26  LogType=IN  DevId=8  Result=ok
2026-03-09 13:25:27 SKIP  User=7  Time=2026-03-09 08:28:30  Reason=no_employee
2026-03-09 13:25:27 SKIP  User=588  Time=2026-03-09 09:50:55  Reason=no_employee
2026-03-09 13:25:27 SKIP  User=588  Time=2026-03-09 09:50:57  Reason=no_employee
2026-03-09 13:25:27 SKIP  User=588  Time=2026-03-09 10:43:11  Reason=no_employee
2026-03-09 13:25:27 SKIP  User=7  Time=2026-03-09 11:26:47  Reason=no_employee
2026-03-09 13:25:27 SKIP  User=588  Time=2026-03-09 11:54:54  Reason=no_employee
2026-03-09 13:25:27 SKIP  User=7  Time=2026-03-09 12:24:31  Reason=no_employee
2026-03-09 13:25:27 SKIP  User=7  Time=2026-03-09 12:38:35  Reason=no_employee
2026-03-09 13:25:28 OK    User=1117  MappedId=1117  Time=2026-03-09 13:24:31  LogType=IN  DevId=8  Result=ok
2026-03-09 13:26:34 SKIP  User=7  Time=2026-03-09 08:28:30  Reason=no_employee
2026-03-09 13:26:34 SKIP  User=588  Time=2026-03-09 09:50:55  Reason=no_employee
2026-03-09 13:26:34 SKIP  User=588  Time=2026-03-09 09:50:57  Reason=no_employee
2026-03-09 13:26:34 SKIP  User=588  Time=2026-03-09 10:43:11  Reason=no_employee
2026-03-09 13:26:34 SKIP  User=7  Time=2026-03-09 11:26:47  Reason=no_employee
2026-03-09 13:26:34 SKIP  User=588  Time=2026-03-09 11:54:54  Reason=no_employee
2026-03-09 13:26:34 SKIP  User=7  Time=2026-03-09 12:24:31  Reason=no_employee
2026-03-09 13:26:34 SKIP  User=7  Time=2026-03-09 12:38:35  Reason=no_employee
2026-03-09 13:27:43 SKIP  User=7  Time=2026-03-09 08:28:30  Reason=no_employee
2026-03-09 13:27:43 SKIP  User=588  Time=2026-03-09 09:50:55  Reason=no_employee
2026-03-09 13:27:43 SKIP  User=588  Time=2026-03-09 09:50:57  Reason=no_employee
2026-03-09 13:27:43 SKIP  User=588  Time=2026-03-09 10:43:11  Reason=no_employee
2026-03-09 13:27:43 SKIP  User=7  Time=2026-03-09 11:26:47  Reason=no_employee
2026-03-09 13:27:43 SKIP  User=588  Time=2026-03-09 11:54:54  Reason=no_employee
2026-03-09 13:27:43 SKIP  User=7  Time=2026-03-09 12:24:31  Reason=no_employee
2026-03-09 13:27:43 SKIP  User=7  Time=2026-03-09 12:38:35  Reason=no_employee
2026-03-09 13:28:08 OK    User=941  MappedId=941  Time=2026-03-09 13:26:53  LogType=IN  DevId=8  Result=ok
2026-03-09 13:28:39 FAIL  User=941  MappedId=941  Time=2026-03-09 13:26:54  LogType=IN  DevId=8  Result=error
2026-03-09 13:29:44 SKIP  User=7  Time=2026-03-09 08:28:30  Reason=no_employee
2026-03-09 13:29:44 SKIP  User=588  Time=2026-03-09 09:50:55  Reason=no_employee
2026-03-09 13:29:44 SKIP  User=588  Time=2026-03-09 09:50:57  Reason=no_employee
2026-03-09 13:29:44 SKIP  User=588  Time=2026-03-09 10:43:11  Reason=no_employee
2026-03-09 13:29:44 SKIP  User=7  Time=2026-03-09 11:26:47  Reason=no_employee
2026-03-09 13:29:44 SKIP  User=588  Time=2026-03-09 11:54:54  Reason=no_employee
2026-03-09 13:29:44 SKIP  User=7  Time=2026-03-09 12:24:31  Reason=no_employee
2026-03-09 13:29:44 SKIP  User=7  Time=2026-03-09 12:38:35  Reason=no_employee
2026-03-09 13:30:14 OK    User=941  MappedId=941  Time=2026-03-09 13:26:54  LogType=IN  DevId=8  Result=duplicate
2026-03-09 13:30:30 OK    User=1170  MappedId=1170  Time=2026-03-09 13:27:48  LogType=IN  DevId=8  Result=ok
2026-03-09 13:31:01 FAIL  User=1077  MappedId=1077  Time=2026-03-09 13:27:54  LogType=IN  DevId=8  Result=error
2026-03-09 13:31:19 OK    User=1077  MappedId=1077  Time=2026-03-09 13:27:56  LogType=IN  DevId=8  Result=ok
2026-03-09 13:31:36 OK    User=1077  MappedId=1077  Time=2026-03-09 13:28:00  LogType=IN  DevId=8  Result=ok
2026-03-09 13:31:38 OK    User=1139  MappedId=1139  Time=2026-03-09 13:28:04  LogType=IN  DevId=8  Result=ok
2026-03-09 13:31:56 OK    User=241  MappedId=SS00241  Time=2026-03-09 13:28:35  LogType=IN  DevId=8  Result=ok
2026-03-09 13:32:27 FAIL  User=836  MappedId=836  Time=2026-03-09 13:28:46  LogType=IN  DevId=8  Result=error
2026-03-09 13:32:45 OK    User=836  MappedId=836  Time=2026-03-09 13:28:47  LogType=IN  DevId=8  Result=ok
2026-03-09 13:33:50 SKIP  User=7  Time=2026-03-09 08:28:30  Reason=no_employee
2026-03-09 13:33:50 SKIP  User=588  Time=2026-03-09 09:50:55  Reason=no_employee
2026-03-09 13:33:50 SKIP  User=588  Time=2026-03-09 09:50:57  Reason=no_employee
2026-03-09 13:33:50 SKIP  User=588  Time=2026-03-09 10:43:11  Reason=no_employee
2026-03-09 13:33:50 SKIP  User=7  Time=2026-03-09 11:26:47  Reason=no_employee
2026-03-09 13:33:50 SKIP  User=588  Time=2026-03-09 11:54:54  Reason=no_employee
2026-03-09 13:33:50 SKIP  User=7  Time=2026-03-09 12:24:31  Reason=no_employee
2026-03-09 13:33:50 SKIP  User=7  Time=2026-03-09 12:38:35  Reason=no_employee
2026-03-09 13:33:55 OK    User=1077  MappedId=1077  Time=2026-03-09 13:27:54  LogType=IN  DevId=8  Result=duplicate
2026-03-09 13:33:56 OK    User=836  MappedId=836  Time=2026-03-09 13:28:46  LogType=IN  DevId=8  Result=duplicate
2026-03-09 13:34:27 OK    User=1092  MappedId=1092  Time=2026-03-09 13:29:59  LogType=IN  DevId=8  Result=ok
2026-03-09 13:34:58 OK    User=1092  MappedId=1092  Time=2026-03-09 13:30:03  LogType=IN  DevId=8  Result=ok
2026-03-09 13:35:19 OK    User=1100  MappedId=1100  Time=2026-03-09 13:30:06  LogType=IN  DevId=8  Result=ok
2026-03-09 13:35:21 OK    User=1153  MappedId=1153  Time=2026-03-09 13:30:20  LogType=IN  DevId=8  Result=ok
2026-03-09 13:35:52 FAIL  User=857  MappedId=857  Time=2026-03-09 13:33:06  LogType=IN  DevId=8  Result=error
2026-03-09 13:36:57 SKIP  User=7  Time=2026-03-09 08:28:30  Reason=no_employee
2026-03-09 13:36:57 SKIP  User=588  Time=2026-03-09 09:50:55  Reason=no_employee
2026-03-09 13:36:57 SKIP  User=588  Time=2026-03-09 09:50:57  Reason=no_employee
2026-03-09 13:36:57 SKIP  User=588  Time=2026-03-09 10:43:11  Reason=no_employee
2026-03-09 13:36:57 SKIP  User=7  Time=2026-03-09 11:26:47  Reason=no_employee
2026-03-09 13:36:57 SKIP  User=588  Time=2026-03-09 11:54:54  Reason=no_employee
2026-03-09 13:36:57 SKIP  User=7  Time=2026-03-09 12:24:31  Reason=no_employee
2026-03-09 13:36:57 SKIP  User=7  Time=2026-03-09 12:38:35  Reason=no_employee
2026-03-09 13:36:58 OK    User=857  MappedId=857  Time=2026-03-09 13:33:06  LogType=IN  DevId=8  Result=duplicate
2026-03-09 13:37:16 OK    User=823  MappedId=823  Time=2026-03-09 13:34:13  LogType=IN  DevId=8  Result=ok
2026-03-09 13:37:18 OK    User=1210  MappedId=1210  Time=2026-03-09 13:34:26  LogType=IN  DevId=8  Result=ok
2026-03-09 13:37:20 OK    User=1210  MappedId=1210  Time=2026-03-09 13:34:27  LogType=IN  DevId=8  Result=ok
2026-03-09 13:37:51 FAIL  User=992  MappedId=992  Time=2026-03-09 13:35:34  LogType=IN  DevId=8  Result=error
2026-03-09 13:38:22 FAIL  User=24  MappedId=SS0024  Time=2026-03-09 13:35:39  LogType=IN  DevId=8  Result=error
2026-03-09 13:38:54 FAIL  User=24  MappedId=SS0024  Time=2026-03-09 13:35:43  LogType=IN  DevId=8  Result=error
2026-03-09 13:39:25 FAIL  User=1042  MappedId=1042  Time=2026-03-09 13:36:25  LogType=IN  DevId=8  Result=error
2026-03-09 13:39:56 FAIL  User=1042  MappedId=1042  Time=2026-03-09 13:36:27  LogType=IN  DevId=8  Result=error
2026-03-09 13:40:14 OK    User=966  MappedId=966  Time=2026-03-09 13:36:36  LogType=IN  DevId=8  Result=ok
2026-03-09 13:41:20 SKIP  User=7  Time=2026-03-09 08:28:30  Reason=no_employee
2026-03-09 13:41:20 SKIP  User=588  Time=2026-03-09 09:50:55  Reason=no_employee
2026-03-09 13:41:20 SKIP  User=588  Time=2026-03-09 09:50:57  Reason=no_employee
2026-03-09 13:41:20 SKIP  User=588  Time=2026-03-09 10:43:11  Reason=no_employee
2026-03-09 13:41:20 SKIP  User=7  Time=2026-03-09 11:26:47  Reason=no_employee
2026-03-09 13:41:20 SKIP  User=588  Time=2026-03-09 11:54:54  Reason=no_employee
2026-03-09 13:41:20 SKIP  User=7  Time=2026-03-09 12:24:31  Reason=no_employee
2026-03-09 13:41:20 SKIP  User=7  Time=2026-03-09 12:38:35  Reason=no_employee
2026-03-09 13:41:21 OK    User=992  MappedId=992  Time=2026-03-09 13:35:34  LogType=IN  DevId=8  Result=duplicate
2026-03-09 13:41:22 OK    User=24  MappedId=SS0024  Time=2026-03-09 13:35:39  LogType=IN  DevId=8  Result=duplicate
2026-03-09 13:41:24 OK    User=24  MappedId=SS0024  Time=2026-03-09 13:35:43  LogType=IN  DevId=8  Result=duplicate
2026-03-09 13:41:26 OK    User=1042  MappedId=1042  Time=2026-03-09 13:36:25  LogType=IN  DevId=8  Result=duplicate
2026-03-09 13:41:28 OK    User=1042  MappedId=1042  Time=2026-03-09 13:36:27  LogType=IN  DevId=8  Result=duplicate
2026-03-09 13:41:46 OK    User=964  MappedId=964  Time=2026-03-09 13:38:41  LogType=IN  DevId=8  Result=ok
2026-03-09 13:42:53 SKIP  User=7  Time=2026-03-09 08:28:30  Reason=no_employee
2026-03-09 13:42:53 SKIP  User=588  Time=2026-03-09 09:50:55  Reason=no_employee
2026-03-09 13:42:53 SKIP  User=588  Time=2026-03-09 09:50:57  Reason=no_employee
2026-03-09 13:42:53 SKIP  User=588  Time=2026-03-09 10:43:11  Reason=no_employee
2026-03-09 13:42:53 SKIP  User=7  Time=2026-03-09 11:26:47  Reason=no_employee
2026-03-09 13:42:53 SKIP  User=588  Time=2026-03-09 11:54:54  Reason=no_employee
2026-03-09 13:42:53 SKIP  User=7  Time=2026-03-09 12:24:31  Reason=no_employee
2026-03-09 13:42:53 SKIP  User=7  Time=2026-03-09 12:38:35  Reason=no_employee
2026-03-09 13:43:57 SKIP  User=7  Time=2026-03-09 08:28:30  Reason=no_employee
2026-03-09 13:43:57 SKIP  User=588  Time=2026-03-09 09:50:55  Reason=no_employee
2026-03-09 13:43:57 SKIP  User=588  Time=2026-03-09 09:50:57  Reason=no_employee
2026-03-09 13:43:57 SKIP  User=588  Time=2026-03-09 10:43:11  Reason=no_employee
2026-03-09 13:43:57 SKIP  User=7  Time=2026-03-09 11:26:47  Reason=no_employee
2026-03-09 13:43:57 SKIP  User=588  Time=2026-03-09 11:54:54  Reason=no_employee
2026-03-09 13:43:57 SKIP  User=7  Time=2026-03-09 12:24:31  Reason=no_employee
2026-03-09 13:43:57 SKIP  User=7  Time=2026-03-09 12:38:35  Reason=no_employee
2026-03-09 13:44:27 OK    User=958  MappedId=958  Time=2026-03-09 13:43:21  LogType=IN  DevId=8  Result=ok
2026-03-09 13:44:58 FAIL  User=958  MappedId=958  Time=2026-03-09 13:43:27  LogType=IN  DevId=8  Result=error
2026-03-09 13:45:29 FAIL  User=958  MappedId=958  Time=2026-03-09 13:43:36  LogType=IN  DevId=8  Result=error
2026-03-09 13:46:01 FAIL  User=1162  MappedId=1162  Time=2026-03-09 13:43:40  LogType=IN  DevId=8  Result=error
2026-03-09 13:46:32 FAIL  User=1162  MappedId=1162  Time=2026-03-09 13:43:43  LogType=IN  DevId=8  Result=error
2026-03-09 13:47:38 SKIP  User=7  Time=2026-03-09 08:28:30  Reason=no_employee
2026-03-09 13:47:38 SKIP  User=588  Time=2026-03-09 09:50:55  Reason=no_employee
2026-03-09 13:47:38 SKIP  User=588  Time=2026-03-09 09:50:57  Reason=no_employee
2026-03-09 13:47:38 SKIP  User=588  Time=2026-03-09 10:43:11  Reason=no_employee
2026-03-09 13:47:38 SKIP  User=7  Time=2026-03-09 11:26:47  Reason=no_employee
2026-03-09 13:47:38 SKIP  User=588  Time=2026-03-09 11:54:54  Reason=no_employee
2026-03-09 13:47:38 SKIP  User=7  Time=2026-03-09 12:24:31  Reason=no_employee
2026-03-09 13:47:38 SKIP  User=7  Time=2026-03-09 12:38:35  Reason=no_employee
2026-03-09 13:47:55 OK    User=958  MappedId=958  Time=2026-03-09 13:43:27  LogType=IN  DevId=8  Result=duplicate
2026-03-09 13:48:10 OK    User=958  MappedId=958  Time=2026-03-09 13:43:36  LogType=IN  DevId=8  Result=duplicate
2026-03-09 13:48:27 OK    User=1162  MappedId=1162  Time=2026-03-09 13:43:40  LogType=IN  DevId=8  Result=duplicate
2026-03-09 13:48:43 OK    User=1162  MappedId=1162  Time=2026-03-09 13:43:43  LogType=IN  DevId=8  Result=duplicate
2026-03-09 13:49:01 OK    User=862  MappedId=862  Time=2026-03-09 13:45:18  LogType=IN  DevId=8  Result=ok
2026-03-09 13:49:18 OK    User=862  MappedId=862  Time=2026-03-09 13:45:20  LogType=IN  DevId=8  Result=ok
2026-03-09 13:49:20 OK    User=1167  MappedId=1167  Time=2026-03-09 13:45:25  LogType=IN  DevId=8  Result=ok
2026-03-09 13:49:22 OK    User=1167  MappedId=1167  Time=2026-03-09 13:45:27  LogType=IN  DevId=8  Result=ok
2026-03-09 13:50:28 SKIP  User=7  Time=2026-03-09 08:28:30  Reason=no_employee
2026-03-09 13:50:28 SKIP  User=588  Time=2026-03-09 09:50:55  Reason=no_employee
2026-03-09 13:50:28 SKIP  User=588  Time=2026-03-09 09:50:57  Reason=no_employee
2026-03-09 13:50:28 SKIP  User=588  Time=2026-03-09 10:43:11  Reason=no_employee
2026-03-09 13:50:28 SKIP  User=7  Time=2026-03-09 11:26:47  Reason=no_employee
2026-03-09 13:50:28 SKIP  User=588  Time=2026-03-09 11:54:54  Reason=no_employee
2026-03-09 13:50:28 SKIP  User=7  Time=2026-03-09 12:24:31  Reason=no_employee
2026-03-09 13:50:28 SKIP  User=7  Time=2026-03-09 12:38:35  Reason=no_employee
2026-03-09 13:50:55 OK    User=1141  MappedId=1141  Time=2026-03-09 13:47:44  LogType=IN  DevId=8  Result=ok
2026-03-09 13:51:11 OK    User=1145  MappedId=1145  Time=2026-03-09 13:47:49  LogType=IN  DevId=8  Result=ok
2026-03-09 13:51:28 OK    User=1145  MappedId=1145  Time=2026-03-09 13:48:00  LogType=IN  DevId=8  Result=ok
2026-03-09 13:51:59 FAIL  User=816  MappedId=816  Time=2026-03-09 13:48:14  LogType=IN  DevId=8  Result=error
2026-03-09 13:52:31 FAIL  User=816  MappedId=816  Time=2026-03-09 13:48:21  LogType=IN  DevId=8  Result=error
2026-03-09 13:53:02 FAIL  User=816  MappedId=816  Time=2026-03-09 13:48:23  LogType=IN  DevId=8  Result=error
2026-03-09 13:53:21 OK    User=846  MappedId=846  Time=2026-03-09 13:49:28  LogType=IN  DevId=8  Result=ok
2026-03-09 13:53:52 FAIL  User=846  MappedId=846  Time=2026-03-09 13:49:30  LogType=IN  DevId=8  Result=error
2026-03-09 13:54:08 OK    User=1199  MappedId=1199  Time=2026-03-09 13:49:35  LogType=IN  DevId=8  Result=ok
2026-03-09 13:54:25 OK    User=1199  MappedId=1199  Time=2026-03-09 13:49:37  LogType=IN  DevId=8  Result=ok
2026-03-09 13:54:56 FAIL  User=1023  MappedId=1023  Time=2026-03-09 13:49:50  LogType=IN  DevId=8  Result=error
2026-03-09 13:56:02 SKIP  User=7  Time=2026-03-09 08:28:30  Reason=no_employee
2026-03-09 13:56:02 SKIP  User=588  Time=2026-03-09 09:50:55  Reason=no_employee
2026-03-09 13:56:02 SKIP  User=588  Time=2026-03-09 09:50:57  Reason=no_employee
2026-03-09 13:56:02 SKIP  User=588  Time=2026-03-09 10:43:11  Reason=no_employee
2026-03-09 13:56:02 SKIP  User=7  Time=2026-03-09 11:26:47  Reason=no_employee
2026-03-09 13:56:02 SKIP  User=588  Time=2026-03-09 11:54:54  Reason=no_employee
2026-03-09 13:56:02 SKIP  User=7  Time=2026-03-09 12:24:31  Reason=no_employee
2026-03-09 13:56:02 SKIP  User=7  Time=2026-03-09 12:38:35  Reason=no_employee
2026-03-09 13:56:10 OK    User=816  MappedId=816  Time=2026-03-09 13:48:14  LogType=IN  DevId=8  Result=duplicate
2026-03-09 13:56:12 OK    User=816  MappedId=816  Time=2026-03-09 13:48:21  LogType=IN  DevId=8  Result=duplicate
2026-03-09 13:56:28 OK    User=816  MappedId=816  Time=2026-03-09 13:48:23  LogType=IN  DevId=8  Result=duplicate
2026-03-09 13:56:29 OK    User=846  MappedId=846  Time=2026-03-09 13:49:30  LogType=IN  DevId=8  Result=duplicate
2026-03-09 13:56:31 OK    User=1023  MappedId=1023  Time=2026-03-09 13:49:50  LogType=IN  DevId=8  Result=duplicate
2026-03-09 13:56:33 OK    User=1066  MappedId=1066  Time=2026-03-09 13:51:54  LogType=IN  DevId=8  Result=ok
2026-03-09 13:56:49 OK    User=1186  MappedId=1186  Time=2026-03-09 13:52:15  LogType=IN  DevId=8  Result=ok
2026-03-09 13:57:07 OK    User=1087  MappedId=1087  Time=2026-03-09 13:54:10  LogType=IN  DevId=8  Result=ok
2026-03-09 13:58:13 SKIP  User=7  Time=2026-03-09 08:28:30  Reason=no_employee
2026-03-09 13:58:13 SKIP  User=588  Time=2026-03-09 09:50:55  Reason=no_employee
2026-03-09 13:58:13 SKIP  User=588  Time=2026-03-09 09:50:57  Reason=no_employee
2026-03-09 13:58:13 SKIP  User=588  Time=2026-03-09 10:43:11  Reason=no_employee
2026-03-09 13:58:13 SKIP  User=7  Time=2026-03-09 11:26:47  Reason=no_employee
2026-03-09 13:58:13 SKIP  User=588  Time=2026-03-09 11:54:54  Reason=no_employee
2026-03-09 13:58:13 SKIP  User=7  Time=2026-03-09 12:24:31  Reason=no_employee
2026-03-09 13:58:13 SKIP  User=7  Time=2026-03-09 12:38:35  Reason=no_employee
2026-03-09 13:58:33 OK    User=1190  MappedId=1190  Time=2026-03-09 13:57:24  LogType=IN  DevId=8  Result=ok
2026-03-09 13:58:35 OK    User=1190  MappedId=1190  Time=2026-03-09 13:57:26  LogType=IN  DevId=8  Result=ok
2026-03-09 13:59:40 SKIP  User=7  Time=2026-03-09 08:28:30  Reason=no_employee
2026-03-09 13:59:40 SKIP  User=588  Time=2026-03-09 09:50:55  Reason=no_employee
2026-03-09 13:59:40 SKIP  User=588  Time=2026-03-09 09:50:57  Reason=no_employee
2026-03-09 13:59:40 SKIP  User=588  Time=2026-03-09 10:43:11  Reason=no_employee
2026-03-09 13:59:40 SKIP  User=7  Time=2026-03-09 11:26:47  Reason=no_employee
2026-03-09 13:59:40 SKIP  User=588  Time=2026-03-09 11:54:54  Reason=no_employee
2026-03-09 13:59:40 SKIP  User=7  Time=2026-03-09 12:24:31  Reason=no_employee
2026-03-09 13:59:40 SKIP  User=7  Time=2026-03-09 12:38:35  Reason=no_employee
2026-03-09 13:59:52 OK    User=942  MappedId=942  Time=2026-03-09 13:58:09  LogType=IN  DevId=8  Result=ok
2026-03-09 14:00:09 OK    User=943  MappedId=943  Time=2026-03-09 13:58:32  LogType=IN  DevId=8  Result=ok
2026-03-09 14:00:41 FAIL  User=914  MappedId=914  Time=2026-03-09 13:58:38  LogType=IN  DevId=8  Result=error
2026-03-09 14:01:12 FAIL  User=992  MappedId=992  Time=2026-03-09 13:59:20  LogType=IN  DevId=8  Result=error
2026-03-09 14:01:43 FAIL  User=992  MappedId=992  Time=2026-03-09 13:59:25  LogType=IN  DevId=8  Result=error
2026-03-09 14:02:50 SKIP  User=7  Time=2026-03-09 08:28:30  Reason=no_employee
2026-03-09 14:02:50 SKIP  User=588  Time=2026-03-09 09:50:55  Reason=no_employee
2026-03-09 14:02:50 SKIP  User=588  Time=2026-03-09 09:50:57  Reason=no_employee
2026-03-09 14:02:50 SKIP  User=588  Time=2026-03-09 10:43:11  Reason=no_employee
2026-03-09 14:02:50 SKIP  User=7  Time=2026-03-09 11:26:47  Reason=no_employee
2026-03-09 14:02:50 SKIP  User=588  Time=2026-03-09 11:54:54  Reason=no_employee
2026-03-09 14:02:50 SKIP  User=7  Time=2026-03-09 12:24:31  Reason=no_employee
2026-03-09 14:02:50 SKIP  User=7  Time=2026-03-09 12:38:35  Reason=no_employee
2026-03-09 14:02:53 OK    User=914  MappedId=914  Time=2026-03-09 13:58:38  LogType=IN  DevId=8  Result=duplicate
2026-03-09 14:03:24 FAIL  User=992  MappedId=992  Time=2026-03-09 13:59:20  LogType=IN  DevId=8  Result=error
2026-03-09 14:03:55 FAIL  User=992  MappedId=992  Time=2026-03-09 13:59:25  LogType=IN  DevId=8  Result=error
2026-03-09 14:04:13 OK    User=992  MappedId=992  Time=2026-03-09 13:59:31  LogType=IN  DevId=8  Result=ok
2026-03-09 14:04:45 FAIL  User=887  MappedId=887  Time=2026-03-09 13:59:50  LogType=IN  DevId=8  Result=error
2026-03-09 14:05:16 FAIL  User=887  MappedId=887  Time=2026-03-09 13:59:51  LogType=IN  DevId=8  Result=error
2026-03-09 14:06:22 SKIP  User=7  Time=2026-03-09 08:28:30  Reason=no_employee
2026-03-09 14:06:22 SKIP  User=588  Time=2026-03-09 09:50:55  Reason=no_employee
2026-03-09 14:06:22 SKIP  User=588  Time=2026-03-09 09:50:57  Reason=no_employee
2026-03-09 14:06:22 SKIP  User=588  Time=2026-03-09 10:43:11  Reason=no_employee
2026-03-09 14:06:22 SKIP  User=7  Time=2026-03-09 11:26:47  Reason=no_employee
2026-03-09 14:06:22 SKIP  User=588  Time=2026-03-09 11:54:54  Reason=no_employee
2026-03-09 14:06:22 SKIP  User=7  Time=2026-03-09 12:24:31  Reason=no_employee
2026-03-09 14:06:22 SKIP  User=7  Time=2026-03-09 12:38:35  Reason=no_employee
2026-03-09 14:06:52 FAIL  User=992  MappedId=992  Time=2026-03-09 13:59:20  LogType=IN  DevId=8  Result=error
2026-03-09 14:07:23 OK    User=992  MappedId=992  Time=2026-03-09 13:59:25  LogType=IN  DevId=8  Result=duplicate
2026-03-09 14:07:54 FAIL  User=887  MappedId=887  Time=2026-03-09 13:59:50  LogType=IN  DevId=8  Result=error
2026-03-09 14:08:26 FAIL  User=887  MappedId=887  Time=2026-03-09 13:59:51  LogType=IN  DevId=8  Result=error
2026-03-09 14:09:32 SKIP  User=7  Time=2026-03-09 08:28:30  Reason=no_employee
2026-03-09 14:09:32 SKIP  User=588  Time=2026-03-09 09:50:55  Reason=no_employee
2026-03-09 14:09:32 SKIP  User=588  Time=2026-03-09 09:50:57  Reason=no_employee
2026-03-09 14:09:32 SKIP  User=588  Time=2026-03-09 10:43:11  Reason=no_employee
2026-03-09 14:09:32 SKIP  User=7  Time=2026-03-09 11:26:47  Reason=no_employee
2026-03-09 14:09:32 SKIP  User=588  Time=2026-03-09 11:54:54  Reason=no_employee
2026-03-09 14:09:32 SKIP  User=7  Time=2026-03-09 12:24:31  Reason=no_employee
2026-03-09 14:09:32 SKIP  User=7  Time=2026-03-09 12:38:35  Reason=no_employee
2026-03-09 14:09:47 OK    User=992  MappedId=992  Time=2026-03-09 13:59:20  LogType=IN  DevId=8  Result=duplicate
2026-03-09 14:09:48 OK    User=887  MappedId=887  Time=2026-03-09 13:59:50  LogType=IN  DevId=8  Result=duplicate
2026-03-09 14:09:50 OK    User=887  MappedId=887  Time=2026-03-09 13:59:51  LogType=IN  DevId=8  Result=duplicate
2026-03-09 14:10:07 OK    User=1166  MappedId=1166  Time=2026-03-09 14:06:17  LogType=IN  DevId=8  Result=ok
2026-03-09 14:10:24 OK    User=1166  MappedId=1166  Time=2026-03-09 14:06:18  LogType=IN  DevId=8  Result=ok
2026-03-09 14:10:55 FAIL  User=972  MappedId=972  Time=2026-03-09 14:07:45  LogType=IN  DevId=8  Result=error
2026-03-09 14:11:26 FAIL  User=1083  MappedId=1083  Time=2026-03-09 14:09:10  LogType=IN  DevId=8  Result=error
2026-03-09 14:11:44 OK    User=1083  MappedId=1083  Time=2026-03-09 14:09:12  LogType=IN  DevId=8  Result=ok
2026-03-09 14:11:46 OK    User=1221  MappedId=1221  Time=2026-03-09 14:09:19  LogType=IN  DevId=8  Result=ok
2026-03-09 14:12:51 SKIP  User=7  Time=2026-03-09 08:28:30  Reason=no_employee
2026-03-09 14:12:51 SKIP  User=588  Time=2026-03-09 09:50:55  Reason=no_employee
2026-03-09 14:12:51 SKIP  User=588  Time=2026-03-09 09:50:57  Reason=no_employee
2026-03-09 14:12:51 SKIP  User=588  Time=2026-03-09 10:43:11  Reason=no_employee
2026-03-09 14:12:51 SKIP  User=7  Time=2026-03-09 11:26:47  Reason=no_employee
2026-03-09 14:12:51 SKIP  User=588  Time=2026-03-09 11:54:54  Reason=no_employee
2026-03-09 14:12:51 SKIP  User=7  Time=2026-03-09 12:24:31  Reason=no_employee
2026-03-09 14:12:51 SKIP  User=7  Time=2026-03-09 12:38:35  Reason=no_employee
2026-03-09 14:12:57 OK    User=972  MappedId=972  Time=2026-03-09 14:07:45  LogType=IN  DevId=8  Result=duplicate
2026-03-09 14:12:58 OK    User=1083  MappedId=1083  Time=2026-03-09 14:09:10  LogType=IN  DevId=8  Result=duplicate
2026-03-09 14:13:14 OK    User=1221  MappedId=1221  Time=2026-03-09 14:09:21  LogType=IN  DevId=8  Result=ok
2026-03-09 14:13:15 SKIP  User=7  Time=2026-03-09 14:11:24  Reason=no_employee
2026-03-09 14:13:46 FAIL  User=860  MappedId=860  Time=2026-03-09 14:11:34  LogType=IN  DevId=8  Result=error
2026-03-09 14:13:47 SKIP  User=7  Time=2026-03-09 14:11:38  Reason=no_employee
2026-03-09 14:13:47 SKIP  User=7  Time=2026-03-09 14:11:44  Reason=no_employee
2026-03-09 14:14:17 FAIL  User=860  MappedId=860  Time=2026-03-09 14:12:00  LogType=IN  DevId=8  Result=error
2026-03-09 14:15:22 SKIP  User=7  Time=2026-03-09 08:28:30  Reason=no_employee
2026-03-09 14:15:22 SKIP  User=588  Time=2026-03-09 09:50:55  Reason=no_employee
2026-03-09 14:15:22 SKIP  User=588  Time=2026-03-09 09:50:57  Reason=no_employee
2026-03-09 14:15:22 SKIP  User=588  Time=2026-03-09 10:43:11  Reason=no_employee
2026-03-09 14:15:22 SKIP  User=7  Time=2026-03-09 11:26:47  Reason=no_employee
2026-03-09 14:15:22 SKIP  User=588  Time=2026-03-09 11:54:54  Reason=no_employee
2026-03-09 14:15:22 SKIP  User=7  Time=2026-03-09 12:24:31  Reason=no_employee
2026-03-09 14:15:22 SKIP  User=7  Time=2026-03-09 12:38:35  Reason=no_employee
2026-03-09 14:15:22 SKIP  User=7  Time=2026-03-09 14:11:24  Reason=no_employee
2026-03-09 14:15:25 OK    User=860  MappedId=860  Time=2026-03-09 14:11:34  LogType=IN  DevId=8  Result=duplicate
2026-03-09 14:15:26 SKIP  User=7  Time=2026-03-09 14:11:38  Reason=no_employee
2026-03-09 14:15:26 SKIP  User=7  Time=2026-03-09 14:11:44  Reason=no_employee
2026-03-09 14:15:42 OK    User=860  MappedId=860  Time=2026-03-09 14:12:00  LogType=IN  DevId=8  Result=duplicate
2026-03-09 14:15:59 OK    User=1078  MappedId=1078  Time=2026-03-09 14:13:35  LogType=IN  DevId=8  Result=ok
2026-03-09 14:16:17 OK    User=1078  MappedId=1078  Time=2026-03-09 14:13:37  LogType=IN  DevId=8  Result=ok
2026-03-09 14:16:35 OK    User=1073  MappedId=1073  Time=2026-03-09 14:14:19  LogType=IN  DevId=8  Result=ok
2026-03-09 14:16:52 OK    User=936  MappedId=936  Time=2026-03-09 14:15:08  LogType=IN  DevId=8  Result=ok
2026-03-09 14:17:11 OK    User=936  MappedId=936  Time=2026-03-09 14:15:11  LogType=IN  DevId=8  Result=ok
2026-03-09 14:18:18 SKIP  User=7  Time=2026-03-09 08:28:30  Reason=no_employee
2026-03-09 14:18:18 SKIP  User=588  Time=2026-03-09 09:50:55  Reason=no_employee
2026-03-09 14:18:18 SKIP  User=588  Time=2026-03-09 09:50:57  Reason=no_employee
2026-03-09 14:18:18 SKIP  User=588  Time=2026-03-09 10:43:11  Reason=no_employee
2026-03-09 14:18:18 SKIP  User=7  Time=2026-03-09 11:26:47  Reason=no_employee
2026-03-09 14:18:18 SKIP  User=588  Time=2026-03-09 11:54:54  Reason=no_employee
2026-03-09 14:18:18 SKIP  User=7  Time=2026-03-09 12:24:31  Reason=no_employee
2026-03-09 14:18:18 SKIP  User=7  Time=2026-03-09 12:38:35  Reason=no_employee
2026-03-09 14:18:18 SKIP  User=7  Time=2026-03-09 14:11:24  Reason=no_employee
2026-03-09 14:18:18 SKIP  User=7  Time=2026-03-09 14:11:38  Reason=no_employee
2026-03-09 14:18:18 SKIP  User=7  Time=2026-03-09 14:11:44  Reason=no_employee
2026-03-09 14:18:35 OK    User=936  MappedId=936  Time=2026-03-09 14:15:17  LogType=IN  DevId=8  Result=ok
2026-03-09 14:18:52 OK    User=1003  MappedId=1003  Time=2026-03-09 14:16:04  LogType=IN  DevId=8  Result=ok
2026-03-09 14:19:10 OK    User=1003  MappedId=1003  Time=2026-03-09 14:16:05  LogType=IN  DevId=8  Result=ok
2026-03-09 14:19:13 OK    User=1129  MappedId=1129  Time=2026-03-09 14:16:47  LogType=IN  DevId=8  Result=ok
2026-03-09 14:20:19 SKIP  User=7  Time=2026-03-09 08:28:30  Reason=no_employee
2026-03-09 14:20:19 SKIP  User=588  Time=2026-03-09 09:50:55  Reason=no_employee
2026-03-09 14:20:19 SKIP  User=588  Time=2026-03-09 09:50:57  Reason=no_employee
2026-03-09 14:20:19 SKIP  User=588  Time=2026-03-09 10:43:11  Reason=no_employee
2026-03-09 14:20:19 SKIP  User=7  Time=2026-03-09 11:26:47  Reason=no_employee
2026-03-09 14:20:19 SKIP  User=588  Time=2026-03-09 11:54:54  Reason=no_employee
2026-03-09 14:20:19 SKIP  User=7  Time=2026-03-09 12:24:31  Reason=no_employee
2026-03-09 14:20:19 SKIP  User=7  Time=2026-03-09 12:38:35  Reason=no_employee
2026-03-09 14:20:19 SKIP  User=7  Time=2026-03-09 14:11:24  Reason=no_employee
2026-03-09 14:20:19 SKIP  User=7  Time=2026-03-09 14:11:38  Reason=no_employee
2026-03-09 14:20:19 SKIP  User=7  Time=2026-03-09 14:11:44  Reason=no_employee
2026-03-09 14:20:27 OK    User=1068  MappedId=1068  Time=2026-03-09 14:18:15  LogType=IN  DevId=8  Result=ok
2026-03-09 14:20:44 OK    User=1186  MappedId=1186  Time=2026-03-09 14:19:38  LogType=IN  DevId=8  Result=ok
2026-03-09 14:21:51 SKIP  User=7  Time=2026-03-09 08:28:30  Reason=no_employee
2026-03-09 14:21:51 SKIP  User=588  Time=2026-03-09 09:50:55  Reason=no_employee
2026-03-09 14:21:51 SKIP  User=588  Time=2026-03-09 09:50:57  Reason=no_employee
2026-03-09 14:21:51 SKIP  User=588  Time=2026-03-09 10:43:11  Reason=no_employee
2026-03-09 14:21:51 SKIP  User=7  Time=2026-03-09 11:26:47  Reason=no_employee
2026-03-09 14:21:51 SKIP  User=588  Time=2026-03-09 11:54:54  Reason=no_employee
2026-03-09 14:21:51 SKIP  User=7  Time=2026-03-09 12:24:31  Reason=no_employee
2026-03-09 14:21:51 SKIP  User=7  Time=2026-03-09 12:38:35  Reason=no_employee
2026-03-09 14:21:51 SKIP  User=7  Time=2026-03-09 14:11:24  Reason=no_employee
2026-03-09 14:21:51 SKIP  User=7  Time=2026-03-09 14:11:38  Reason=no_employee
2026-03-09 14:21:51 SKIP  User=7  Time=2026-03-09 14:11:44  Reason=no_employee
2026-03-09 14:22:56 SKIP  User=7  Time=2026-03-09 08:28:30  Reason=no_employee
2026-03-09 14:22:56 SKIP  User=588  Time=2026-03-09 09:50:55  Reason=no_employee
2026-03-09 14:22:56 SKIP  User=588  Time=2026-03-09 09:50:57  Reason=no_employee
2026-03-09 14:22:56 SKIP  User=588  Time=2026-03-09 10:43:11  Reason=no_employee
2026-03-09 14:22:56 SKIP  User=7  Time=2026-03-09 11:26:47  Reason=no_employee
2026-03-09 14:22:56 SKIP  User=588  Time=2026-03-09 11:54:54  Reason=no_employee
2026-03-09 14:22:56 SKIP  User=7  Time=2026-03-09 12:24:31  Reason=no_employee
2026-03-09 14:22:56 SKIP  User=7  Time=2026-03-09 12:38:35  Reason=no_employee
2026-03-09 14:22:56 SKIP  User=7  Time=2026-03-09 14:11:24  Reason=no_employee
2026-03-09 14:22:56 SKIP  User=7  Time=2026-03-09 14:11:38  Reason=no_employee
2026-03-09 14:22:56 SKIP  User=7  Time=2026-03-09 14:11:44  Reason=no_employee
2026-03-09 14:24:02 SKIP  User=7  Time=2026-03-09 08:28:30  Reason=no_employee
2026-03-09 14:24:02 SKIP  User=588  Time=2026-03-09 09:50:55  Reason=no_employee
2026-03-09 14:24:02 SKIP  User=588  Time=2026-03-09 09:50:57  Reason=no_employee
2026-03-09 14:24:02 SKIP  User=588  Time=2026-03-09 10:43:11  Reason=no_employee
2026-03-09 14:24:02 SKIP  User=7  Time=2026-03-09 11:26:47  Reason=no_employee
2026-03-09 14:24:02 SKIP  User=588  Time=2026-03-09 11:54:54  Reason=no_employee
2026-03-09 14:24:02 SKIP  User=7  Time=2026-03-09 12:24:31  Reason=no_employee
2026-03-09 14:24:02 SKIP  User=7  Time=2026-03-09 12:38:35  Reason=no_employee
2026-03-09 14:24:02 SKIP  User=7  Time=2026-03-09 14:11:24  Reason=no_employee
2026-03-09 14:24:02 SKIP  User=7  Time=2026-03-09 14:11:38  Reason=no_employee
2026-03-09 14:24:02 SKIP  User=7  Time=2026-03-09 14:11:44  Reason=no_employee
2026-03-09 14:24:20 OK    User=1070  MappedId=1070  Time=2026-03-09 14:23:27  LogType=IN  DevId=8  Result=ok
2026-03-09 14:24:52 FAIL  User=1215  MappedId=1215  Time=2026-03-09 14:23:34  LogType=IN  DevId=8  Result=error
2026-03-09 14:25:08 OK    User=1215  MappedId=1215  Time=2026-03-09 14:23:36  LogType=IN  DevId=8  Result=ok
2026-03-09 14:25:39 FAIL  User=933  MappedId=933  Time=2026-03-09 14:23:48  LogType=IN  DevId=8  Result=error
2026-03-09 14:26:46 SKIP  User=7  Time=2026-03-09 08:28:30  Reason=no_employee
2026-03-09 14:26:46 SKIP  User=588  Time=2026-03-09 09:50:55  Reason=no_employee
2026-03-09 14:26:46 SKIP  User=588  Time=2026-03-09 09:50:57  Reason=no_employee
2026-03-09 14:26:46 SKIP  User=588  Time=2026-03-09 10:43:11  Reason=no_employee
2026-03-09 14:26:46 SKIP  User=7  Time=2026-03-09 11:26:47  Reason=no_employee
2026-03-09 14:26:46 SKIP  User=588  Time=2026-03-09 11:54:54  Reason=no_employee
2026-03-09 14:26:46 SKIP  User=7  Time=2026-03-09 12:24:31  Reason=no_employee
2026-03-09 14:26:46 SKIP  User=7  Time=2026-03-09 12:38:35  Reason=no_employee
2026-03-09 14:26:46 SKIP  User=7  Time=2026-03-09 14:11:24  Reason=no_employee
2026-03-09 14:26:46 SKIP  User=7  Time=2026-03-09 14:11:38  Reason=no_employee
2026-03-09 14:26:46 SKIP  User=7  Time=2026-03-09 14:11:44  Reason=no_employee
2026-03-09 14:26:50 OK    User=1215  MappedId=1215  Time=2026-03-09 14:23:34  LogType=IN  DevId=8  Result=duplicate
2026-03-09 14:26:52 OK    User=933  MappedId=933  Time=2026-03-09 14:23:48  LogType=IN  DevId=8  Result=duplicate
2026-03-09 14:27:08 OK    User=1189  MappedId=1189  Time=2026-03-09 14:23:56  LogType=IN  DevId=8  Result=ok
2026-03-09 14:27:10 OK    User=1189  MappedId=1189  Time=2026-03-09 14:23:57  LogType=IN  DevId=8  Result=ok
2026-03-09 14:27:28 OK    User=924  MappedId=924  Time=2026-03-09 14:24:28  LogType=IN  DevId=8  Result=ok
2026-03-09 14:27:45 OK    User=1225  MappedId=1225  Time=2026-03-09 14:25:29  LogType=IN  DevId=8  Result=ok
2026-03-09 14:28:16 FAIL  User=846  MappedId=846  Time=2026-03-09 14:26:23  LogType=IN  DevId=8  Result=error
2026-03-09 14:28:47 FAIL  User=846  MappedId=846  Time=2026-03-09 14:26:25  LogType=IN  DevId=8  Result=error
2026-03-09 14:29:53 SKIP  User=7  Time=2026-03-09 08:28:30  Reason=no_employee
2026-03-09 14:29:53 SKIP  User=588  Time=2026-03-09 09:50:55  Reason=no_employee
2026-03-09 14:29:53 SKIP  User=588  Time=2026-03-09 09:50:57  Reason=no_employee
2026-03-09 14:29:53 SKIP  User=588  Time=2026-03-09 10:43:11  Reason=no_employee
2026-03-09 14:29:53 SKIP  User=7  Time=2026-03-09 11:26:47  Reason=no_employee
2026-03-09 14:29:53 SKIP  User=588  Time=2026-03-09 11:54:54  Reason=no_employee
2026-03-09 14:29:53 SKIP  User=7  Time=2026-03-09 12:24:31  Reason=no_employee
2026-03-09 14:29:53 SKIP  User=7  Time=2026-03-09 12:38:35  Reason=no_employee
2026-03-09 14:29:53 SKIP  User=7  Time=2026-03-09 14:11:24  Reason=no_employee
2026-03-09 14:29:53 SKIP  User=7  Time=2026-03-09 14:11:38  Reason=no_employee
2026-03-09 14:29:53 SKIP  User=7  Time=2026-03-09 14:11:44  Reason=no_employee
2026-03-09 14:29:54 OK    User=846  MappedId=846  Time=2026-03-09 14:26:23  LogType=IN  DevId=8  Result=duplicate
2026-03-09 14:29:56 OK    User=846  MappedId=846  Time=2026-03-09 14:26:25  LogType=IN  DevId=8  Result=duplicate
2026-03-09 14:30:13 OK    User=1144  MappedId=1144  Time=2026-03-09 14:27:39  LogType=IN  DevId=8  Result=ok
2026-03-09 14:30:44 FAIL  User=1081  MappedId=1081  Time=2026-03-09 14:28:08  LogType=IN  DevId=8  Result=error
2026-03-09 14:31:16 FAIL  User=944  MappedId=944  Time=2026-03-09 14:29:24  LogType=IN  DevId=8  Result=error
2026-03-09 14:31:47 FAIL  User=944  MappedId=944  Time=2026-03-09 14:29:26  LogType=IN  DevId=8  Result=error
2026-03-09 14:32:18 FAIL  User=826  MappedId=826  Time=2026-03-09 14:29:39  LogType=IN  DevId=8  Result=error
2026-03-09 14:32:50 FAIL  User=826  MappedId=826  Time=2026-03-09 14:29:40  LogType=IN  DevId=8  Result=error
2026-03-09 14:33:56 SKIP  User=7  Time=2026-03-09 08:28:30  Reason=no_employee
2026-03-09 14:33:56 SKIP  User=588  Time=2026-03-09 09:50:55  Reason=no_employee
2026-03-09 14:33:56 SKIP  User=588  Time=2026-03-09 09:50:57  Reason=no_employee
2026-03-09 14:33:56 SKIP  User=588  Time=2026-03-09 10:43:11  Reason=no_employee
2026-03-09 14:33:56 SKIP  User=7  Time=2026-03-09 11:26:47  Reason=no_employee
2026-03-09 14:33:56 SKIP  User=588  Time=2026-03-09 11:54:54  Reason=no_employee
2026-03-09 14:33:56 SKIP  User=7  Time=2026-03-09 12:24:31  Reason=no_employee
2026-03-09 14:33:56 SKIP  User=7  Time=2026-03-09 12:38:35  Reason=no_employee
2026-03-09 14:33:56 SKIP  User=7  Time=2026-03-09 14:11:24  Reason=no_employee
2026-03-09 14:33:56 SKIP  User=7  Time=2026-03-09 14:11:38  Reason=no_employee
2026-03-09 14:33:56 SKIP  User=7  Time=2026-03-09 14:11:44  Reason=no_employee
2026-03-09 14:34:15 OK    User=1081  MappedId=1081  Time=2026-03-09 14:28:08  LogType=IN  DevId=8  Result=duplicate
2026-03-09 14:34:46 FAIL  User=944  MappedId=944  Time=2026-03-09 14:29:24  LogType=IN  DevId=8  Result=error
2026-03-09 14:35:03 OK    User=944  MappedId=944  Time=2026-03-09 14:29:26  LogType=IN  DevId=8  Result=duplicate
2026-03-09 14:35:05 OK    User=826  MappedId=826  Time=2026-03-09 14:29:39  LogType=IN  DevId=8  Result=duplicate
2026-03-09 14:35:06 OK    User=826  MappedId=826  Time=2026-03-09 14:29:40  LogType=IN  DevId=8  Result=duplicate
2026-03-09 14:35:24 OK    User=629  MappedId=629  Time=2026-03-09 14:29:45  LogType=IN  DevId=8  Result=ok
2026-03-09 14:35:55 FAIL  User=1077  MappedId=1077  Time=2026-03-09 14:30:08  LogType=IN  DevId=8  Result=error
2026-03-09 14:36:13 OK    User=1077  MappedId=1077  Time=2026-03-09 14:30:09  LogType=IN  DevId=8  Result=ok
2026-03-09 14:36:28 OK    User=1155  MappedId=1155  Time=2026-03-09 14:31:53  LogType=IN  DevId=8  Result=ok
2026-03-09 14:36:45 OK    User=1176  MappedId=1176  Time=2026-03-09 14:32:34  LogType=IN  DevId=8  Result=ok
2026-03-09 14:36:47 OK    User=1208  MappedId=1208  Time=2026-03-09 14:33:21  LogType=IN  DevId=8  Result=ok
2026-03-09 14:36:48 OK    User=1208  MappedId=1208  Time=2026-03-09 14:33:23  LogType=IN  DevId=8  Result=ok
2026-03-09 14:37:55 SKIP  User=7  Time=2026-03-09 08:28:30  Reason=no_employee
2026-03-09 14:37:55 SKIP  User=588  Time=2026-03-09 09:50:55  Reason=no_employee
2026-03-09 14:37:55 SKIP  User=588  Time=2026-03-09 09:50:57  Reason=no_employee
2026-03-09 14:37:55 SKIP  User=588  Time=2026-03-09 10:43:11  Reason=no_employee
2026-03-09 14:37:55 SKIP  User=7  Time=2026-03-09 11:26:47  Reason=no_employee
2026-03-09 14:37:55 SKIP  User=588  Time=2026-03-09 11:54:54  Reason=no_employee
2026-03-09 14:37:55 SKIP  User=7  Time=2026-03-09 12:24:31  Reason=no_employee
2026-03-09 14:37:55 SKIP  User=7  Time=2026-03-09 12:38:35  Reason=no_employee
2026-03-09 14:37:55 SKIP  User=7  Time=2026-03-09 14:11:24  Reason=no_employee
2026-03-09 14:37:55 SKIP  User=7  Time=2026-03-09 14:11:38  Reason=no_employee
2026-03-09 14:37:55 SKIP  User=7  Time=2026-03-09 14:11:44  Reason=no_employee
2026-03-09 14:38:21 OK    User=944  MappedId=944  Time=2026-03-09 14:29:24  LogType=IN  DevId=8  Result=duplicate
2026-03-09 14:38:39 OK    User=1077  MappedId=1077  Time=2026-03-09 14:30:08  LogType=IN  DevId=8  Result=duplicate
2026-03-09 14:38:56 OK    User=1018  MappedId=1018  Time=2026-03-09 14:36:05  LogType=IN  DevId=8  Result=ok
2026-03-09 14:39:28 FAIL  User=1018  MappedId=1018  Time=2026-03-09 14:36:07  LogType=IN  DevId=8  Result=error
2026-03-09 14:39:43 OK    User=1213  MappedId=1213  Time=2026-03-09 14:36:09  LogType=IN  DevId=8  Result=ok
2026-03-09 14:40:15 FAIL  User=1038  MappedId=1038  Time=2026-03-09 14:36:10  LogType=IN  DevId=8  Result=error
2026-03-09 14:40:31 OK    User=1213  MappedId=1213  Time=2026-03-09 14:36:12  LogType=IN  DevId=8  Result=ok
2026-03-09 14:40:49 OK    User=1038  MappedId=1038  Time=2026-03-09 14:36:14  LogType=IN  DevId=8  Result=ok
2026-03-09 14:40:51 OK    User=1213  MappedId=1213  Time=2026-03-09 14:36:17  LogType=IN  DevId=8  Result=ok
2026-03-09 14:41:08 OK    User=1038  MappedId=1038  Time=2026-03-09 14:36:21  LogType=IN  DevId=8  Result=ok
2026-03-09 14:41:26 OK    User=984  MappedId=984  Time=2026-03-09 14:36:29  LogType=IN  DevId=8  Result=ok
2026-03-09 14:41:43 OK    User=959  MappedId=959  Time=2026-03-09 14:36:33  LogType=IN  DevId=8  Result=ok
2026-03-09 14:41:45 OK    User=1149  MappedId=1149  Time=2026-03-09 14:36:36  LogType=IN  DevId=8  Result=ok
2026-03-09 14:42:03 OK    User=959  MappedId=959  Time=2026-03-09 14:36:40  LogType=IN  DevId=8  Result=ok
2026-03-09 14:42:05 OK    User=1149  MappedId=1149  Time=2026-03-09 14:36:43  LogType=IN  DevId=8  Result=ok
2026-03-09 14:42:23 OK    User=1149  MappedId=1149  Time=2026-03-09 14:36:45  LogType=IN  DevId=8  Result=ok
2026-03-09 14:42:41 OK    User=1147  MappedId=1147  Time=2026-03-09 14:36:55  LogType=IN  DevId=8  Result=ok
2026-03-09 14:42:58 OK    User=1041  MappedId=1041  Time=2026-03-09 14:37:05  LogType=IN  DevId=8  Result=ok
2026-03-09 14:44:04 SKIP  User=7  Time=2026-03-09 08:28:30  Reason=no_employee
2026-03-09 14:44:04 SKIP  User=588  Time=2026-03-09 09:50:55  Reason=no_employee
2026-03-09 14:44:04 SKIP  User=588  Time=2026-03-09 09:50:57  Reason=no_employee
2026-03-09 14:44:04 SKIP  User=588  Time=2026-03-09 10:43:11  Reason=no_employee
2026-03-09 14:44:04 SKIP  User=7  Time=2026-03-09 11:26:47  Reason=no_employee
2026-03-09 14:44:04 SKIP  User=588  Time=2026-03-09 11:54:54  Reason=no_employee
2026-03-09 14:44:04 SKIP  User=7  Time=2026-03-09 12:24:31  Reason=no_employee
2026-03-09 14:44:04 SKIP  User=7  Time=2026-03-09 12:38:35  Reason=no_employee
2026-03-09 14:44:04 SKIP  User=7  Time=2026-03-09 14:11:24  Reason=no_employee
2026-03-09 14:44:04 SKIP  User=7  Time=2026-03-09 14:11:38  Reason=no_employee
2026-03-09 14:44:04 SKIP  User=7  Time=2026-03-09 14:11:44  Reason=no_employee
2026-03-09 14:44:12 OK    User=1018  MappedId=1018  Time=2026-03-09 14:36:07  LogType=IN  DevId=8  Result=duplicate
2026-03-09 14:44:30 OK    User=1038  MappedId=1038  Time=2026-03-09 14:36:10  LogType=IN  DevId=8  Result=duplicate
2026-03-09 14:44:31 OK    User=1203  MappedId=1203  Time=2026-03-09 14:38:58  LogType=IN  DevId=8  Result=ok
2026-03-09 14:44:47 OK    User=1203  MappedId=1203  Time=2026-03-09 14:39:00  LogType=IN  DevId=8  Result=ok
2026-03-09 14:45:18 FAIL  User=965  MappedId=965  Time=2026-03-09 14:39:00  LogType=IN  DevId=8  Result=error
2026-03-09 14:45:50 FAIL  User=965  MappedId=965  Time=2026-03-09 14:39:02  LogType=IN  DevId=8  Result=error
2026-03-09 14:46:21 FAIL  User=965  MappedId=965  Time=2026-03-09 14:39:09  LogType=IN  DevId=8  Result=error
2026-03-09 14:46:52 FAIL  User=965  MappedId=965  Time=2026-03-09 14:39:11  LogType=IN  DevId=8  Result=error
2026-03-09 14:47:23 FAIL  User=241  MappedId=SS00241  Time=2026-03-09 14:39:14  LogType=IN  DevId=8  Result=error
2026-03-09 14:47:55 FAIL  User=241  MappedId=SS00241  Time=2026-03-09 14:39:19  LogType=IN  DevId=8  Result=error
2026-03-09 14:48:22 OK    User=960  MappedId=960  Time=2026-03-09 14:39:23  LogType=IN  DevId=8  Result=ok
2026-03-09 14:48:54 FAIL  User=963  MappedId=963  Time=2026-03-09 14:39:27  LogType=IN  DevId=8  Result=error
2026-03-09 14:49:25 FAIL  User=972  MappedId=972  Time=2026-03-09 14:39:32  LogType=IN  DevId=8  Result=error
2026-03-09 14:49:44 OK    User=884  MappedId=884  Time=2026-03-09 14:39:41  LogType=IN  DevId=8  Result=ok
2026-03-09 14:49:46 OK    User=1193  MappedId=1193  Time=2026-03-09 14:40:01  LogType=IN  DevId=8  Result=ok
2026-03-09 14:49:48 OK    User=1160  MappedId=1160  Time=2026-03-09 14:40:04  LogType=IN  DevId=8  Result=ok
2026-03-09 14:49:50 OK    User=1161  MappedId=1161  Time=2026-03-09 14:40:14  LogType=IN  DevId=8  Result=ok
2026-03-09 14:49:52 OK    User=1161  MappedId=1161  Time=2026-03-09 14:40:20  LogType=IN  DevId=8  Result=ok
2026-03-09 14:49:53 OK    User=1161  MappedId=1161  Time=2026-03-09 14:40:24  LogType=IN  DevId=8  Result=ok
2026-03-09 14:49:55 OK    User=1214  MappedId=1214  Time=2026-03-09 14:40:29  LogType=IN  DevId=8  Result=ok
2026-03-09 14:50:16 OK    User=928  MappedId=928  Time=2026-03-09 14:40:37  LogType=IN  DevId=8  Result=ok
2026-03-09 14:50:34 OK    User=1001  MappedId=1001  Time=2026-03-09 14:40:41  LogType=IN  DevId=8  Result=ok
2026-03-09 14:50:52 OK    User=928  MappedId=928  Time=2026-03-09 14:40:51  LogType=IN  DevId=8  Result=ok
2026-03-09 14:51:10 OK    User=927  MappedId=927  Time=2026-03-09 14:40:54  LogType=IN  DevId=8  Result=ok
2026-03-09 14:51:28 OK    User=1001  MappedId=1001  Time=2026-03-09 14:40:57  LogType=IN  DevId=8  Result=ok
2026-03-09 14:51:46 OK    User=927  MappedId=927  Time=2026-03-09 14:41:05  LogType=IN  DevId=8  Result=ok
2026-03-09 14:52:04 OK    User=922  MappedId=922  Time=2026-03-09 14:41:08  LogType=IN  DevId=8  Result=ok
2026-03-09 14:52:06 OK    User=1109  MappedId=1109  Time=2026-03-09 14:41:12  LogType=IN  DevId=8  Result=ok
2026-03-09 14:52:24 OK    User=922  MappedId=922  Time=2026-03-09 14:41:13  LogType=IN  DevId=8  Result=ok
2026-03-09 14:52:40 OK    User=1109  MappedId=1109  Time=2026-03-09 14:41:20  LogType=IN  DevId=8  Result=ok
2026-03-09 14:52:57 OK    User=1183  MappedId=1183  Time=2026-03-09 14:41:24  LogType=IN  DevId=8  Result=ok
2026-03-09 14:52:59 OK    User=1183  MappedId=1183  Time=2026-03-09 14:41:34  LogType=IN  DevId=8  Result=ok
2026-03-09 14:53:01 OK    User=1183  MappedId=1183  Time=2026-03-09 14:41:36  LogType=IN  DevId=8  Result=ok
2026-03-09 14:53:19 OK    User=1207  MappedId=1207  Time=2026-03-09 14:41:43  LogType=IN  DevId=8  Result=ok
2026-03-09 14:53:37 OK    User=822  MappedId=822  Time=2026-03-09 14:43:20  LogType=IN  DevId=8  Result=ok
2026-03-09 14:53:55 OK    User=24  MappedId=SS0024  Time=2026-03-09 14:43:33  LogType=IN  DevId=8  Result=ok
2026-03-09 14:54:26 FAIL  User=24  MappedId=SS0024  Time=2026-03-09 14:43:34  LogType=IN  DevId=8  Result=error
2026-03-09 14:54:57 FAIL  User=21  MappedId=SS0021  Time=2026-03-09 14:43:40  LogType=IN  DevId=8  Result=error
2026-03-09 14:55:28 FAIL  User=1220  MappedId=1220  Time=2026-03-09 14:43:44  LogType=IN  DevId=8  Result=error
2026-03-09 14:55:48 OK    User=1220  MappedId=1220  Time=2026-03-09 14:43:49  LogType=IN  DevId=8  Result=ok
2026-03-09 14:56:54 SKIP  User=7  Time=2026-03-09 08:28:30  Reason=no_employee
2026-03-09 14:56:54 SKIP  User=588  Time=2026-03-09 09:50:55  Reason=no_employee
2026-03-09 14:56:54 SKIP  User=588  Time=2026-03-09 09:50:57  Reason=no_employee
2026-03-09 14:56:54 SKIP  User=588  Time=2026-03-09 10:43:11  Reason=no_employee
2026-03-09 14:56:54 SKIP  User=7  Time=2026-03-09 11:26:47  Reason=no_employee
2026-03-09 14:56:54 SKIP  User=588  Time=2026-03-09 11:54:54  Reason=no_employee
2026-03-09 14:56:54 SKIP  User=7  Time=2026-03-09 12:24:31  Reason=no_employee
2026-03-09 14:56:54 SKIP  User=7  Time=2026-03-09 12:38:35  Reason=no_employee
2026-03-09 14:56:54 SKIP  User=7  Time=2026-03-09 14:11:24  Reason=no_employee
2026-03-09 14:56:54 SKIP  User=7  Time=2026-03-09 14:11:38  Reason=no_employee
2026-03-09 14:56:54 SKIP  User=7  Time=2026-03-09 14:11:44  Reason=no_employee
2026-03-09 14:57:05 OK    User=965  MappedId=965  Time=2026-03-09 14:39:00  LogType=IN  DevId=8  Result=duplicate
2026-03-09 14:57:07 OK    User=965  MappedId=965  Time=2026-03-09 14:39:02  LogType=IN  DevId=8  Result=duplicate
2026-03-09 14:57:09 OK    User=965  MappedId=965  Time=2026-03-09 14:39:09  LogType=IN  DevId=8  Result=duplicate
2026-03-09 14:57:10 OK    User=965  MappedId=965  Time=2026-03-09 14:39:11  LogType=IN  DevId=8  Result=duplicate
2026-03-09 14:57:12 OK    User=241  MappedId=SS00241  Time=2026-03-09 14:39:14  LogType=IN  DevId=8  Result=duplicate
2026-03-09 14:57:14 OK    User=241  MappedId=SS00241  Time=2026-03-09 14:39:19  LogType=IN  DevId=8  Result=duplicate
2026-03-09 14:57:16 OK    User=963  MappedId=963  Time=2026-03-09 14:39:27  LogType=IN  DevId=8  Result=duplicate
2026-03-09 14:57:18 OK    User=972  MappedId=972  Time=2026-03-09 14:39:32  LogType=IN  DevId=8  Result=duplicate
2026-03-09 14:57:19 OK    User=24  MappedId=SS0024  Time=2026-03-09 14:43:34  LogType=IN  DevId=8  Result=duplicate
2026-03-09 14:57:21 OK    User=21  MappedId=SS0021  Time=2026-03-09 14:43:40  LogType=IN  DevId=8  Result=duplicate
2026-03-09 14:57:23 OK    User=1220  MappedId=1220  Time=2026-03-09 14:43:44  LogType=IN  DevId=8  Result=duplicate
2026-03-09 14:57:41 OK    User=964  MappedId=964  Time=2026-03-09 14:43:56  LogType=IN  DevId=8  Result=ok
2026-03-09 14:57:59 OK    User=1067  MappedId=1067  Time=2026-03-09 14:44:03  LogType=IN  DevId=8  Result=ok
2026-03-09 14:58:17 OK    User=983  MappedId=983  Time=2026-03-09 14:44:07  LogType=IN  DevId=8  Result=ok
2026-03-09 14:58:33 OK    User=1143  MappedId=1143  Time=2026-03-09 14:44:23  LogType=IN  DevId=8  Result=ok
2026-03-09 14:59:04 FAIL  User=747  MappedId=747  Time=2026-03-09 14:45:03  LogType=IN  DevId=8  Result=error
2026-03-09 14:59:06 OK    User=1066  MappedId=1066  Time=2026-03-09 14:45:46  LogType=IN  DevId=8  Result=ok
2026-03-09 14:59:08 OK    User=1064  MappedId=1064  Time=2026-03-09 14:45:48  LogType=IN  DevId=8  Result=ok
2026-03-09 14:59:10 OK    User=1064  MappedId=1064  Time=2026-03-09 14:45:50  LogType=IN  DevId=8  Result=ok
2026-03-09 14:59:12 OK    User=1061  MappedId=1061  Time=2026-03-09 14:45:53  LogType=IN  DevId=8  Result=ok
2026-03-09 14:59:13 OK    User=1061  MappedId=1061  Time=2026-03-09 14:45:56  LogType=IN  DevId=8  Result=ok
2026-03-09 14:59:15 OK    User=1061  MappedId=1061  Time=2026-03-09 14:45:58  LogType=IN  DevId=8  Result=ok
2026-03-09 14:59:17 OK    User=1148  MappedId=1148  Time=2026-03-09 14:46:05  LogType=IN  DevId=8  Result=ok
2026-03-09 14:59:19 OK    User=1148  MappedId=1148  Time=2026-03-09 14:46:06  LogType=IN  DevId=8  Result=ok
2026-03-09 14:59:39 OK    User=961  MappedId=961  Time=2026-03-09 14:46:33  LogType=IN  DevId=8  Result=ok
2026-03-09 14:59:57 OK    User=961  MappedId=961  Time=2026-03-09 14:46:34  LogType=IN  DevId=8  Result=ok
2026-03-09 15:00:15 OK    User=968  MappedId=968  Time=2026-03-09 14:47:40  LogType=IN  DevId=8  Result=ok
2026-03-09 15:00:33 OK    User=968  MappedId=968  Time=2026-03-09 14:47:44  LogType=IN  DevId=8  Result=ok
2026-03-09 15:00:51 OK    User=968  MappedId=968  Time=2026-03-09 14:47:49  LogType=IN  DevId=8  Result=ok
2026-03-09 15:01:09 OK    User=861  MappedId=861  Time=2026-03-09 14:47:55  LogType=IN  DevId=8  Result=ok
2026-03-09 15:01:27 OK    User=861  MappedId=861  Time=2026-03-09 14:48:01  LogType=IN  DevId=8  Result=ok
2026-03-09 15:01:45 OK    User=490  MappedId=SS00490  Time=2026-03-09 14:48:10  LogType=IN  DevId=8  Result=ok
2026-03-09 15:02:03 OK    User=484  MappedId=SS00484  Time=2026-03-09 14:48:15  LogType=IN  DevId=8  Result=ok
2026-03-09 15:02:21 OK    User=484  MappedId=SS00484  Time=2026-03-09 14:48:20  LogType=IN  DevId=8  Result=ok
2026-03-09 15:02:23 OK    User=888  MappedId=888  Time=2026-03-09 14:48:35  LogType=IN  DevId=8  Result=ok
2026-03-09 15:02:41 OK    User=1059  MappedId=1059  Time=2026-03-09 14:48:41  LogType=IN  DevId=8  Result=ok
2026-03-09 15:02:43 OK    User=1163  MappedId=1163  Time=2026-03-09 14:48:51  LogType=IN  DevId=8  Result=ok
2026-03-09 15:02:44 OK    User=1163  MappedId=1163  Time=2026-03-09 14:48:52  LogType=IN  DevId=8  Result=ok
2026-03-09 15:03:03 OK    User=781  MappedId=781  Time=2026-03-09 14:50:34  LogType=IN  DevId=8  Result=ok
2026-03-09 15:03:21 OK    User=781  MappedId=781  Time=2026-03-09 14:50:36  LogType=IN  DevId=8  Result=ok
2026-03-09 15:03:39 OK    User=1002  MappedId=1002  Time=2026-03-09 14:50:57  LogType=IN  DevId=8  Result=ok
2026-03-09 15:03:57 OK    User=1002  MappedId=1002  Time=2026-03-09 14:50:59  LogType=IN  DevId=8  Result=ok
2026-03-09 15:04:15 OK    User=1037  MappedId=1037  Time=2026-03-09 14:51:03  LogType=IN  DevId=8  Result=ok
2026-03-09 15:04:33 OK    User=1037  MappedId=1037  Time=2026-03-09 14:51:07  LogType=IN  DevId=8  Result=ok
2026-03-09 15:05:04 FAIL  User=1097  MappedId=1097  Time=2026-03-09 14:51:13  LogType=IN  DevId=8  Result=error
2026-03-09 15:05:22 OK    User=980  MappedId=980  Time=2026-03-09 14:51:22  LogType=IN  DevId=8  Result=ok
2026-03-09 15:05:53 FAIL  User=980  MappedId=980  Time=2026-03-09 14:51:24  LogType=IN  DevId=8  Result=error
2026-03-09 15:06:11 OK    User=1057  MappedId=1057  Time=2026-03-09 14:51:25  LogType=IN  DevId=8  Result=ok
2026-03-09 15:06:42 FAIL  User=1057  MappedId=1057  Time=2026-03-09 14:51:27  LogType=IN  DevId=8  Result=error
2026-03-09 15:07:00 OK    User=1192  MappedId=1192  Time=2026-03-09 14:51:35  LogType=IN  DevId=8  Result=ok
2026-03-09 15:07:02 OK    User=1192  MappedId=1192  Time=2026-03-09 14:51:39  LogType=IN  DevId=8  Result=ok
2026-03-09 15:07:20 OK    User=1100  MappedId=1100  Time=2026-03-09 14:51:41  LogType=IN  DevId=8  Result=ok
2026-03-09 15:07:37 OK    User=1044  MappedId=1044  Time=2026-03-09 14:51:51  LogType=IN  DevId=8  Result=ok
2026-03-09 15:07:53 OK    User=1044  MappedId=1044  Time=2026-03-09 14:51:53  LogType=IN  DevId=8  Result=ok
2026-03-09 15:08:11 OK    User=1100  MappedId=1100  Time=2026-03-09 14:51:54  LogType=IN  DevId=8  Result=ok
2026-03-09 15:08:43 FAIL  User=1100  MappedId=1100  Time=2026-03-09 14:52:04  LogType=IN  DevId=8  Result=error
2026-03-09 15:09:14 FAIL  User=825  MappedId=825  Time=2026-03-09 14:52:15  LogType=IN  DevId=8  Result=error
2026-03-09 15:09:35 OK    User=825  MappedId=825  Time=2026-03-09 14:52:16  LogType=IN  DevId=8  Result=ok
2026-03-09 15:09:53 OK    User=999  MappedId=999  Time=2026-03-09 14:52:19  LogType=IN  DevId=8  Result=ok
2026-03-09 15:10:11 OK    User=999  MappedId=999  Time=2026-03-09 14:52:22  LogType=IN  DevId=8  Result=ok
2026-03-09 15:10:42 FAIL  User=999  MappedId=999  Time=2026-03-09 14:52:24  LogType=IN  DevId=8  Result=error
2026-03-09 15:10:45 OK    User=1196  MappedId=1196  Time=2026-03-09 14:52:29  LogType=IN  DevId=8  Result=ok
2026-03-09 15:10:47 OK    User=1150  MappedId=1150  Time=2026-03-09 14:52:33  LogType=IN  DevId=8  Result=ok
2026-03-09 15:10:49 OK    User=1150  MappedId=1150  Time=2026-03-09 14:52:34  LogType=IN  DevId=8  Result=ok
2026-03-09 15:11:07 OK    User=976  MappedId=976  Time=2026-03-09 14:53:57  LogType=IN  DevId=8  Result=ok
2026-03-09 15:11:25 OK    User=795  MappedId=795  Time=2026-03-09 14:55:00  LogType=IN  DevId=8  Result=ok
2026-03-09 15:11:43 OK    User=721  MappedId=SS00721  Time=2026-03-09 14:55:05  LogType=IN  DevId=8  Result=ok
2026-03-09 15:12:14 FAIL  User=721  MappedId=SS00721  Time=2026-03-09 14:55:06  LogType=IN  DevId=8  Result=error
2026-03-09 15:12:46 FAIL  User=931  MappedId=931  Time=2026-03-09 14:55:14  LogType=IN  DevId=8  Result=error
2026-03-09 15:12:49 OK    User=1159  MappedId=1159  Time=2026-03-09 14:56:12  LogType=IN  DevId=8  Result=ok
2026-03-09 15:12:51 OK    User=1070  MappedId=1070  Time=2026-03-09 14:56:16  LogType=IN  DevId=8  Result=ok
2026-03-09 15:12:53 OK    User=1070  MappedId=1070  Time=2026-03-09 14:56:26  LogType=IN  DevId=8  Result=ok
2026-03-09 15:13:11 OK    User=1023  MappedId=1023  Time=2026-03-09 14:56:35  LogType=IN  DevId=8  Result=ok
2026-03-09 15:13:29 OK    User=1023  MappedId=1023  Time=2026-03-09 14:56:36  LogType=IN  DevId=8  Result=ok
2026-03-09 15:14:34 SKIP  User=7  Time=2026-03-09 08:28:30  Reason=no_employee
2026-03-09 15:14:34 SKIP  User=588  Time=2026-03-09 09:50:55  Reason=no_employee
2026-03-09 15:14:34 SKIP  User=588  Time=2026-03-09 09:50:57  Reason=no_employee
2026-03-09 15:14:34 SKIP  User=588  Time=2026-03-09 10:43:11  Reason=no_employee
2026-03-09 15:14:34 SKIP  User=7  Time=2026-03-09 11:26:47  Reason=no_employee
2026-03-09 15:14:34 SKIP  User=588  Time=2026-03-09 11:54:54  Reason=no_employee
2026-03-09 15:14:34 SKIP  User=7  Time=2026-03-09 12:24:31  Reason=no_employee
2026-03-09 15:14:34 SKIP  User=7  Time=2026-03-09 12:38:35  Reason=no_employee
2026-03-09 15:14:34 SKIP  User=7  Time=2026-03-09 14:11:24  Reason=no_employee
2026-03-09 15:14:34 SKIP  User=7  Time=2026-03-09 14:11:38  Reason=no_employee
2026-03-09 15:14:34 SKIP  User=7  Time=2026-03-09 14:11:44  Reason=no_employee
2026-03-09 15:14:35 OK    User=747  MappedId=747  Time=2026-03-09 14:45:03  LogType=IN  DevId=8  Result=duplicate
2026-03-09 15:14:37 OK    User=1097  MappedId=1097  Time=2026-03-09 14:51:13  LogType=IN  DevId=8  Result=duplicate
2026-03-09 15:14:38 OK    User=980  MappedId=980  Time=2026-03-09 14:51:24  LogType=IN  DevId=8  Result=duplicate
2026-03-09 15:14:40 OK    User=1057  MappedId=1057  Time=2026-03-09 14:51:27  LogType=IN  DevId=8  Result=duplicate
2026-03-09 15:14:42 OK    User=1100  MappedId=1100  Time=2026-03-09 14:52:04  LogType=IN  DevId=8  Result=duplicate
2026-03-09 15:14:44 OK    User=825  MappedId=825  Time=2026-03-09 14:52:15  LogType=IN  DevId=8  Result=duplicate
2026-03-09 15:14:46 OK    User=999  MappedId=999  Time=2026-03-09 14:52:24  LogType=IN  DevId=8  Result=duplicate
2026-03-09 15:14:47 OK    User=721  MappedId=SS00721  Time=2026-03-09 14:55:06  LogType=IN  DevId=8  Result=duplicate
2026-03-09 15:14:49 OK    User=931  MappedId=931  Time=2026-03-09 14:55:14  LogType=IN  DevId=8  Result=duplicate
2026-03-09 15:15:07 OK    User=1062  MappedId=1062  Time=2026-03-09 14:56:51  LogType=IN  DevId=8  Result=ok
2026-03-09 15:15:09 OK    User=1199  MappedId=1199  Time=2026-03-09 14:56:54  LogType=IN  DevId=8  Result=ok
2026-03-09 15:15:10 OK    User=1199  MappedId=1199  Time=2026-03-09 14:57:06  LogType=IN  DevId=8  Result=ok
2026-03-09 15:15:12 OK    User=1083  MappedId=1083  Time=2026-03-09 14:57:24  LogType=IN  DevId=8  Result=ok
2026-03-09 15:15:14 OK    User=1022  MappedId=1022  Time=2026-03-09 14:57:58  LogType=IN  DevId=8  Result=ok
2026-03-09 15:15:16 OK    User=1022  MappedId=1022  Time=2026-03-09 14:57:59  LogType=IN  DevId=8  Result=ok
2026-03-09 15:15:35 OK    User=1103  MappedId=1103  Time=2026-03-09 14:58:45  LogType=IN  DevId=8  Result=ok
2026-03-09 15:15:52 OK    User=1089  MappedId=1089  Time=2026-03-09 14:58:49  LogType=IN  DevId=8  Result=ok
2026-03-09 15:16:24 FAIL  User=1089  MappedId=1089  Time=2026-03-09 14:58:55  LogType=IN  DevId=8  Result=error
2026-03-09 15:16:26 OK    User=1191  MappedId=1191  Time=2026-03-09 14:59:02  LogType=IN  DevId=8  Result=ok
2026-03-09 15:16:44 OK    User=954  MappedId=954  Time=2026-03-09 14:59:16  LogType=IN  DevId=8  Result=ok
2026-03-09 15:17:02 OK    User=954  MappedId=954  Time=2026-03-09 14:59:18  LogType=IN  DevId=8  Result=ok
2026-03-09 15:17:04 OK    User=1092  MappedId=1092  Time=2026-03-09 14:59:21  LogType=IN  DevId=8  Result=ok
2026-03-09 15:17:05 OK    User=1153  MappedId=1153  Time=2026-03-09 14:59:25  LogType=IN  DevId=8  Result=ok
2026-03-09 15:17:24 OK    User=937  MappedId=937  Time=2026-03-09 14:59:28  LogType=IN  DevId=8  Result=ok
2026-03-09 15:17:26 OK    User=1153  MappedId=1153  Time=2026-03-09 14:59:30  LogType=IN  DevId=8  Result=ok
2026-03-09 15:17:45 OK    User=937  MappedId=937  Time=2026-03-09 14:59:35  LogType=IN  DevId=8  Result=ok
2026-03-09 15:18:03 OK    User=1065  MappedId=1065  Time=2026-03-09 14:59:52  LogType=IN  DevId=8  Result=ok
2026-03-09 15:18:21 OK    User=1065  MappedId=1065  Time=2026-03-09 14:59:56  LogType=IN  DevId=8  Result=ok
2026-03-09 15:18:52 FAIL  User=1151  MappedId=1151  Time=2026-03-09 15:00:00  LogType=IN  DevId=8  Result=error
2026-03-09 15:19:23 FAIL  User=1065  MappedId=1065  Time=2026-03-09 15:00:01  LogType=IN  DevId=8  Result=error
2026-03-09 15:19:54 FAIL  User=1151  MappedId=1151  Time=2026-03-09 15:00:05  LogType=IN  DevId=8  Result=error
2026-03-09 15:20:26 FAIL  User=1151  MappedId=1151  Time=2026-03-09 15:00:07  LogType=IN  DevId=8  Result=error
2026-03-09 15:20:57 FAIL  User=970  MappedId=970  Time=2026-03-09 15:00:12  LogType=IN  DevId=8  Result=error
2026-03-09 15:21:28 FAIL  User=970  MappedId=970  Time=2026-03-09 15:00:13  LogType=IN  DevId=8  Result=error
2026-03-09 15:21:51 OK    User=1093  MappedId=1093  Time=2026-03-09 15:00:25  LogType=IN  DevId=8  Result=ok
2026-03-09 15:21:53 OK    User=1115  MappedId=1115  Time=2026-03-09 15:00:34  LogType=IN  DevId=8  Result=ok
2026-03-09 15:21:55 OK    User=1115  MappedId=1115  Time=2026-03-09 15:00:35  LogType=IN  DevId=8  Result=ok
2026-03-09 15:22:14 OK    User=1134  MappedId=1134  Time=2026-03-09 15:00:39  LogType=IN  DevId=8  Result=ok
2026-03-09 15:22:16 OK    User=1134  MappedId=1134  Time=2026-03-09 15:00:43  LogType=IN  DevId=8  Result=ok
2026-03-09 15:22:17 OK    User=1126  MappedId=1126  Time=2026-03-09 15:00:50  LogType=IN  DevId=8  Result=ok
2026-03-09 15:22:19 OK    User=1126  MappedId=1126  Time=2026-03-09 15:00:51  LogType=IN  DevId=8  Result=ok
2026-03-09 15:22:21 OK    User=1126  MappedId=1126  Time=2026-03-09 15:00:54  LogType=IN  DevId=8  Result=ok
2026-03-09 15:22:40 OK    User=191  MappedId=SS00191  Time=2026-03-09 15:02:08  LogType=IN  DevId=8  Result=ok
2026-03-09 15:22:58 OK    User=300  MappedId=SS00300  Time=2026-03-09 15:02:15  LogType=IN  DevId=8  Result=ok
2026-03-09 15:23:15 OK    User=300  MappedId=SS00300  Time=2026-03-09 15:02:21  LogType=IN  DevId=8  Result=ok
2026-03-09 15:23:33 OK    User=952  MappedId=952  Time=2026-03-09 15:02:23  LogType=IN  DevId=8  Result=ok
2026-03-09 15:23:51 OK    User=952  MappedId=952  Time=2026-03-09 15:02:25  LogType=IN  DevId=8  Result=ok
2026-03-09 15:24:23 FAIL  User=952  MappedId=952  Time=2026-03-09 15:02:26  LogType=IN  DevId=8  Result=error
2026-03-09 15:24:54 FAIL  User=952  MappedId=952  Time=2026-03-09 15:02:28  LogType=IN  DevId=8  Result=error
2026-03-09 15:25:12 OK    User=1135  MappedId=1135  Time=2026-03-09 15:02:33  LogType=IN  DevId=8  Result=ok
2026-03-09 15:25:14 OK    User=1135  MappedId=1135  Time=2026-03-09 15:02:34  LogType=IN  DevId=8  Result=ok
2026-03-09 15:25:16 OK    User=1139  MappedId=1139  Time=2026-03-09 15:02:36  LogType=IN  DevId=8  Result=ok
2026-03-09 15:25:18 OK    User=1139  MappedId=1139  Time=2026-03-09 15:02:37  LogType=IN  DevId=8  Result=ok
2026-03-09 15:25:36 OK    User=992  MappedId=992  Time=2026-03-09 15:02:41  LogType=IN  DevId=8  Result=ok
2026-03-09 15:25:54 OK    User=992  MappedId=992  Time=2026-03-09 15:02:43  LogType=IN  DevId=8  Result=ok
2026-03-09 15:26:12 OK    User=1116  MappedId=1116  Time=2026-03-09 15:02:56  LogType=IN  DevId=8  Result=ok
2026-03-09 15:26:30 OK    User=1116  MappedId=1116  Time=2026-03-09 15:02:58  LogType=IN  DevId=8  Result=ok
2026-03-09 15:26:48 OK    User=493  MappedId=SS00493  Time=2026-03-09 15:03:27  LogType=IN  DevId=8  Result=ok
2026-03-09 15:27:06 OK    User=493  MappedId=SS00493  Time=2026-03-09 15:03:28  LogType=IN  DevId=8  Result=ok
2026-03-09 15:27:37 FAIL  User=941  MappedId=941  Time=2026-03-09 15:03:35  LogType=IN  DevId=8  Result=error
2026-03-09 15:27:55 OK    User=941  MappedId=941  Time=2026-03-09 15:03:36  LogType=IN  DevId=8  Result=ok
2026-03-09 15:28:12 OK    User=1223  MappedId=1223  Time=2026-03-09 15:04:42  LogType=IN  DevId=8  Result=ok
2026-03-09 15:28:14 OK    User=1223  MappedId=1223  Time=2026-03-09 15:04:44  LogType=IN  DevId=8  Result=ok
2026-03-09 15:28:32 OK    User=796  MappedId=796  Time=2026-03-09 15:05:21  LogType=IN  DevId=8  Result=ok
2026-03-09 15:28:50 OK    User=823  MappedId=823  Time=2026-03-09 15:06:36  LogType=IN  DevId=8  Result=ok
2026-03-09 15:28:51 OK    User=1210  MappedId=1210  Time=2026-03-09 15:06:40  LogType=IN  DevId=8  Result=ok
2026-03-09 15:29:08 OK    User=1210  MappedId=1210  Time=2026-03-09 15:06:42  LogType=IN  DevId=8  Result=ok
2026-03-09 15:29:26 OK    User=1210  MappedId=1210  Time=2026-03-09 15:06:46  LogType=IN  DevId=8  Result=ok
2026-03-09 15:29:43 OK    User=1144  MappedId=1144  Time=2026-03-09 15:06:58  LogType=IN  DevId=8  Result=ok
2026-03-09 15:30:01 OK    User=1166  MappedId=1166  Time=2026-03-09 15:07:21  LogType=IN  DevId=8  Result=ok
2026-03-09 15:30:19 OK    User=1114  MappedId=1114  Time=2026-03-09 15:07:52  LogType=IN  DevId=8  Result=ok
2026-03-09 15:30:37 OK    User=857  MappedId=857  Time=2026-03-09 15:10:54  LogType=IN  DevId=8  Result=ok
2026-03-09 15:30:55 OK    User=857  MappedId=857  Time=2026-03-09 15:10:56  LogType=IN  DevId=8  Result=ok
2026-03-09 15:31:13 OK    User=836  MappedId=836  Time=2026-03-09 15:11:39  LogType=IN  DevId=8  Result=ok
2026-03-09 15:31:31 OK    User=836  MappedId=836  Time=2026-03-09 15:11:40  LogType=IN  DevId=8  Result=ok
2026-03-09 15:31:49 OK    User=933  MappedId=933  Time=2026-03-09 15:11:49  LogType=IN  DevId=8  Result=ok
2026-03-09 15:32:07 OK    User=947  MappedId=947  Time=2026-03-09 15:11:53  LogType=IN  DevId=8  Result=ok
2026-03-09 15:32:25 OK    User=947  MappedId=947  Time=2026-03-09 15:12:03  LogType=IN  DevId=8  Result=ok
2026-03-09 15:32:27 OK    User=1117  MappedId=1117  Time=2026-03-09 15:12:07  LogType=IN  DevId=8  Result=ok
2026-03-09 15:32:29 OK    User=1117  MappedId=1117  Time=2026-03-09 15:12:09  LogType=IN  DevId=8  Result=ok
2026-03-09 15:32:30 OK    User=1117  MappedId=1117  Time=2026-03-09 15:12:14  LogType=IN  DevId=8  Result=ok
2026-03-09 15:32:32 OK    User=1177  MappedId=1177  Time=2026-03-09 15:12:21  LogType=IN  DevId=8  Result=ok
2026-03-09 15:33:39 SKIP  User=7  Time=2026-03-09 08:28:30  Reason=no_employee
2026-03-09 15:33:39 SKIP  User=588  Time=2026-03-09 09:50:55  Reason=no_employee
2026-03-09 15:33:39 SKIP  User=588  Time=2026-03-09 09:50:57  Reason=no_employee
2026-03-09 15:33:39 SKIP  User=588  Time=2026-03-09 10:43:11  Reason=no_employee
2026-03-09 15:33:39 SKIP  User=7  Time=2026-03-09 11:26:47  Reason=no_employee
2026-03-09 15:33:39 SKIP  User=588  Time=2026-03-09 11:54:54  Reason=no_employee
2026-03-09 15:33:39 SKIP  User=7  Time=2026-03-09 12:24:31  Reason=no_employee
2026-03-09 15:33:39 SKIP  User=7  Time=2026-03-09 12:38:35  Reason=no_employee
2026-03-09 15:33:39 SKIP  User=7  Time=2026-03-09 14:11:24  Reason=no_employee
2026-03-09 15:33:39 SKIP  User=7  Time=2026-03-09 14:11:38  Reason=no_employee
2026-03-09 15:33:39 SKIP  User=7  Time=2026-03-09 14:11:44  Reason=no_employee
2026-03-09 15:33:52 OK    User=1089  MappedId=1089  Time=2026-03-09 14:58:55  LogType=IN  DevId=8  Result=duplicate
2026-03-09 15:33:54 OK    User=1151  MappedId=1151  Time=2026-03-09 15:00:00  LogType=IN  DevId=8  Result=duplicate
2026-03-09 15:33:56 OK    User=1065  MappedId=1065  Time=2026-03-09 15:00:01  LogType=IN  DevId=8  Result=duplicate
2026-03-09 15:33:57 OK    User=1151  MappedId=1151  Time=2026-03-09 15:00:05  LogType=IN  DevId=8  Result=duplicate
2026-03-09 15:33:59 OK    User=1151  MappedId=1151  Time=2026-03-09 15:00:07  LogType=IN  DevId=8  Result=duplicate
2026-03-09 15:34:01 OK    User=970  MappedId=970  Time=2026-03-09 15:00:12  LogType=IN  DevId=8  Result=duplicate
2026-03-09 15:34:03 OK    User=970  MappedId=970  Time=2026-03-09 15:00:13  LogType=IN  DevId=8  Result=duplicate
2026-03-09 15:34:04 OK    User=952  MappedId=952  Time=2026-03-09 15:02:26  LogType=IN  DevId=8  Result=duplicate
2026-03-09 15:34:06 OK    User=952  MappedId=952  Time=2026-03-09 15:02:28  LogType=IN  DevId=8  Result=duplicate
2026-03-09 15:34:08 OK    User=941  MappedId=941  Time=2026-03-09 15:03:35  LogType=IN  DevId=8  Result=duplicate
2026-03-09 15:34:10 OK    User=1169  MappedId=1169  Time=2026-03-09 15:14:51  LogType=IN  DevId=8  Result=ok
2026-03-09 15:34:12 OK    User=1169  MappedId=1169  Time=2026-03-09 15:14:53  LogType=IN  DevId=8  Result=ok
2026-03-09 15:34:14 OK    User=1056  MappedId=1056  Time=2026-03-09 15:15:16  LogType=IN  DevId=8  Result=ok
2026-03-09 15:34:32 OK    User=SS00588  MappedId=SS00588  Time=2026-03-09 15:15:18  LogType=IN  DevId=8  Result=ok
2026-03-09 15:34:34 OK    User=1033  MappedId=1033  Time=2026-03-09 15:15:23  LogType=IN  DevId=8  Result=ok
2026-03-09 15:34:52 OK    User=SS00588  MappedId=SS00588  Time=2026-03-09 15:15:26  LogType=IN  DevId=8  Result=ok
2026-03-09 15:35:09 OK    User=911  MappedId=911  Time=2026-03-09 15:15:34  LogType=IN  DevId=8  Result=ok
2026-03-09 15:35:27 OK    User=915  MappedId=915  Time=2026-03-09 15:16:05  LogType=IN  DevId=8  Result=ok
2026-03-09 15:35:45 OK    User=887  MappedId=887  Time=2026-03-09 15:16:28  LogType=IN  DevId=8  Result=ok
2026-03-09 15:36:03 OK    User=887  MappedId=887  Time=2026-03-09 15:16:29  LogType=IN  DevId=8  Result=ok
2026-03-09 15:36:34 FAIL  User=835  MappedId=835  Time=2026-03-09 15:17:34  LogType=IN  DevId=8  Result=error
2026-03-09 15:36:52 OK    User=996  MappedId=996  Time=2026-03-09 15:17:44  LogType=IN  DevId=8  Result=ok
2026-03-09 15:37:11 OK    User=996  MappedId=996  Time=2026-03-09 15:17:45  LogType=IN  DevId=8  Result=ok
2026-03-09 15:37:29 OK    User=1039  MappedId=1039  Time=2026-03-09 15:18:38  LogType=IN  DevId=8  Result=ok
2026-03-09 15:37:31 OK    User=1167  MappedId=1167  Time=2026-03-09 15:18:42  LogType=IN  DevId=8  Result=ok
2026-03-09 15:37:33 OK    User=1167  MappedId=1167  Time=2026-03-09 15:18:47  LogType=IN  DevId=8  Result=ok
2026-03-09 15:37:51 OK    User=788  MappedId=788  Time=2026-03-09 15:19:09  LogType=IN  DevId=8  Result=ok
2026-03-09 15:37:53 OK    User=1224  MappedId=1224  Time=2026-03-09 15:19:19  LogType=IN  DevId=8  Result=ok
2026-03-09 15:37:55 OK    User=1181  MappedId=1181  Time=2026-03-09 15:19:25  LogType=IN  DevId=8  Result=ok
2026-03-09 15:38:14 OK    User=1018  MappedId=1018  Time=2026-03-09 15:20:56  LogType=IN  DevId=8  Result=ok
2026-03-09 15:38:31 OK    User=907  MappedId=907  Time=2026-03-09 15:21:52  LogType=IN  DevId=8  Result=ok
2026-03-09 15:38:33 OK    User=1087  MappedId=1087  Time=2026-03-09 15:21:56  LogType=IN  DevId=8  Result=ok
2026-03-09 15:38:35 OK    User=1087  MappedId=1087  Time=2026-03-09 15:22:01  LogType=IN  DevId=8  Result=ok
2026-03-09 15:38:53 OK    User=880  MappedId=880  Time=2026-03-09 15:22:10  LogType=IN  DevId=8  Result=ok
2026-03-09 15:38:55 OK    User=1217  MappedId=1217  Time=2026-03-09 15:22:12  LogType=IN  DevId=8  Result=ok
2026-03-09 15:38:57 OK    User=1217  MappedId=1217  Time=2026-03-09 15:22:22  LogType=IN  DevId=8  Result=ok
2026-03-09 15:38:59 OK    User=1182  MappedId=1182  Time=2026-03-09 15:23:03  LogType=IN  DevId=8  Result=ok
2026-03-09 15:39:17 OK    User=1065  MappedId=1065  Time=2026-03-09 15:23:42  LogType=IN  DevId=8  Result=ok
2026-03-09 15:39:35 OK    User=629  MappedId=629  Time=2026-03-09 15:24:09  LogType=IN  DevId=8  Result=ok
2026-03-09 15:40:06 FAIL  User=629  MappedId=629  Time=2026-03-09 15:24:10  LogType=IN  DevId=8  Result=error
2026-03-09 15:40:08 OK    User=1212  MappedId=1212  Time=2026-03-09 15:24:13  LogType=IN  DevId=8  Result=ok
2026-03-09 15:40:10 OK    User=1212  MappedId=1212  Time=2026-03-09 15:24:23  LogType=IN  DevId=8  Result=ok
2026-03-09 15:40:28 OK    User=490  MappedId=SS00490  Time=2026-03-09 15:24:51  LogType=IN  DevId=8  Result=ok
2026-03-09 15:40:46 OK    User=720  MappedId=SS00720  Time=2026-03-09 15:26:00  LogType=IN  DevId=8  Result=ok
2026-03-09 15:41:04 OK    User=1073  MappedId=1073  Time=2026-03-09 15:26:04  LogType=IN  DevId=8  Result=ok
2026-03-09 15:41:35 FAIL  User=1073  MappedId=1073  Time=2026-03-09 15:26:12  LogType=IN  DevId=8  Result=error
2026-03-09 15:42:06 FAIL  User=656  MappedId=SS00656  Time=2026-03-09 15:26:16  LogType=IN  DevId=8  Result=error
2026-03-09 15:42:25 OK    User=656  MappedId=SS00656  Time=2026-03-09 15:26:17  LogType=IN  DevId=8  Result=ok
2026-03-09 15:42:43 OK    User=656  MappedId=SS00656  Time=2026-03-09 15:26:28  LogType=IN  DevId=8  Result=ok
2026-03-09 15:42:45 OK    User=1223  MappedId=1223  Time=2026-03-09 15:26:35  LogType=IN  DevId=8  Result=ok
2026-03-09 15:42:47 OK    User=1223  MappedId=1223  Time=2026-03-09 15:26:36  LogType=IN  DevId=8  Result=ok
2026-03-09 15:42:49 OK    User=1185  MappedId=1185  Time=2026-03-09 15:26:46  LogType=IN  DevId=8  Result=ok
2026-03-09 15:43:07 OK    User=1141  MappedId=1141  Time=2026-03-09 15:30:32  LogType=IN  DevId=8  Result=ok
2026-03-09 15:43:09 OK    User=1170  MappedId=1170  Time=2026-03-09 15:30:41  LogType=IN  DevId=8  Result=ok
2026-03-09 15:43:10 OK    User=1170  MappedId=1170  Time=2026-03-09 15:30:42  LogType=IN  DevId=8  Result=ok
2026-03-09 15:43:42 FAIL  User=846  MappedId=846  Time=2026-03-09 15:31:45  LogType=IN  DevId=8  Result=error
2026-03-09 15:44:00 OK    User=846  MappedId=846  Time=2026-03-09 15:31:47  LogType=IN  DevId=8  Result=ok
2026-03-09 15:45:06 SKIP  User=7  Time=2026-03-09 08:28:30  Reason=no_employee
2026-03-09 15:45:06 SKIP  User=588  Time=2026-03-09 09:50:55  Reason=no_employee
2026-03-09 15:45:06 SKIP  User=588  Time=2026-03-09 09:50:57  Reason=no_employee
2026-03-09 15:45:06 SKIP  User=588  Time=2026-03-09 10:43:11  Reason=no_employee
2026-03-09 15:45:06 SKIP  User=7  Time=2026-03-09 11:26:47  Reason=no_employee
2026-03-09 15:45:06 SKIP  User=588  Time=2026-03-09 11:54:54  Reason=no_employee
2026-03-09 15:45:06 SKIP  User=7  Time=2026-03-09 12:24:31  Reason=no_employee
2026-03-09 15:45:06 SKIP  User=7  Time=2026-03-09 12:38:35  Reason=no_employee
2026-03-09 15:45:06 SKIP  User=7  Time=2026-03-09 14:11:24  Reason=no_employee
2026-03-09 15:45:06 SKIP  User=7  Time=2026-03-09 14:11:38  Reason=no_employee
2026-03-09 15:45:06 SKIP  User=7  Time=2026-03-09 14:11:44  Reason=no_employee
2026-03-09 15:45:07 OK    User=835  MappedId=835  Time=2026-03-09 15:17:34  LogType=IN  DevId=8  Result=duplicate
2026-03-09 15:45:09 OK    User=629  MappedId=629  Time=2026-03-09 15:24:10  LogType=IN  DevId=8  Result=duplicate
2026-03-09 15:45:11 OK    User=1073  MappedId=1073  Time=2026-03-09 15:26:12  LogType=IN  DevId=8  Result=duplicate
2026-03-09 15:45:12 OK    User=656  MappedId=SS00656  Time=2026-03-09 15:26:16  LogType=IN  DevId=8  Result=duplicate
2026-03-09 15:45:14 OK    User=846  MappedId=846  Time=2026-03-09 15:31:45  LogType=IN  DevId=8  Result=duplicate
2026-03-09 15:45:32 OK    User=1041  MappedId=1041  Time=2026-03-09 15:33:57  LogType=IN  DevId=8  Result=ok
2026-03-09 15:45:50 OK    User=1041  MappedId=1041  Time=2026-03-09 15:33:58  LogType=IN  DevId=8  Result=ok
2026-03-09 15:46:06 OK    User=978  MappedId=978  Time=2026-03-09 15:35:26  LogType=IN  DevId=8  Result=ok
2026-03-09 15:46:37 FAIL  User=1081  MappedId=1081  Time=2026-03-09 15:36:47  LogType=IN  DevId=8  Result=error
2026-03-09 15:46:55 OK    User=1084  MappedId=1084  Time=2026-03-09 15:38:26  LogType=IN  DevId=8  Result=ok
2026-03-09 15:46:57 OK    User=1198  MappedId=1198  Time=2026-03-09 15:38:31  LogType=IN  DevId=8  Result=ok
2026-03-09 15:46:59 OK    User=1198  MappedId=1198  Time=2026-03-09 15:38:33  LogType=IN  DevId=8  Result=ok
2026-03-09 15:47:01 OK    User=1198  MappedId=1198  Time=2026-03-09 15:38:37  LogType=IN  DevId=8  Result=ok
2026-03-09 15:47:20 OK    User=837  MappedId=837  Time=2026-03-09 15:39:55  LogType=IN  DevId=8  Result=ok
2026-03-09 15:47:37 OK    User=837  MappedId=837  Time=2026-03-09 15:39:57  LogType=IN  DevId=8  Result=ok
2026-03-09 15:47:55 OK    User=484  MappedId=SS00484  Time=2026-03-09 15:42:01  LogType=IN  DevId=8  Result=ok
2026-03-09 15:48:13 OK    User=959  MappedId=959  Time=2026-03-09 15:42:25  LogType=IN  DevId=8  Result=ok
2026-03-09 15:48:31 OK    User=861  MappedId=861  Time=2026-03-09 15:42:31  LogType=IN  DevId=8  Result=ok
2026-03-09 15:48:49 OK    User=861  MappedId=861  Time=2026-03-09 15:42:33  LogType=IN  DevId=8  Result=ok
2026-03-09 15:49:07 OK    User=1166  MappedId=1166  Time=2026-03-09 15:44:08  LogType=IN  DevId=8  Result=ok
2026-03-09 15:49:08 OK    User=1166  MappedId=1166  Time=2026-03-09 15:44:09  LogType=IN  DevId=8  Result=ok
2026-03-09 15:49:26 OK    User=954  MappedId=954  Time=2026-03-09 15:44:32  LogType=IN  DevId=8  Result=ok
2026-03-09 15:49:57 FAIL  User=954  MappedId=954  Time=2026-03-09 15:44:34  LogType=IN  DevId=8  Result=error
2026-03-09 15:51:02 SKIP  User=7  Time=2026-03-09 08:28:30  Reason=no_employee
2026-03-09 15:51:02 SKIP  User=588  Time=2026-03-09 09:50:55  Reason=no_employee
2026-03-09 15:51:02 SKIP  User=588  Time=2026-03-09 09:50:57  Reason=no_employee
2026-03-09 15:51:02 SKIP  User=588  Time=2026-03-09 10:43:11  Reason=no_employee
2026-03-09 15:51:02 SKIP  User=7  Time=2026-03-09 11:26:47  Reason=no_employee
2026-03-09 15:51:02 SKIP  User=588  Time=2026-03-09 11:54:54  Reason=no_employee
2026-03-09 15:51:02 SKIP  User=7  Time=2026-03-09 12:24:31  Reason=no_employee
2026-03-09 15:51:02 SKIP  User=7  Time=2026-03-09 12:38:35  Reason=no_employee
2026-03-09 15:51:02 SKIP  User=7  Time=2026-03-09 14:11:24  Reason=no_employee
2026-03-09 15:51:02 SKIP  User=7  Time=2026-03-09 14:11:38  Reason=no_employee
2026-03-09 15:51:02 SKIP  User=7  Time=2026-03-09 14:11:44  Reason=no_employee
2026-03-09 15:51:05 OK    User=1081  MappedId=1081  Time=2026-03-09 15:36:47  LogType=IN  DevId=8  Result=duplicate
2026-03-09 15:51:23 OK    User=954  MappedId=954  Time=2026-03-09 15:44:34  LogType=IN  DevId=8  Result=duplicate
2026-03-09 15:51:54 FAIL  User=936  MappedId=936  Time=2026-03-09 15:45:51  LogType=IN  DevId=8  Result=error
2026-03-09 15:52:26 FAIL  User=968  MappedId=968  Time=2026-03-09 15:48:17  LogType=IN  DevId=8  Result=error
2026-03-09 15:53:32 SKIP  User=7  Time=2026-03-09 08:28:30  Reason=no_employee
2026-03-09 15:53:32 SKIP  User=588  Time=2026-03-09 09:50:55  Reason=no_employee
2026-03-09 15:53:32 SKIP  User=588  Time=2026-03-09 09:50:57  Reason=no_employee
2026-03-09 15:53:32 SKIP  User=588  Time=2026-03-09 10:43:11  Reason=no_employee
2026-03-09 15:53:32 SKIP  User=7  Time=2026-03-09 11:26:47  Reason=no_employee
2026-03-09 15:53:32 SKIP  User=588  Time=2026-03-09 11:54:54  Reason=no_employee
2026-03-09 15:53:32 SKIP  User=7  Time=2026-03-09 12:24:31  Reason=no_employee
2026-03-09 15:53:32 SKIP  User=7  Time=2026-03-09 12:38:35  Reason=no_employee
2026-03-09 15:53:32 SKIP  User=7  Time=2026-03-09 14:11:24  Reason=no_employee
2026-03-09 15:53:32 SKIP  User=7  Time=2026-03-09 14:11:38  Reason=no_employee
2026-03-09 15:53:32 SKIP  User=7  Time=2026-03-09 14:11:44  Reason=no_employee
2026-03-09 15:53:37 OK    User=936  MappedId=936  Time=2026-03-09 15:45:51  LogType=IN  DevId=8  Result=duplicate
2026-03-09 15:53:55 OK    User=968  MappedId=968  Time=2026-03-09 15:48:17  LogType=IN  DevId=8  Result=duplicate
2026-03-09 15:54:13 OK    User=1001  MappedId=1001  Time=2026-03-09 15:52:34  LogType=IN  DevId=8  Result=ok
2026-03-09 15:54:45 FAIL  User=1001  MappedId=1001  Time=2026-03-09 15:52:35  LogType=IN  DevId=8  Result=error
2026-03-09 15:55:03 OK    User=944  MappedId=944  Time=2026-03-09 15:52:41  LogType=IN  DevId=8  Result=ok
2026-03-09 15:55:21 OK    User=879  MappedId=879  Time=2026-03-09 15:52:45  LogType=IN  DevId=8  Result=ok
2026-03-09 15:55:38 OK    User=879  MappedId=879  Time=2026-03-09 15:52:47  LogType=IN  DevId=8  Result=ok
2026-03-09 15:55:56 OK    User=879  MappedId=879  Time=2026-03-09 15:52:59  LogType=IN  DevId=8  Result=ok
2026-03-09 15:56:28 FAIL  User=879  MappedId=879  Time=2026-03-09 15:53:04  LogType=IN  DevId=8  Result=error
2026-03-09 15:56:59 FAIL  User=879  MappedId=879  Time=2026-03-09 15:53:06  LogType=IN  DevId=8  Result=error
2026-03-09 15:58:05 SKIP  User=7  Time=2026-03-09 08:28:30  Reason=no_employee
2026-03-09 15:58:05 SKIP  User=588  Time=2026-03-09 09:50:55  Reason=no_employee
2026-03-09 15:58:05 SKIP  User=588  Time=2026-03-09 09:50:57  Reason=no_employee
2026-03-09 15:58:05 SKIP  User=588  Time=2026-03-09 10:43:11  Reason=no_employee
2026-03-09 15:58:05 SKIP  User=7  Time=2026-03-09 11:26:47  Reason=no_employee
2026-03-09 15:58:05 SKIP  User=588  Time=2026-03-09 11:54:54  Reason=no_employee
2026-03-09 15:58:05 SKIP  User=7  Time=2026-03-09 12:24:31  Reason=no_employee
2026-03-09 15:58:05 SKIP  User=7  Time=2026-03-09 12:38:35  Reason=no_employee
2026-03-09 15:58:05 SKIP  User=7  Time=2026-03-09 14:11:24  Reason=no_employee
2026-03-09 15:58:05 SKIP  User=7  Time=2026-03-09 14:11:38  Reason=no_employee
2026-03-09 15:58:05 SKIP  User=7  Time=2026-03-09 14:11:44  Reason=no_employee
2026-03-09 15:58:06 OK    User=1001  MappedId=1001  Time=2026-03-09 15:52:35  LogType=IN  DevId=8  Result=duplicate
2026-03-09 15:58:08 OK    User=879  MappedId=879  Time=2026-03-09 15:53:04  LogType=IN  DevId=8  Result=duplicate
2026-03-09 15:58:10 OK    User=879  MappedId=879  Time=2026-03-09 15:53:06  LogType=IN  DevId=8  Result=duplicate
2026-03-09 15:58:27 OK    User=835  MappedId=835  Time=2026-03-09 15:54:54  LogType=IN  DevId=8  Result=ok
2026-03-09 15:58:45 OK    User=241  MappedId=SS00241  Time=2026-03-09 15:56:43  LogType=IN  DevId=8  Result=ok
2026-03-09 15:59:51 SKIP  User=7  Time=2026-03-09 08:28:30  Reason=no_employee
2026-03-09 15:59:51 SKIP  User=588  Time=2026-03-09 09:50:55  Reason=no_employee
2026-03-09 15:59:51 SKIP  User=588  Time=2026-03-09 09:50:57  Reason=no_employee
2026-03-09 15:59:51 SKIP  User=588  Time=2026-03-09 10:43:11  Reason=no_employee
2026-03-09 15:59:51 SKIP  User=7  Time=2026-03-09 11:26:47  Reason=no_employee
2026-03-09 15:59:51 SKIP  User=588  Time=2026-03-09 11:54:54  Reason=no_employee
2026-03-09 15:59:51 SKIP  User=7  Time=2026-03-09 12:24:31  Reason=no_employee
2026-03-09 15:59:51 SKIP  User=7  Time=2026-03-09 12:38:35  Reason=no_employee
2026-03-09 15:59:51 SKIP  User=7  Time=2026-03-09 14:11:24  Reason=no_employee
2026-03-09 15:59:51 SKIP  User=7  Time=2026-03-09 14:11:38  Reason=no_employee
2026-03-09 15:59:51 SKIP  User=7  Time=2026-03-09 14:11:44  Reason=no_employee
2026-03-09 16:00:08 OK    User=928  MappedId=928  Time=2026-03-09 15:57:58  LogType=IN  DevId=8  Result=ok
2026-03-09 16:00:39 FAIL  User=928  MappedId=928  Time=2026-03-09 15:57:59  LogType=IN  DevId=8  Result=error
2026-03-09 16:00:58 OK    User=924  MappedId=924  Time=2026-03-09 15:58:08  LogType=IN  DevId=8  Result=ok
2026-03-09 16:02:05 SKIP  User=7  Time=2026-03-09 08:28:30  Reason=no_employee
2026-03-09 16:02:05 SKIP  User=588  Time=2026-03-09 09:50:55  Reason=no_employee
2026-03-09 16:02:05 SKIP  User=588  Time=2026-03-09 09:50:57  Reason=no_employee
2026-03-09 16:02:05 SKIP  User=588  Time=2026-03-09 10:43:11  Reason=no_employee
2026-03-09 16:02:05 SKIP  User=7  Time=2026-03-09 11:26:47  Reason=no_employee
2026-03-09 16:02:05 SKIP  User=588  Time=2026-03-09 11:54:54  Reason=no_employee
2026-03-09 16:02:05 SKIP  User=7  Time=2026-03-09 12:24:31  Reason=no_employee
2026-03-09 16:02:05 SKIP  User=7  Time=2026-03-09 12:38:35  Reason=no_employee
2026-03-09 16:02:05 SKIP  User=7  Time=2026-03-09 14:11:24  Reason=no_employee
2026-03-09 16:02:05 SKIP  User=7  Time=2026-03-09 14:11:38  Reason=no_employee
2026-03-09 16:02:05 SKIP  User=7  Time=2026-03-09 14:11:44  Reason=no_employee
2026-03-09 16:02:22 OK    User=928  MappedId=928  Time=2026-03-09 15:57:59  LogType=IN  DevId=8  Result=duplicate
2026-03-09 16:02:53 FAIL  User=1151  MappedId=1151  Time=2026-03-09 16:01:36  LogType=IN  DevId=8  Result=error
2026-03-09 16:03:59 SKIP  User=7  Time=2026-03-09 08:28:30  Reason=no_employee
2026-03-09 16:03:59 SKIP  User=588  Time=2026-03-09 09:50:55  Reason=no_employee
2026-03-09 16:03:59 SKIP  User=588  Time=2026-03-09 09:50:57  Reason=no_employee
2026-03-09 16:03:59 SKIP  User=588  Time=2026-03-09 10:43:11  Reason=no_employee
2026-03-09 16:03:59 SKIP  User=7  Time=2026-03-09 11:26:47  Reason=no_employee
2026-03-09 16:03:59 SKIP  User=588  Time=2026-03-09 11:54:54  Reason=no_employee
2026-03-09 16:03:59 SKIP  User=7  Time=2026-03-09 12:24:31  Reason=no_employee
2026-03-09 16:03:59 SKIP  User=7  Time=2026-03-09 12:38:35  Reason=no_employee
2026-03-09 16:03:59 SKIP  User=7  Time=2026-03-09 14:11:24  Reason=no_employee
2026-03-09 16:03:59 SKIP  User=7  Time=2026-03-09 14:11:38  Reason=no_employee
2026-03-09 16:03:59 SKIP  User=7  Time=2026-03-09 14:11:44  Reason=no_employee
2026-03-09 16:04:00 OK    User=1151  MappedId=1151  Time=2026-03-09 16:01:36  LogType=IN  DevId=8  Result=duplicate
2026-03-09 16:04:18 OK    User=721  MappedId=SS00721  Time=2026-03-09 16:02:47  LogType=IN  DevId=8  Result=ok
2026-03-09 16:04:36 OK    User=721  MappedId=SS00721  Time=2026-03-09 16:02:48  LogType=IN  DevId=8  Result=ok
2026-03-09 16:05:42 SKIP  User=7  Time=2026-03-09 08:28:30  Reason=no_employee
2026-03-09 16:05:42 SKIP  User=588  Time=2026-03-09 09:50:55  Reason=no_employee
2026-03-09 16:05:42 SKIP  User=588  Time=2026-03-09 09:50:57  Reason=no_employee
2026-03-09 16:05:42 SKIP  User=588  Time=2026-03-09 10:43:11  Reason=no_employee
2026-03-09 16:05:42 SKIP  User=7  Time=2026-03-09 11:26:47  Reason=no_employee
2026-03-09 16:05:42 SKIP  User=588  Time=2026-03-09 11:54:54  Reason=no_employee
2026-03-09 16:05:42 SKIP  User=7  Time=2026-03-09 12:24:31  Reason=no_employee
2026-03-09 16:05:42 SKIP  User=7  Time=2026-03-09 12:38:35  Reason=no_employee
2026-03-09 16:05:42 SKIP  User=7  Time=2026-03-09 14:11:24  Reason=no_employee
2026-03-09 16:05:42 SKIP  User=7  Time=2026-03-09 14:11:38  Reason=no_employee
2026-03-09 16:05:42 SKIP  User=7  Time=2026-03-09 14:11:44  Reason=no_employee
2026-03-09 16:05:43 OK    User=1167  MappedId=1167  Time=2026-03-09 16:04:11  LogType=IN  DevId=8  Result=ok
2026-03-09 16:05:44 OK    User=1226  MappedId=1226  Time=2026-03-09 16:04:34  LogType=IN  DevId=8  Result=ok
2026-03-09 16:05:47 OK    User=1226  MappedId=1226  Time=2026-03-09 16:04:36  LogType=IN  DevId=8  Result=ok
2026-03-09 16:06:05 OK    User=937  MappedId=937  Time=2026-03-09 16:04:50  LogType=IN  DevId=8  Result=ok
2026-03-09 16:07:10 SKIP  User=7  Time=2026-03-09 08:28:30  Reason=no_employee
2026-03-09 16:07:10 SKIP  User=588  Time=2026-03-09 09:50:55  Reason=no_employee
2026-03-09 16:07:10 SKIP  User=588  Time=2026-03-09 09:50:57  Reason=no_employee
2026-03-09 16:07:10 SKIP  User=588  Time=2026-03-09 10:43:11  Reason=no_employee
2026-03-09 16:07:10 SKIP  User=7  Time=2026-03-09 11:26:47  Reason=no_employee
2026-03-09 16:07:10 SKIP  User=588  Time=2026-03-09 11:54:54  Reason=no_employee
2026-03-09 16:07:10 SKIP  User=7  Time=2026-03-09 12:24:31  Reason=no_employee
2026-03-09 16:07:10 SKIP  User=7  Time=2026-03-09 12:38:35  Reason=no_employee
2026-03-09 16:07:10 SKIP  User=7  Time=2026-03-09 14:11:24  Reason=no_employee
2026-03-09 16:07:10 SKIP  User=7  Time=2026-03-09 14:11:38  Reason=no_employee
2026-03-09 16:07:10 SKIP  User=7  Time=2026-03-09 14:11:44  Reason=no_employee
2026-03-09 16:07:35 OK    User=947  MappedId=947  Time=2026-03-09 16:05:32  LogType=IN  DevId=8  Result=ok
2026-03-09 16:08:06 FAIL  User=943  MappedId=943  Time=2026-03-09 16:05:43  LogType=IN  DevId=8  Result=error
2026-03-09 16:08:24 OK    User=943  MappedId=943  Time=2026-03-09 16:05:45  LogType=IN  DevId=8  Result=ok
2026-03-09 16:09:30 SKIP  User=7  Time=2026-03-09 08:28:30  Reason=no_employee
2026-03-09 16:09:30 SKIP  User=588  Time=2026-03-09 09:50:55  Reason=no_employee
2026-03-09 16:09:30 SKIP  User=588  Time=2026-03-09 09:50:57  Reason=no_employee
2026-03-09 16:09:30 SKIP  User=588  Time=2026-03-09 10:43:11  Reason=no_employee
2026-03-09 16:09:30 SKIP  User=7  Time=2026-03-09 11:26:47  Reason=no_employee
2026-03-09 16:09:30 SKIP  User=588  Time=2026-03-09 11:54:54  Reason=no_employee
2026-03-09 16:09:30 SKIP  User=7  Time=2026-03-09 12:24:31  Reason=no_employee
2026-03-09 16:09:30 SKIP  User=7  Time=2026-03-09 12:38:35  Reason=no_employee
2026-03-09 16:09:30 SKIP  User=7  Time=2026-03-09 14:11:24  Reason=no_employee
2026-03-09 16:09:30 SKIP  User=7  Time=2026-03-09 14:11:38  Reason=no_employee
2026-03-09 16:09:30 SKIP  User=7  Time=2026-03-09 14:11:44  Reason=no_employee
2026-03-09 16:09:30 OK    User=943  MappedId=943  Time=2026-03-09 16:05:43  LogType=IN  DevId=8  Result=duplicate
2026-03-09 16:09:48 OK    User=21  MappedId=SS0021  Time=2026-03-09 16:07:24  LogType=IN  DevId=8  Result=ok
2026-03-09 16:10:19 FAIL  User=21  MappedId=SS0021  Time=2026-03-09 16:07:26  LogType=IN  DevId=8  Result=error
2026-03-09 16:10:36 OK    User=1068  MappedId=1068  Time=2026-03-09 16:07:30  LogType=IN  DevId=8  Result=ok
2026-03-09 16:10:37 OK    User=1068  MappedId=1068  Time=2026-03-09 16:07:31  LogType=IN  DevId=8  Result=ok
2026-03-09 16:10:39 OK    User=1176  MappedId=1176  Time=2026-03-09 16:08:59  LogType=IN  DevId=8  Result=ok
2026-03-09 16:11:45 SKIP  User=7  Time=2026-03-09 08:28:30  Reason=no_employee
2026-03-09 16:11:45 SKIP  User=588  Time=2026-03-09 09:50:55  Reason=no_employee
2026-03-09 16:11:45 SKIP  User=588  Time=2026-03-09 09:50:57  Reason=no_employee
2026-03-09 16:11:45 SKIP  User=588  Time=2026-03-09 10:43:11  Reason=no_employee
2026-03-09 16:11:45 SKIP  User=7  Time=2026-03-09 11:26:47  Reason=no_employee
2026-03-09 16:11:45 SKIP  User=588  Time=2026-03-09 11:54:54  Reason=no_employee
2026-03-09 16:11:45 SKIP  User=7  Time=2026-03-09 12:24:31  Reason=no_employee
2026-03-09 16:11:45 SKIP  User=7  Time=2026-03-09 12:38:35  Reason=no_employee
2026-03-09 16:11:45 SKIP  User=7  Time=2026-03-09 14:11:24  Reason=no_employee
2026-03-09 16:11:45 SKIP  User=7  Time=2026-03-09 14:11:38  Reason=no_employee
2026-03-09 16:11:45 SKIP  User=7  Time=2026-03-09 14:11:44  Reason=no_employee
2026-03-09 16:11:46 OK    User=21  MappedId=SS0021  Time=2026-03-09 16:07:26  LogType=IN  DevId=8  Result=duplicate
2026-03-09 16:11:48 OK    User=1190  MappedId=1190  Time=2026-03-09 16:09:31  LogType=IN  DevId=8  Result=ok
2026-03-09 16:11:50 OK    User=1190  MappedId=1190  Time=2026-03-09 16:09:33  LogType=IN  DevId=8  Result=ok
2026-03-09 16:11:52 OK    User=1161  MappedId=1161  Time=2026-03-09 16:09:53  LogType=IN  DevId=8  Result=ok
2026-03-09 16:11:54 OK    User=1144  MappedId=1144  Time=2026-03-09 16:10:15  LogType=IN  DevId=8  Result=ok
2026-03-09 16:11:56 OK    User=1220  MappedId=1220  Time=2026-03-09 16:10:53  LogType=IN  DevId=8  Result=ok
2026-03-09 16:11:57 OK    User=1220  MappedId=1220  Time=2026-03-09 16:10:53  LogType=IN  DevId=8  Result=duplicate
2026-03-09 16:11:59 OK    User=1220  MappedId=1220  Time=2026-03-09 16:10:55  LogType=IN  DevId=8  Result=ok
2026-03-09 16:12:01 OK    User=1087  MappedId=1087  Time=2026-03-09 16:11:28  LogType=IN  DevId=8  Result=ok
2026-03-09 16:12:03 OK    User=1087  MappedId=1087  Time=2026-03-09 16:11:29  LogType=IN  DevId=8  Result=ok
2026-03-09 16:12:20 OK    User=1100  MappedId=1100  Time=2026-03-09 16:11:33  LogType=IN  DevId=8  Result=ok
2026-03-09 16:13:27 SKIP  User=7  Time=2026-03-09 08:28:30  Reason=no_employee
2026-03-09 16:13:27 SKIP  User=588  Time=2026-03-09 09:50:55  Reason=no_employee
2026-03-09 16:13:27 SKIP  User=588  Time=2026-03-09 09:50:57  Reason=no_employee
2026-03-09 16:13:27 SKIP  User=588  Time=2026-03-09 10:43:11  Reason=no_employee
2026-03-09 16:13:27 SKIP  User=7  Time=2026-03-09 11:26:47  Reason=no_employee
2026-03-09 16:13:27 SKIP  User=588  Time=2026-03-09 11:54:54  Reason=no_employee
2026-03-09 16:13:27 SKIP  User=7  Time=2026-03-09 12:24:31  Reason=no_employee
2026-03-09 16:13:27 SKIP  User=7  Time=2026-03-09 12:38:35  Reason=no_employee
2026-03-09 16:13:27 SKIP  User=7  Time=2026-03-09 14:11:24  Reason=no_employee
2026-03-09 16:13:27 SKIP  User=7  Time=2026-03-09 14:11:38  Reason=no_employee
2026-03-09 16:13:27 SKIP  User=7  Time=2026-03-09 14:11:44  Reason=no_employee
2026-03-09 16:13:46 OK    User=1100  MappedId=1100  Time=2026-03-09 16:11:34  LogType=IN  DevId=8  Result=ok
2026-03-09 16:14:17 FAIL  User=1100  MappedId=1100  Time=2026-03-09 16:11:46  LogType=IN  DevId=8  Result=error
2026-03-09 16:14:48 FAIL  User=1100  MappedId=1100  Time=2026-03-09 16:11:47  LogType=IN  DevId=8  Result=error
2026-03-09 16:15:06 OK    User=984  MappedId=984  Time=2026-03-09 16:12:07  LogType=IN  DevId=8  Result=ok
2026-03-09 16:15:37 FAIL  User=984  MappedId=984  Time=2026-03-09 16:12:09  LogType=IN  DevId=8  Result=error
2026-03-09 16:15:53 OK    User=1193  MappedId=1193  Time=2026-03-09 16:12:46  LogType=IN  DevId=8  Result=ok
2026-03-09 16:15:55 OK    User=1193  MappedId=1193  Time=2026-03-09 16:12:48  LogType=IN  DevId=8  Result=ok
2026-03-09 16:17:02 SKIP  User=7  Time=2026-03-09 08:28:30  Reason=no_employee
2026-03-09 16:17:02 SKIP  User=588  Time=2026-03-09 09:50:55  Reason=no_employee
2026-03-09 16:17:02 SKIP  User=588  Time=2026-03-09 09:50:57  Reason=no_employee
2026-03-09 16:17:02 SKIP  User=588  Time=2026-03-09 10:43:11  Reason=no_employee
2026-03-09 16:17:02 SKIP  User=7  Time=2026-03-09 11:26:47  Reason=no_employee
2026-03-09 16:17:02 SKIP  User=588  Time=2026-03-09 11:54:54  Reason=no_employee
2026-03-09 16:17:02 SKIP  User=7  Time=2026-03-09 12:24:31  Reason=no_employee
2026-03-09 16:17:02 SKIP  User=7  Time=2026-03-09 12:38:35  Reason=no_employee
2026-03-09 16:17:02 SKIP  User=7  Time=2026-03-09 14:11:24  Reason=no_employee
2026-03-09 16:17:02 SKIP  User=7  Time=2026-03-09 14:11:38  Reason=no_employee
2026-03-09 16:17:02 SKIP  User=7  Time=2026-03-09 14:11:44  Reason=no_employee
2026-03-09 16:17:17 OK    User=1100  MappedId=1100  Time=2026-03-09 16:11:46  LogType=IN  DevId=8  Result=duplicate
2026-03-09 16:17:19 OK    User=1100  MappedId=1100  Time=2026-03-09 16:11:47  LogType=IN  DevId=8  Result=duplicate
2026-03-09 16:17:21 OK    User=984  MappedId=984  Time=2026-03-09 16:12:09  LogType=IN  DevId=8  Result=duplicate
2026-03-09 16:17:38 OK    User=983  MappedId=983  Time=2026-03-09 16:16:06  LogType=IN  DevId=8  Result=ok
2026-03-09 16:18:45 SKIP  User=7  Time=2026-03-09 08:28:30  Reason=no_employee
2026-03-09 16:18:45 SKIP  User=588  Time=2026-03-09 09:50:55  Reason=no_employee
2026-03-09 16:18:45 SKIP  User=588  Time=2026-03-09 09:50:57  Reason=no_employee
2026-03-09 16:18:45 SKIP  User=588  Time=2026-03-09 10:43:11  Reason=no_employee
2026-03-09 16:18:45 SKIP  User=7  Time=2026-03-09 11:26:47  Reason=no_employee
2026-03-09 16:18:45 SKIP  User=588  Time=2026-03-09 11:54:54  Reason=no_employee
2026-03-09 16:18:45 SKIP  User=7  Time=2026-03-09 12:24:31  Reason=no_employee
2026-03-09 16:18:45 SKIP  User=7  Time=2026-03-09 12:38:35  Reason=no_employee
2026-03-09 16:18:45 SKIP  User=7  Time=2026-03-09 14:11:24  Reason=no_employee
2026-03-09 16:18:45 SKIP  User=7  Time=2026-03-09 14:11:38  Reason=no_employee
2026-03-09 16:18:45 SKIP  User=7  Time=2026-03-09 14:11:44  Reason=no_employee
2026-03-09 16:18:57 OK    User=1135  MappedId=1135  Time=2026-03-09 16:17:01  LogType=IN  DevId=8  Result=ok
2026-03-09 16:18:59 OK    User=1135  MappedId=1135  Time=2026-03-09 16:17:02  LogType=IN  DevId=8  Result=ok
2026-03-09 16:20:05 SKIP  User=7  Time=2026-03-09 08:28:30  Reason=no_employee
2026-03-09 16:20:05 SKIP  User=588  Time=2026-03-09 09:50:55  Reason=no_employee
2026-03-09 16:20:05 SKIP  User=588  Time=2026-03-09 09:50:57  Reason=no_employee
2026-03-09 16:20:05 SKIP  User=588  Time=2026-03-09 10:43:11  Reason=no_employee
2026-03-09 16:20:05 SKIP  User=7  Time=2026-03-09 11:26:47  Reason=no_employee
2026-03-09 16:20:05 SKIP  User=588  Time=2026-03-09 11:54:54  Reason=no_employee
2026-03-09 16:20:05 SKIP  User=7  Time=2026-03-09 12:24:31  Reason=no_employee
2026-03-09 16:20:05 SKIP  User=7  Time=2026-03-09 12:38:35  Reason=no_employee
2026-03-09 16:20:05 SKIP  User=7  Time=2026-03-09 14:11:24  Reason=no_employee
2026-03-09 16:20:05 SKIP  User=7  Time=2026-03-09 14:11:38  Reason=no_employee
2026-03-09 16:20:05 SKIP  User=7  Time=2026-03-09 14:11:44  Reason=no_employee
2026-03-09 16:20:36 FAIL  User=300  MappedId=SS00300  Time=2026-03-09 16:19:17  LogType=IN  DevId=8  Result=error
2026-03-09 16:21:43 SKIP  User=7  Time=2026-03-09 08:28:30  Reason=no_employee
2026-03-09 16:21:43 SKIP  User=588  Time=2026-03-09 09:50:55  Reason=no_employee
2026-03-09 16:21:43 SKIP  User=588  Time=2026-03-09 09:50:57  Reason=no_employee
2026-03-09 16:21:43 SKIP  User=588  Time=2026-03-09 10:43:11  Reason=no_employee
2026-03-09 16:21:43 SKIP  User=7  Time=2026-03-09 11:26:47  Reason=no_employee
2026-03-09 16:21:43 SKIP  User=588  Time=2026-03-09 11:54:54  Reason=no_employee
2026-03-09 16:21:43 SKIP  User=7  Time=2026-03-09 12:24:31  Reason=no_employee
2026-03-09 16:21:43 SKIP  User=7  Time=2026-03-09 12:38:35  Reason=no_employee
2026-03-09 16:21:43 SKIP  User=7  Time=2026-03-09 14:11:24  Reason=no_employee
2026-03-09 16:21:43 SKIP  User=7  Time=2026-03-09 14:11:38  Reason=no_employee
2026-03-09 16:21:43 SKIP  User=7  Time=2026-03-09 14:11:44  Reason=no_employee
2026-03-09 16:21:43 OK    User=300  MappedId=SS00300  Time=2026-03-09 16:19:17  LogType=IN  DevId=8  Result=duplicate
2026-03-09 16:22:04 OK    User=823  MappedId=823  Time=2026-03-09 16:21:17  LogType=IN  DevId=8  Result=ok
2026-03-09 16:23:12 SKIP  User=7  Time=2026-03-09 08:28:30  Reason=no_employee
2026-03-09 16:23:12 SKIP  User=588  Time=2026-03-09 09:50:55  Reason=no_employee
2026-03-09 16:23:12 SKIP  User=588  Time=2026-03-09 09:50:57  Reason=no_employee
2026-03-09 16:23:12 SKIP  User=588  Time=2026-03-09 10:43:11  Reason=no_employee
2026-03-09 16:23:12 SKIP  User=7  Time=2026-03-09 11:26:47  Reason=no_employee
2026-03-09 16:23:12 SKIP  User=588  Time=2026-03-09 11:54:54  Reason=no_employee
2026-03-09 16:23:12 SKIP  User=7  Time=2026-03-09 12:24:31  Reason=no_employee
2026-03-09 16:23:12 SKIP  User=7  Time=2026-03-09 12:38:35  Reason=no_employee
2026-03-09 16:23:12 SKIP  User=7  Time=2026-03-09 14:11:24  Reason=no_employee
2026-03-09 16:23:12 SKIP  User=7  Time=2026-03-09 14:11:38  Reason=no_employee
2026-03-09 16:23:12 SKIP  User=7  Time=2026-03-09 14:11:44  Reason=no_employee
2026-03-09 16:23:28 OK    User=822  MappedId=822  Time=2026-03-09 16:22:21  LogType=IN  DevId=8  Result=ok
2026-03-09 16:24:33 SKIP  User=7  Time=2026-03-09 08:28:30  Reason=no_employee
2026-03-09 16:24:33 SKIP  User=588  Time=2026-03-09 09:50:55  Reason=no_employee
2026-03-09 16:24:33 SKIP  User=588  Time=2026-03-09 09:50:57  Reason=no_employee
2026-03-09 16:24:33 SKIP  User=588  Time=2026-03-09 10:43:11  Reason=no_employee
2026-03-09 16:24:33 SKIP  User=7  Time=2026-03-09 11:26:47  Reason=no_employee
2026-03-09 16:24:33 SKIP  User=588  Time=2026-03-09 11:54:54  Reason=no_employee
2026-03-09 16:24:33 SKIP  User=7  Time=2026-03-09 12:24:31  Reason=no_employee
2026-03-09 16:24:33 SKIP  User=7  Time=2026-03-09 12:38:35  Reason=no_employee
2026-03-09 16:24:33 SKIP  User=7  Time=2026-03-09 14:11:24  Reason=no_employee
2026-03-09 16:24:33 SKIP  User=7  Time=2026-03-09 14:11:38  Reason=no_employee
2026-03-09 16:24:33 SKIP  User=7  Time=2026-03-09 14:11:44  Reason=no_employee
2026-03-09 16:25:39 SKIP  User=7  Time=2026-03-09 08:28:30  Reason=no_employee
2026-03-09 16:25:39 SKIP  User=588  Time=2026-03-09 09:50:55  Reason=no_employee
2026-03-09 16:25:39 SKIP  User=588  Time=2026-03-09 09:50:57  Reason=no_employee
2026-03-09 16:25:39 SKIP  User=588  Time=2026-03-09 10:43:11  Reason=no_employee
2026-03-09 16:25:39 SKIP  User=7  Time=2026-03-09 11:26:47  Reason=no_employee
2026-03-09 16:25:39 SKIP  User=588  Time=2026-03-09 11:54:54  Reason=no_employee
2026-03-09 16:25:39 SKIP  User=7  Time=2026-03-09 12:24:31  Reason=no_employee
2026-03-09 16:25:39 SKIP  User=7  Time=2026-03-09 12:38:35  Reason=no_employee
2026-03-09 16:25:39 SKIP  User=7  Time=2026-03-09 14:11:24  Reason=no_employee
2026-03-09 16:25:39 SKIP  User=7  Time=2026-03-09 14:11:38  Reason=no_employee
2026-03-09 16:25:39 SKIP  User=7  Time=2026-03-09 14:11:44  Reason=no_employee
2026-03-09 16:26:44 SKIP  User=7  Time=2026-03-09 08:28:30  Reason=no_employee
2026-03-09 16:26:44 SKIP  User=588  Time=2026-03-09 09:50:55  Reason=no_employee
2026-03-09 16:26:44 SKIP  User=588  Time=2026-03-09 09:50:57  Reason=no_employee
2026-03-09 16:26:44 SKIP  User=588  Time=2026-03-09 10:43:11  Reason=no_employee
2026-03-09 16:26:44 SKIP  User=7  Time=2026-03-09 11:26:47  Reason=no_employee
2026-03-09 16:26:44 SKIP  User=588  Time=2026-03-09 11:54:54  Reason=no_employee
2026-03-09 16:26:44 SKIP  User=7  Time=2026-03-09 12:24:31  Reason=no_employee
2026-03-09 16:26:44 SKIP  User=7  Time=2026-03-09 12:38:35  Reason=no_employee
2026-03-09 16:26:44 SKIP  User=7  Time=2026-03-09 14:11:24  Reason=no_employee
2026-03-09 16:26:44 SKIP  User=7  Time=2026-03-09 14:11:38  Reason=no_employee
2026-03-09 16:26:44 SKIP  User=7  Time=2026-03-09 14:11:44  Reason=no_employee
2026-03-09 16:27:49 SKIP  User=7  Time=2026-03-09 08:28:30  Reason=no_employee
2026-03-09 16:27:49 SKIP  User=588  Time=2026-03-09 09:50:55  Reason=no_employee
2026-03-09 16:27:49 SKIP  User=588  Time=2026-03-09 09:50:57  Reason=no_employee
2026-03-09 16:27:49 SKIP  User=588  Time=2026-03-09 10:43:11  Reason=no_employee
2026-03-09 16:27:49 SKIP  User=7  Time=2026-03-09 11:26:47  Reason=no_employee
2026-03-09 16:27:49 SKIP  User=588  Time=2026-03-09 11:54:54  Reason=no_employee
2026-03-09 16:27:49 SKIP  User=7  Time=2026-03-09 12:24:31  Reason=no_employee
2026-03-09 16:27:49 SKIP  User=7  Time=2026-03-09 12:38:35  Reason=no_employee
2026-03-09 16:27:49 SKIP  User=7  Time=2026-03-09 14:11:24  Reason=no_employee
2026-03-09 16:27:49 SKIP  User=7  Time=2026-03-09 14:11:38  Reason=no_employee
2026-03-09 16:27:49 SKIP  User=7  Time=2026-03-09 14:11:44  Reason=no_employee
2026-03-09 16:28:55 SKIP  User=7  Time=2026-03-09 08:28:30  Reason=no_employee
2026-03-09 16:28:55 SKIP  User=588  Time=2026-03-09 09:50:55  Reason=no_employee
2026-03-09 16:28:55 SKIP  User=588  Time=2026-03-09 09:50:57  Reason=no_employee
2026-03-09 16:28:55 SKIP  User=588  Time=2026-03-09 10:43:11  Reason=no_employee
2026-03-09 16:28:55 SKIP  User=7  Time=2026-03-09 11:26:47  Reason=no_employee
2026-03-09 16:28:55 SKIP  User=588  Time=2026-03-09 11:54:54  Reason=no_employee
2026-03-09 16:28:55 SKIP  User=7  Time=2026-03-09 12:24:31  Reason=no_employee
2026-03-09 16:28:55 SKIP  User=7  Time=2026-03-09 12:38:35  Reason=no_employee
2026-03-09 16:28:55 SKIP  User=7  Time=2026-03-09 14:11:24  Reason=no_employee
2026-03-09 16:28:55 SKIP  User=7  Time=2026-03-09 14:11:38  Reason=no_employee
2026-03-09 16:28:55 SKIP  User=7  Time=2026-03-09 14:11:44  Reason=no_employee
2026-03-09 16:28:55 OK    User=1207  MappedId=1207  Time=2026-03-09 16:28:08  LogType=IN  DevId=8  Result=ok
2026-03-09 16:30:01 SKIP  User=7  Time=2026-03-09 08:28:30  Reason=no_employee
2026-03-09 16:30:01 SKIP  User=588  Time=2026-03-09 09:50:55  Reason=no_employee
2026-03-09 16:30:01 SKIP  User=588  Time=2026-03-09 09:50:57  Reason=no_employee
2026-03-09 16:30:01 SKIP  User=588  Time=2026-03-09 10:43:11  Reason=no_employee
2026-03-09 16:30:01 SKIP  User=7  Time=2026-03-09 11:26:47  Reason=no_employee
2026-03-09 16:30:01 SKIP  User=588  Time=2026-03-09 11:54:54  Reason=no_employee
2026-03-09 16:30:01 SKIP  User=7  Time=2026-03-09 12:24:31  Reason=no_employee
2026-03-09 16:30:01 SKIP  User=7  Time=2026-03-09 12:38:35  Reason=no_employee
2026-03-09 16:30:01 SKIP  User=7  Time=2026-03-09 14:11:24  Reason=no_employee
2026-03-09 16:30:01 SKIP  User=7  Time=2026-03-09 14:11:38  Reason=no_employee
2026-03-09 16:30:01 SKIP  User=7  Time=2026-03-09 14:11:44  Reason=no_employee
2026-03-09 16:30:01 OK    User=1033  MappedId=1033  Time=2026-03-09 16:29:38  LogType=IN  DevId=8  Result=ok
2026-03-09 16:31:08 SKIP  User=7  Time=2026-03-09 08:28:30  Reason=no_employee
2026-03-09 16:31:08 SKIP  User=588  Time=2026-03-09 09:50:55  Reason=no_employee
2026-03-09 16:31:08 SKIP  User=588  Time=2026-03-09 09:50:57  Reason=no_employee
2026-03-09 16:31:08 SKIP  User=588  Time=2026-03-09 10:43:11  Reason=no_employee
2026-03-09 16:31:08 SKIP  User=7  Time=2026-03-09 11:26:47  Reason=no_employee
2026-03-09 16:31:08 SKIP  User=588  Time=2026-03-09 11:54:54  Reason=no_employee
2026-03-09 16:31:08 SKIP  User=7  Time=2026-03-09 12:24:31  Reason=no_employee
2026-03-09 16:31:08 SKIP  User=7  Time=2026-03-09 12:38:35  Reason=no_employee
2026-03-09 16:31:08 SKIP  User=7  Time=2026-03-09 14:11:24  Reason=no_employee
2026-03-09 16:31:08 SKIP  User=7  Time=2026-03-09 14:11:38  Reason=no_employee
2026-03-09 16:31:08 SKIP  User=7  Time=2026-03-09 14:11:44  Reason=no_employee
2026-03-09 16:32:13 SKIP  User=7  Time=2026-03-09 08:28:30  Reason=no_employee
2026-03-09 16:32:13 SKIP  User=588  Time=2026-03-09 09:50:55  Reason=no_employee
2026-03-09 16:32:13 SKIP  User=588  Time=2026-03-09 09:50:57  Reason=no_employee
2026-03-09 16:32:13 SKIP  User=588  Time=2026-03-09 10:43:11  Reason=no_employee
2026-03-09 16:32:13 SKIP  User=7  Time=2026-03-09 11:26:47  Reason=no_employee
2026-03-09 16:32:13 SKIP  User=588  Time=2026-03-09 11:54:54  Reason=no_employee
2026-03-09 16:32:13 SKIP  User=7  Time=2026-03-09 12:24:31  Reason=no_employee
2026-03-09 16:32:13 SKIP  User=7  Time=2026-03-09 12:38:35  Reason=no_employee
2026-03-09 16:32:13 SKIP  User=7  Time=2026-03-09 14:11:24  Reason=no_employee
2026-03-09 16:32:13 SKIP  User=7  Time=2026-03-09 14:11:38  Reason=no_employee
2026-03-09 16:32:13 SKIP  User=7  Time=2026-03-09 14:11:44  Reason=no_employee
2026-03-09 16:32:30 OK    User=836  MappedId=836  Time=2026-03-09 16:31:48  LogType=IN  DevId=8  Result=ok
2026-03-09 16:32:47 OK    User=836  MappedId=836  Time=2026-03-09 16:31:49  LogType=IN  DevId=8  Result=ok
2026-03-09 16:33:54 SKIP  User=7  Time=2026-03-09 08:28:30  Reason=no_employee
2026-03-09 16:33:54 SKIP  User=588  Time=2026-03-09 09:50:55  Reason=no_employee
2026-03-09 16:33:54 SKIP  User=588  Time=2026-03-09 09:50:57  Reason=no_employee
2026-03-09 16:33:54 SKIP  User=588  Time=2026-03-09 10:43:11  Reason=no_employee
2026-03-09 16:33:54 SKIP  User=7  Time=2026-03-09 11:26:47  Reason=no_employee
2026-03-09 16:33:54 SKIP  User=588  Time=2026-03-09 11:54:54  Reason=no_employee
2026-03-09 16:33:54 SKIP  User=7  Time=2026-03-09 12:24:31  Reason=no_employee
2026-03-09 16:33:54 SKIP  User=7  Time=2026-03-09 12:38:35  Reason=no_employee
2026-03-09 16:33:54 SKIP  User=7  Time=2026-03-09 14:11:24  Reason=no_employee
2026-03-09 16:33:54 SKIP  User=7  Time=2026-03-09 14:11:38  Reason=no_employee
2026-03-09 16:33:54 SKIP  User=7  Time=2026-03-09 14:11:44  Reason=no_employee
2026-03-09 16:34:59 SKIP  User=7  Time=2026-03-09 08:28:30  Reason=no_employee
2026-03-09 16:34:59 SKIP  User=588  Time=2026-03-09 09:50:55  Reason=no_employee
2026-03-09 16:34:59 SKIP  User=588  Time=2026-03-09 09:50:57  Reason=no_employee
2026-03-09 16:34:59 SKIP  User=588  Time=2026-03-09 10:43:11  Reason=no_employee
2026-03-09 16:34:59 SKIP  User=7  Time=2026-03-09 11:26:47  Reason=no_employee
2026-03-09 16:34:59 SKIP  User=588  Time=2026-03-09 11:54:54  Reason=no_employee
2026-03-09 16:34:59 SKIP  User=7  Time=2026-03-09 12:24:31  Reason=no_employee
2026-03-09 16:34:59 SKIP  User=7  Time=2026-03-09 12:38:35  Reason=no_employee
2026-03-09 16:34:59 SKIP  User=7  Time=2026-03-09 14:11:24  Reason=no_employee
2026-03-09 16:34:59 SKIP  User=7  Time=2026-03-09 14:11:38  Reason=no_employee
2026-03-09 16:34:59 SKIP  User=7  Time=2026-03-09 14:11:44  Reason=no_employee
2026-03-09 16:35:15 OK    User=846  MappedId=846  Time=2026-03-09 16:34:05  LogType=IN  DevId=8  Result=ok
2026-03-09 16:35:33 OK    User=846  MappedId=846  Time=2026-03-09 16:34:06  LogType=IN  DevId=8  Result=ok
2026-03-09 16:36:39 SKIP  User=7  Time=2026-03-09 08:28:30  Reason=no_employee
2026-03-09 16:36:39 SKIP  User=588  Time=2026-03-09 09:50:55  Reason=no_employee
2026-03-09 16:36:39 SKIP  User=588  Time=2026-03-09 09:50:57  Reason=no_employee
2026-03-09 16:36:39 SKIP  User=588  Time=2026-03-09 10:43:11  Reason=no_employee
2026-03-09 16:36:39 SKIP  User=7  Time=2026-03-09 11:26:47  Reason=no_employee
2026-03-09 16:36:39 SKIP  User=588  Time=2026-03-09 11:54:54  Reason=no_employee
2026-03-09 16:36:39 SKIP  User=7  Time=2026-03-09 12:24:31  Reason=no_employee
2026-03-09 16:36:39 SKIP  User=7  Time=2026-03-09 12:38:35  Reason=no_employee
2026-03-09 16:36:39 SKIP  User=7  Time=2026-03-09 14:11:24  Reason=no_employee
2026-03-09 16:36:39 SKIP  User=7  Time=2026-03-09 14:11:38  Reason=no_employee
2026-03-09 16:36:39 SKIP  User=7  Time=2026-03-09 14:11:44  Reason=no_employee
2026-03-09 16:36:56 OK    User=720  MappedId=SS00720  Time=2026-03-09 16:34:55  LogType=IN  DevId=8  Result=ok
2026-03-09 16:37:13 OK    User=884  MappedId=884  Time=2026-03-09 16:36:01  LogType=IN  DevId=8  Result=ok
2026-03-09 16:38:18 SKIP  User=7  Time=2026-03-09 08:28:30  Reason=no_employee
2026-03-09 16:38:18 SKIP  User=588  Time=2026-03-09 09:50:55  Reason=no_employee
2026-03-09 16:38:18 SKIP  User=588  Time=2026-03-09 09:50:57  Reason=no_employee
2026-03-09 16:38:18 SKIP  User=588  Time=2026-03-09 10:43:11  Reason=no_employee
2026-03-09 16:38:18 SKIP  User=7  Time=2026-03-09 11:26:47  Reason=no_employee
2026-03-09 16:38:18 SKIP  User=588  Time=2026-03-09 11:54:54  Reason=no_employee
2026-03-09 16:38:18 SKIP  User=7  Time=2026-03-09 12:24:31  Reason=no_employee
2026-03-09 16:38:18 SKIP  User=7  Time=2026-03-09 12:38:35  Reason=no_employee
2026-03-09 16:38:18 SKIP  User=7  Time=2026-03-09 14:11:24  Reason=no_employee
2026-03-09 16:38:18 SKIP  User=7  Time=2026-03-09 14:11:38  Reason=no_employee
2026-03-09 16:38:18 SKIP  User=7  Time=2026-03-09 14:11:44  Reason=no_employee
2026-03-09 16:39:23 SKIP  User=7  Time=2026-03-09 08:28:30  Reason=no_employee
2026-03-09 16:39:23 SKIP  User=588  Time=2026-03-09 09:50:55  Reason=no_employee
2026-03-09 16:39:23 SKIP  User=588  Time=2026-03-09 09:50:57  Reason=no_employee
2026-03-09 16:39:23 SKIP  User=588  Time=2026-03-09 10:43:11  Reason=no_employee
2026-03-09 16:39:23 SKIP  User=7  Time=2026-03-09 11:26:47  Reason=no_employee
2026-03-09 16:39:23 SKIP  User=588  Time=2026-03-09 11:54:54  Reason=no_employee
2026-03-09 16:39:23 SKIP  User=7  Time=2026-03-09 12:24:31  Reason=no_employee
2026-03-09 16:39:23 SKIP  User=7  Time=2026-03-09 12:38:35  Reason=no_employee
2026-03-09 16:39:23 SKIP  User=7  Time=2026-03-09 14:11:24  Reason=no_employee
2026-03-09 16:39:23 SKIP  User=7  Time=2026-03-09 14:11:38  Reason=no_employee
2026-03-09 16:39:23 SKIP  User=7  Time=2026-03-09 14:11:44  Reason=no_employee
2026-03-09 16:39:53 FAIL  User=375  MappedId=SS00375  Time=2026-03-09 16:38:27  LogType=IN  DevId=8  Result=error
2026-03-09 16:40:24 FAIL  User=857  MappedId=857  Time=2026-03-09 16:38:31  LogType=IN  DevId=8  Result=error
2026-03-09 16:40:56 FAIL  User=857  MappedId=857  Time=2026-03-09 16:38:41  LogType=IN  DevId=8  Result=error
2026-03-09 16:41:15 OK    User=1192  MappedId=1192  Time=2026-03-09 16:39:01  LogType=IN  DevId=8  Result=ok
2026-03-09 16:42:20 SKIP  User=7  Time=2026-03-09 08:28:30  Reason=no_employee
2026-03-09 16:42:20 SKIP  User=588  Time=2026-03-09 09:50:55  Reason=no_employee
2026-03-09 16:42:20 SKIP  User=588  Time=2026-03-09 09:50:57  Reason=no_employee
2026-03-09 16:42:20 SKIP  User=588  Time=2026-03-09 10:43:11  Reason=no_employee
2026-03-09 16:42:20 SKIP  User=7  Time=2026-03-09 11:26:47  Reason=no_employee
2026-03-09 16:42:20 SKIP  User=588  Time=2026-03-09 11:54:54  Reason=no_employee
2026-03-09 16:42:20 SKIP  User=7  Time=2026-03-09 12:24:31  Reason=no_employee
2026-03-09 16:42:20 SKIP  User=7  Time=2026-03-09 12:38:35  Reason=no_employee
2026-03-09 16:42:20 SKIP  User=7  Time=2026-03-09 14:11:24  Reason=no_employee
2026-03-09 16:42:20 SKIP  User=7  Time=2026-03-09 14:11:38  Reason=no_employee
2026-03-09 16:42:20 SKIP  User=7  Time=2026-03-09 14:11:44  Reason=no_employee
2026-03-09 16:42:21 OK    User=375  MappedId=SS00375  Time=2026-03-09 16:38:27  LogType=IN  DevId=8  Result=duplicate
2026-03-09 16:42:23 OK    User=857  MappedId=857  Time=2026-03-09 16:38:31  LogType=IN  DevId=8  Result=duplicate
2026-03-09 16:42:41 OK    User=857  MappedId=857  Time=2026-03-09 16:38:41  LogType=IN  DevId=8  Result=duplicate
2026-03-09 16:43:12 FAIL  User=933  MappedId=933  Time=2026-03-09 16:39:12  LogType=IN  DevId=8  Result=error
2026-03-09 16:43:30 OK    User=933  MappedId=933  Time=2026-03-09 16:39:13  LogType=IN  DevId=8  Result=ok
2026-03-09 16:43:32 OK    User=1159  MappedId=1159  Time=2026-03-09 16:40:08  LogType=IN  DevId=8  Result=ok
2026-03-09 16:44:03 FAIL  User=961  MappedId=961  Time=2026-03-09 16:41:02  LogType=IN  DevId=8  Result=error
2026-03-09 16:44:34 FAIL  User=961  MappedId=961  Time=2026-03-09 16:41:04  LogType=IN  DevId=8  Result=error
2026-03-09 16:45:06 FAIL  User=907  MappedId=907  Time=2026-03-09 16:41:09  LogType=IN  DevId=8  Result=error
2026-03-09 16:45:37 FAIL  User=907  MappedId=907  Time=2026-03-09 16:41:10  LogType=IN  DevId=8  Result=error
2026-03-09 16:46:08 FAIL  User=1143  MappedId=1143  Time=2026-03-09 16:41:27  LogType=IN  DevId=8  Result=error
2026-03-09 16:46:27 OK    User=1143  MappedId=1143  Time=2026-03-09 16:41:42  LogType=IN  DevId=8  Result=ok
2026-03-09 16:46:45 OK    User=960  MappedId=960  Time=2026-03-09 16:41:58  LogType=IN  DevId=8  Result=ok
2026-03-09 16:47:51 SKIP  User=7  Time=2026-03-09 08:28:30  Reason=no_employee
2026-03-09 16:47:51 SKIP  User=588  Time=2026-03-09 09:50:55  Reason=no_employee
2026-03-09 16:47:51 SKIP  User=588  Time=2026-03-09 09:50:57  Reason=no_employee
2026-03-09 16:47:51 SKIP  User=588  Time=2026-03-09 10:43:11  Reason=no_employee
2026-03-09 16:47:51 SKIP  User=7  Time=2026-03-09 11:26:47  Reason=no_employee
2026-03-09 16:47:51 SKIP  User=588  Time=2026-03-09 11:54:54  Reason=no_employee
2026-03-09 16:47:51 SKIP  User=7  Time=2026-03-09 12:24:31  Reason=no_employee
2026-03-09 16:47:51 SKIP  User=7  Time=2026-03-09 12:38:35  Reason=no_employee
2026-03-09 16:47:51 SKIP  User=7  Time=2026-03-09 14:11:24  Reason=no_employee
2026-03-09 16:47:51 SKIP  User=7  Time=2026-03-09 14:11:38  Reason=no_employee
2026-03-09 16:47:51 SKIP  User=7  Time=2026-03-09 14:11:44  Reason=no_employee
2026-03-09 16:47:52 OK    User=933  MappedId=933  Time=2026-03-09 16:39:12  LogType=IN  DevId=8  Result=duplicate
2026-03-09 16:47:54 OK    User=961  MappedId=961  Time=2026-03-09 16:41:02  LogType=IN  DevId=8  Result=duplicate
2026-03-09 16:47:56 OK    User=961  MappedId=961  Time=2026-03-09 16:41:04  LogType=IN  DevId=8  Result=duplicate
2026-03-09 16:47:57 OK    User=907  MappedId=907  Time=2026-03-09 16:41:09  LogType=IN  DevId=8  Result=duplicate
2026-03-09 16:47:59 OK    User=907  MappedId=907  Time=2026-03-09 16:41:10  LogType=IN  DevId=8  Result=duplicate
2026-03-09 16:48:01 OK    User=1143  MappedId=1143  Time=2026-03-09 16:41:27  LogType=IN  DevId=8  Result=duplicate
2026-03-09 16:48:18 OK    User=964  MappedId=964  Time=2026-03-09 16:42:55  LogType=IN  DevId=8  Result=ok
2026-03-09 16:48:20 OK    User=1185  MappedId=1185  Time=2026-03-09 16:44:01  LogType=IN  DevId=8  Result=ok
2026-03-09 16:48:38 OK    User=375  MappedId=SS00375  Time=2026-03-09 16:45:11  LogType=IN  DevId=8  Result=ok
2026-03-09 16:48:55 OK    User=375  MappedId=SS00375  Time=2026-03-09 16:45:13  LogType=IN  DevId=8  Result=ok
2026-03-09 16:48:57 OK    User=1210  MappedId=1210  Time=2026-03-09 16:47:26  LogType=IN  DevId=8  Result=ok
2026-03-09 16:48:59 OK    User=1210  MappedId=1210  Time=2026-03-09 16:47:28  LogType=IN  DevId=8  Result=ok
2026-03-09 16:50:05 SKIP  User=7  Time=2026-03-09 08:28:30  Reason=no_employee
2026-03-09 16:50:05 SKIP  User=588  Time=2026-03-09 09:50:55  Reason=no_employee
2026-03-09 16:50:05 SKIP  User=588  Time=2026-03-09 09:50:57  Reason=no_employee
2026-03-09 16:50:05 SKIP  User=588  Time=2026-03-09 10:43:11  Reason=no_employee
2026-03-09 16:50:05 SKIP  User=7  Time=2026-03-09 11:26:47  Reason=no_employee
2026-03-09 16:50:05 SKIP  User=588  Time=2026-03-09 11:54:54  Reason=no_employee
2026-03-09 16:50:05 SKIP  User=7  Time=2026-03-09 12:24:31  Reason=no_employee
2026-03-09 16:50:05 SKIP  User=7  Time=2026-03-09 12:38:35  Reason=no_employee
2026-03-09 16:50:05 SKIP  User=7  Time=2026-03-09 14:11:24  Reason=no_employee
2026-03-09 16:50:05 SKIP  User=7  Time=2026-03-09 14:11:38  Reason=no_employee
2026-03-09 16:50:05 SKIP  User=7  Time=2026-03-09 14:11:44  Reason=no_employee
2026-03-09 16:50:19 OK    User=1022  MappedId=1022  Time=2026-03-09 16:48:15  LogType=IN  DevId=8  Result=ok
2026-03-09 16:50:21 OK    User=1022  MappedId=1022  Time=2026-03-09 16:48:16  LogType=IN  DevId=8  Result=ok
2026-03-09 16:50:39 OK    User=1065  MappedId=1065  Time=2026-03-09 16:48:29  LogType=IN  DevId=8  Result=ok
2026-03-09 16:51:45 SKIP  User=7  Time=2026-03-09 08:28:30  Reason=no_employee
2026-03-09 16:51:45 SKIP  User=588  Time=2026-03-09 09:50:55  Reason=no_employee
2026-03-09 16:51:45 SKIP  User=588  Time=2026-03-09 09:50:57  Reason=no_employee
2026-03-09 16:51:45 SKIP  User=588  Time=2026-03-09 10:43:11  Reason=no_employee
2026-03-09 16:51:45 SKIP  User=7  Time=2026-03-09 11:26:47  Reason=no_employee
2026-03-09 16:51:45 SKIP  User=588  Time=2026-03-09 11:54:54  Reason=no_employee
2026-03-09 16:51:45 SKIP  User=7  Time=2026-03-09 12:24:31  Reason=no_employee
2026-03-09 16:51:45 SKIP  User=7  Time=2026-03-09 12:38:35  Reason=no_employee
2026-03-09 16:51:45 SKIP  User=7  Time=2026-03-09 14:11:24  Reason=no_employee
2026-03-09 16:51:45 SKIP  User=7  Time=2026-03-09 14:11:38  Reason=no_employee
2026-03-09 16:51:45 SKIP  User=7  Time=2026-03-09 14:11:44  Reason=no_employee
2026-03-09 16:52:50 SKIP  User=7  Time=2026-03-09 08:28:30  Reason=no_employee
2026-03-09 16:52:50 SKIP  User=588  Time=2026-03-09 09:50:55  Reason=no_employee
2026-03-09 16:52:50 SKIP  User=588  Time=2026-03-09 09:50:57  Reason=no_employee
2026-03-09 16:52:50 SKIP  User=588  Time=2026-03-09 10:43:11  Reason=no_employee
2026-03-09 16:52:50 SKIP  User=7  Time=2026-03-09 11:26:47  Reason=no_employee
2026-03-09 16:52:50 SKIP  User=588  Time=2026-03-09 11:54:54  Reason=no_employee
2026-03-09 16:52:50 SKIP  User=7  Time=2026-03-09 12:24:31  Reason=no_employee
2026-03-09 16:52:50 SKIP  User=7  Time=2026-03-09 12:38:35  Reason=no_employee
2026-03-09 16:52:50 SKIP  User=7  Time=2026-03-09 14:11:24  Reason=no_employee
2026-03-09 16:52:50 SKIP  User=7  Time=2026-03-09 14:11:38  Reason=no_employee
2026-03-09 16:52:50 SKIP  User=7  Time=2026-03-09 14:11:44  Reason=no_employee
2026-03-09 16:53:06 OK    User=922  MappedId=922  Time=2026-03-09 16:52:31  LogType=IN  DevId=8  Result=ok
2026-03-09 16:54:14 SKIP  User=7  Time=2026-03-09 08:28:30  Reason=no_employee
2026-03-09 16:54:14 SKIP  User=588  Time=2026-03-09 09:50:55  Reason=no_employee
2026-03-09 16:54:14 SKIP  User=588  Time=2026-03-09 09:50:57  Reason=no_employee
2026-03-09 16:54:14 SKIP  User=588  Time=2026-03-09 10:43:11  Reason=no_employee
2026-03-09 16:54:14 SKIP  User=7  Time=2026-03-09 11:26:47  Reason=no_employee
2026-03-09 16:54:14 SKIP  User=588  Time=2026-03-09 11:54:54  Reason=no_employee
2026-03-09 16:54:14 SKIP  User=7  Time=2026-03-09 12:24:31  Reason=no_employee
2026-03-09 16:54:14 SKIP  User=7  Time=2026-03-09 12:38:35  Reason=no_employee
2026-03-09 16:54:14 SKIP  User=7  Time=2026-03-09 14:11:24  Reason=no_employee
2026-03-09 16:54:14 SKIP  User=7  Time=2026-03-09 14:11:38  Reason=no_employee
2026-03-09 16:54:14 SKIP  User=7  Time=2026-03-09 14:11:44  Reason=no_employee
2026-03-09 16:54:31 OK    User=944  MappedId=944  Time=2026-03-09 16:53:41  LogType=IN  DevId=8  Result=ok
2026-03-09 16:54:48 OK    User=944  MappedId=944  Time=2026-03-09 16:53:42  LogType=IN  DevId=8  Result=ok
2026-03-09 16:55:56 SKIP  User=7  Time=2026-03-09 08:28:30  Reason=no_employee
2026-03-09 16:55:56 SKIP  User=588  Time=2026-03-09 09:50:55  Reason=no_employee
2026-03-09 16:55:56 SKIP  User=588  Time=2026-03-09 09:50:57  Reason=no_employee
2026-03-09 16:55:56 SKIP  User=588  Time=2026-03-09 10:43:11  Reason=no_employee
2026-03-09 16:55:56 SKIP  User=7  Time=2026-03-09 11:26:47  Reason=no_employee
2026-03-09 16:55:56 SKIP  User=588  Time=2026-03-09 11:54:54  Reason=no_employee
2026-03-09 16:55:56 SKIP  User=7  Time=2026-03-09 12:24:31  Reason=no_employee
2026-03-09 16:55:56 SKIP  User=7  Time=2026-03-09 12:38:35  Reason=no_employee
2026-03-09 16:55:56 SKIP  User=7  Time=2026-03-09 14:11:24  Reason=no_employee
2026-03-09 16:55:56 SKIP  User=7  Time=2026-03-09 14:11:38  Reason=no_employee
2026-03-09 16:55:56 SKIP  User=7  Time=2026-03-09 14:11:44  Reason=no_employee
2026-03-09 16:56:13 OK    User=816  MappedId=816  Time=2026-03-09 16:54:36  LogType=IN  DevId=8  Result=ok
2026-03-09 16:56:31 OK    User=816  MappedId=816  Time=2026-03-09 16:54:38  LogType=IN  DevId=8  Result=ok
2026-03-09 16:56:33 OK    User=1208  MappedId=1208  Time=2026-03-09 16:55:16  LogType=IN  DevId=8  Result=ok
2026-03-09 16:57:39 SKIP  User=7  Time=2026-03-09 08:28:30  Reason=no_employee
2026-03-09 16:57:39 SKIP  User=588  Time=2026-03-09 09:50:55  Reason=no_employee
2026-03-09 16:57:39 SKIP  User=588  Time=2026-03-09 09:50:57  Reason=no_employee
2026-03-09 16:57:39 SKIP  User=588  Time=2026-03-09 10:43:11  Reason=no_employee
2026-03-09 16:57:39 SKIP  User=7  Time=2026-03-09 11:26:47  Reason=no_employee
2026-03-09 16:57:39 SKIP  User=588  Time=2026-03-09 11:54:54  Reason=no_employee
2026-03-09 16:57:39 SKIP  User=7  Time=2026-03-09 12:24:31  Reason=no_employee
2026-03-09 16:57:39 SKIP  User=7  Time=2026-03-09 12:38:35  Reason=no_employee
2026-03-09 16:57:39 SKIP  User=7  Time=2026-03-09 14:11:24  Reason=no_employee
2026-03-09 16:57:39 SKIP  User=7  Time=2026-03-09 14:11:38  Reason=no_employee
2026-03-09 16:57:39 SKIP  User=7  Time=2026-03-09 14:11:44  Reason=no_employee
2026-03-09 16:58:09 OK    User=996  MappedId=996  Time=2026-03-09 16:56:53  LogType=IN  DevId=8  Result=ok
2026-03-09 16:58:27 OK    User=996  MappedId=996  Time=2026-03-09 16:56:55  LogType=IN  DevId=8  Result=ok
2026-03-09 16:59:34 SKIP  User=7  Time=2026-03-09 08:28:30  Reason=no_employee
2026-03-09 16:59:34 SKIP  User=588  Time=2026-03-09 09:50:55  Reason=no_employee
2026-03-09 16:59:34 SKIP  User=588  Time=2026-03-09 09:50:57  Reason=no_employee
2026-03-09 16:59:34 SKIP  User=588  Time=2026-03-09 10:43:11  Reason=no_employee
2026-03-09 16:59:34 SKIP  User=7  Time=2026-03-09 11:26:47  Reason=no_employee
2026-03-09 16:59:34 SKIP  User=588  Time=2026-03-09 11:54:54  Reason=no_employee
2026-03-09 16:59:34 SKIP  User=7  Time=2026-03-09 12:24:31  Reason=no_employee
2026-03-09 16:59:34 SKIP  User=7  Time=2026-03-09 12:38:35  Reason=no_employee
2026-03-09 16:59:34 SKIP  User=7  Time=2026-03-09 14:11:24  Reason=no_employee
2026-03-09 16:59:34 SKIP  User=7  Time=2026-03-09 14:11:38  Reason=no_employee
2026-03-09 16:59:34 SKIP  User=7  Time=2026-03-09 14:11:44  Reason=no_employee
2026-03-09 17:00:04 FAIL  User=972  MappedId=972  Time=2026-03-09 16:58:30  LogType=IN  DevId=8  Result=error
2026-03-09 17:00:36 FAIL  User=959  MappedId=959  Time=2026-03-09 16:58:38  LogType=IN  DevId=8  Result=error
2026-03-09 17:01:07 FAIL  User=942  MappedId=942  Time=2026-03-09 16:59:06  LogType=IN  DevId=8  Result=error
2026-03-09 17:02:13 SKIP  User=7  Time=2026-03-09 08:28:30  Reason=no_employee
2026-03-09 17:02:13 SKIP  User=588  Time=2026-03-09 09:50:55  Reason=no_employee
2026-03-09 17:02:13 SKIP  User=588  Time=2026-03-09 09:50:57  Reason=no_employee
2026-03-09 17:02:13 SKIP  User=588  Time=2026-03-09 10:43:11  Reason=no_employee
2026-03-09 17:02:13 SKIP  User=7  Time=2026-03-09 11:26:47  Reason=no_employee
2026-03-09 17:02:13 SKIP  User=588  Time=2026-03-09 11:54:54  Reason=no_employee
2026-03-09 17:02:13 SKIP  User=7  Time=2026-03-09 12:24:31  Reason=no_employee
2026-03-09 17:02:13 SKIP  User=7  Time=2026-03-09 12:38:35  Reason=no_employee
2026-03-09 17:02:13 SKIP  User=7  Time=2026-03-09 14:11:24  Reason=no_employee
2026-03-09 17:02:13 SKIP  User=7  Time=2026-03-09 14:11:38  Reason=no_employee
2026-03-09 17:02:13 SKIP  User=7  Time=2026-03-09 14:11:44  Reason=no_employee
2026-03-09 17:02:14 OK    User=972  MappedId=972  Time=2026-03-09 16:58:30  LogType=IN  DevId=8  Result=duplicate
2026-03-09 17:02:16 OK    User=959  MappedId=959  Time=2026-03-09 16:58:38  LogType=IN  DevId=8  Result=duplicate
2026-03-09 17:02:18 OK    User=942  MappedId=942  Time=2026-03-09 16:59:06  LogType=IN  DevId=8  Result=duplicate
2026-03-09 17:02:20 OK    User=1170  MappedId=1170  Time=2026-03-09 16:59:47  LogType=IN  DevId=8  Result=ok
2026-03-09 17:02:36 OK    User=1170  MappedId=1170  Time=2026-03-09 16:59:48  LogType=IN  DevId=8  Result=ok
2026-03-09 17:02:53 OK    User=931  MappedId=931  Time=2026-03-09 16:59:53  LogType=IN  DevId=8  Result=ok
2026-03-09 17:03:11 OK    User=931  MappedId=931  Time=2026-03-09 16:59:54  LogType=IN  DevId=8  Result=ok
2026-03-09 17:03:29 OK    User=1023  MappedId=1023  Time=2026-03-09 17:00:02  LogType=IN  DevId=8  Result=ok
2026-03-09 17:03:47 OK    User=1023  MappedId=1023  Time=2026-03-09 17:00:03  LogType=IN  DevId=8  Result=ok
2026-03-09 17:04:18 FAIL  User=860  MappedId=860  Time=2026-03-09 17:00:14  LogType=IN  DevId=8  Result=error
2026-03-09 17:04:49 FAIL  User=860  MappedId=860  Time=2026-03-09 17:00:16  LogType=IN  DevId=8  Result=error
2026-03-09 17:05:07 OK    User=1092  MappedId=1092  Time=2026-03-09 17:01:02  LogType=IN  DevId=8  Result=ok
2026-03-09 17:05:09 OK    User=1092  MappedId=1092  Time=2026-03-09 17:01:04  LogType=IN  DevId=8  Result=ok
2026-03-09 17:05:11 OK    User=1092  MappedId=1092  Time=2026-03-09 17:01:10  LogType=IN  DevId=8  Result=ok
2026-03-09 17:05:13 OK    User=1092  MappedId=1092  Time=2026-03-09 17:01:12  LogType=IN  DevId=8  Result=ok
2026-03-09 17:05:30 OK    User=1039  MappedId=1039  Time=2026-03-09 17:01:17  LogType=IN  DevId=8  Result=ok
2026-03-09 17:05:47 OK    User=1199  MappedId=1199  Time=2026-03-09 17:01:20  LogType=IN  DevId=8  Result=ok
2026-03-09 17:06:06 OK    User=1059  MappedId=1059  Time=2026-03-09 17:01:25  LogType=IN  DevId=8  Result=ok
2026-03-09 17:06:24 OK    User=920  MappedId=920  Time=2026-03-09 17:01:40  LogType=IN  DevId=8  Result=ok
2026-03-09 17:06:55 FAIL  User=920  MappedId=920  Time=2026-03-09 17:01:41  LogType=IN  DevId=8  Result=error
2026-03-09 17:08:00 SKIP  User=7  Time=2026-03-09 08:28:30  Reason=no_employee
2026-03-09 17:08:00 SKIP  User=588  Time=2026-03-09 09:50:55  Reason=no_employee
2026-03-09 17:08:00 SKIP  User=588  Time=2026-03-09 09:50:57  Reason=no_employee
2026-03-09 17:08:00 SKIP  User=588  Time=2026-03-09 10:43:11  Reason=no_employee
2026-03-09 17:08:00 SKIP  User=7  Time=2026-03-09 11:26:47  Reason=no_employee
2026-03-09 17:08:00 SKIP  User=588  Time=2026-03-09 11:54:54  Reason=no_employee
2026-03-09 17:08:00 SKIP  User=7  Time=2026-03-09 12:24:31  Reason=no_employee
2026-03-09 17:08:00 SKIP  User=7  Time=2026-03-09 12:38:35  Reason=no_employee
2026-03-09 17:08:00 SKIP  User=7  Time=2026-03-09 14:11:24  Reason=no_employee
2026-03-09 17:08:00 SKIP  User=7  Time=2026-03-09 14:11:38  Reason=no_employee
2026-03-09 17:08:00 SKIP  User=7  Time=2026-03-09 14:11:44  Reason=no_employee
2026-03-09 17:08:02 OK    User=860  MappedId=860  Time=2026-03-09 17:00:14  LogType=IN  DevId=8  Result=duplicate
2026-03-09 17:08:19 OK    User=860  MappedId=860  Time=2026-03-09 17:00:16  LogType=IN  DevId=8  Result=duplicate
2026-03-09 17:08:50 FAIL  User=920  MappedId=920  Time=2026-03-09 17:01:41  LogType=IN  DevId=8  Result=error
2026-03-09 17:09:21 FAIL  User=980  MappedId=980  Time=2026-03-09 17:03:20  LogType=IN  DevId=8  Result=error
2026-03-09 17:09:52 FAIL  User=980  MappedId=980  Time=2026-03-09 17:03:21  LogType=IN  DevId=8  Result=error
2026-03-09 17:10:24 FAIL  User=1226  MappedId=1226  Time=2026-03-09 17:04:34  LogType=IN  DevId=8  Result=error
2026-03-09 17:10:26 OK    User=1226  MappedId=1226  Time=2026-03-09 17:04:36  LogType=IN  DevId=8  Result=ok
2026-03-09 17:11:32 SKIP  User=7  Time=2026-03-09 08:28:30  Reason=no_employee
2026-03-09 17:11:32 SKIP  User=588  Time=2026-03-09 09:50:55  Reason=no_employee
2026-03-09 17:11:32 SKIP  User=588  Time=2026-03-09 09:50:57  Reason=no_employee
2026-03-09 17:11:32 SKIP  User=588  Time=2026-03-09 10:43:11  Reason=no_employee
2026-03-09 17:11:32 SKIP  User=7  Time=2026-03-09 11:26:47  Reason=no_employee
2026-03-09 17:11:32 SKIP  User=588  Time=2026-03-09 11:54:54  Reason=no_employee
2026-03-09 17:11:32 SKIP  User=7  Time=2026-03-09 12:24:31  Reason=no_employee
2026-03-09 17:11:32 SKIP  User=7  Time=2026-03-09 12:38:35  Reason=no_employee
2026-03-09 17:11:32 SKIP  User=7  Time=2026-03-09 14:11:24  Reason=no_employee
2026-03-09 17:11:32 SKIP  User=7  Time=2026-03-09 14:11:38  Reason=no_employee
2026-03-09 17:11:32 SKIP  User=7  Time=2026-03-09 14:11:44  Reason=no_employee
2026-03-09 17:11:37 OK    User=920  MappedId=920  Time=2026-03-09 17:01:41  LogType=IN  DevId=8  Result=duplicate
2026-03-09 17:11:53 OK    User=980  MappedId=980  Time=2026-03-09 17:03:20  LogType=IN  DevId=8  Result=duplicate
2026-03-09 17:12:11 OK    User=980  MappedId=980  Time=2026-03-09 17:03:21  LogType=IN  DevId=8  Result=duplicate
2026-03-09 17:12:27 OK    User=1226  MappedId=1226  Time=2026-03-09 17:04:34  LogType=IN  DevId=8  Result=duplicate
2026-03-09 17:12:58 FAIL  User=1083  MappedId=1083  Time=2026-03-09 17:08:50  LogType=IN  DevId=8  Result=error
2026-03-09 17:13:29 FAIL  User=1001  MappedId=1001  Time=2026-03-09 17:09:55  LogType=IN  DevId=8  Result=error
2026-03-09 17:14:01 FAIL  User=1069  MappedId=1069  Time=2026-03-09 17:11:12  LogType=IN  DevId=8  Result=error
2026-03-09 17:15:07 SKIP  User=7  Time=2026-03-09 08:28:30  Reason=no_employee
2026-03-09 17:15:07 SKIP  User=588  Time=2026-03-09 09:50:55  Reason=no_employee
2026-03-09 17:15:07 SKIP  User=588  Time=2026-03-09 09:50:57  Reason=no_employee
2026-03-09 17:15:07 SKIP  User=588  Time=2026-03-09 10:43:11  Reason=no_employee
2026-03-09 17:15:07 SKIP  User=7  Time=2026-03-09 11:26:47  Reason=no_employee
2026-03-09 17:15:07 SKIP  User=588  Time=2026-03-09 11:54:54  Reason=no_employee
2026-03-09 17:15:07 SKIP  User=7  Time=2026-03-09 12:24:31  Reason=no_employee
2026-03-09 17:15:07 SKIP  User=7  Time=2026-03-09 12:38:35  Reason=no_employee
2026-03-09 17:15:07 SKIP  User=7  Time=2026-03-09 14:11:24  Reason=no_employee
2026-03-09 17:15:07 SKIP  User=7  Time=2026-03-09 14:11:38  Reason=no_employee
2026-03-09 17:15:07 SKIP  User=7  Time=2026-03-09 14:11:44  Reason=no_employee
2026-03-09 17:15:14 OK    User=1083  MappedId=1083  Time=2026-03-09 17:08:50  LogType=IN  DevId=8  Result=duplicate
2026-03-09 17:15:31 OK    User=1001  MappedId=1001  Time=2026-03-09 17:09:55  LogType=IN  DevId=8  Result=duplicate
2026-03-09 17:15:47 OK    User=1069  MappedId=1069  Time=2026-03-09 17:11:12  LogType=IN  DevId=8  Result=duplicate
2026-03-09 17:16:18 FAIL  User=941  MappedId=941  Time=2026-03-09 17:11:32  LogType=IN  DevId=8  Result=error
2026-03-09 17:16:36 OK    User=941  MappedId=941  Time=2026-03-09 17:11:33  LogType=IN  DevId=8  Result=ok
2026-03-09 17:17:07 FAIL  User=911  MappedId=911  Time=2026-03-09 17:13:48  LogType=IN  DevId=8  Result=error
2026-03-09 17:18:13 SKIP  User=7  Time=2026-03-09 08:28:30  Reason=no_employee
2026-03-09 17:18:13 SKIP  User=588  Time=2026-03-09 09:50:55  Reason=no_employee
2026-03-09 17:18:13 SKIP  User=588  Time=2026-03-09 09:50:57  Reason=no_employee
2026-03-09 17:18:13 SKIP  User=588  Time=2026-03-09 10:43:11  Reason=no_employee
2026-03-09 17:18:13 SKIP  User=7  Time=2026-03-09 11:26:47  Reason=no_employee
2026-03-09 17:18:13 SKIP  User=588  Time=2026-03-09 11:54:54  Reason=no_employee
2026-03-09 17:18:13 SKIP  User=7  Time=2026-03-09 12:24:31  Reason=no_employee
2026-03-09 17:18:13 SKIP  User=7  Time=2026-03-09 12:38:35  Reason=no_employee
2026-03-09 17:18:13 SKIP  User=7  Time=2026-03-09 14:11:24  Reason=no_employee
2026-03-09 17:18:13 SKIP  User=7  Time=2026-03-09 14:11:38  Reason=no_employee
2026-03-09 17:18:13 SKIP  User=7  Time=2026-03-09 14:11:44  Reason=no_employee
2026-03-09 17:18:16 OK    User=941  MappedId=941  Time=2026-03-09 17:11:32  LogType=IN  DevId=8  Result=duplicate
2026-03-09 17:18:33 OK    User=911  MappedId=911  Time=2026-03-09 17:13:48  LogType=IN  DevId=8  Result=duplicate
2026-03-09 17:18:51 OK    User=826  MappedId=826  Time=2026-03-09 17:16:30  LogType=IN  DevId=8  Result=ok
2026-03-09 17:19:57 SKIP  User=7  Time=2026-03-09 08:28:30  Reason=no_employee
2026-03-09 17:19:57 SKIP  User=588  Time=2026-03-09 09:50:55  Reason=no_employee
2026-03-09 17:19:57 SKIP  User=588  Time=2026-03-09 09:50:57  Reason=no_employee
2026-03-09 17:19:57 SKIP  User=588  Time=2026-03-09 10:43:11  Reason=no_employee
2026-03-09 17:19:57 SKIP  User=7  Time=2026-03-09 11:26:47  Reason=no_employee
2026-03-09 17:19:57 SKIP  User=588  Time=2026-03-09 11:54:54  Reason=no_employee
2026-03-09 17:19:57 SKIP  User=7  Time=2026-03-09 12:24:31  Reason=no_employee
2026-03-09 17:19:57 SKIP  User=7  Time=2026-03-09 12:38:35  Reason=no_employee
2026-03-09 17:19:57 SKIP  User=7  Time=2026-03-09 14:11:24  Reason=no_employee
2026-03-09 17:19:57 SKIP  User=7  Time=2026-03-09 14:11:38  Reason=no_employee
2026-03-09 17:19:57 SKIP  User=7  Time=2026-03-09 14:11:44  Reason=no_employee
2026-03-09 17:20:14 OK    User=947  MappedId=947  Time=2026-03-09 17:18:47  LogType=IN  DevId=8  Result=ok
2026-03-09 17:20:16 OK    User=1226  MappedId=1226  Time=2026-03-09 17:19:10  LogType=IN  DevId=8  Result=ok
2026-03-09 17:20:18 OK    User=1226  MappedId=1226  Time=2026-03-09 17:19:11  LogType=IN  DevId=8  Result=ok
2026-03-09 17:20:35 OK    User=823  MappedId=823  Time=2026-03-09 17:19:38  LogType=IN  DevId=8  Result=ok
2026-03-09 17:20:53 OK    User=823  MappedId=823  Time=2026-03-09 17:19:40  LogType=IN  DevId=8  Result=ok
2026-03-09 17:21:11 OK    User=823  MappedId=823  Time=2026-03-09 17:19:42  LogType=IN  DevId=8  Result=ok
2026-03-09 17:21:28 OK    User=823  MappedId=823  Time=2026-03-09 17:19:43  LogType=IN  DevId=8  Result=ok
2026-03-09 17:22:33 SKIP  User=7  Time=2026-03-09 08:28:30  Reason=no_employee
2026-03-09 17:22:33 SKIP  User=588  Time=2026-03-09 09:50:55  Reason=no_employee
2026-03-09 17:22:33 SKIP  User=588  Time=2026-03-09 09:50:57  Reason=no_employee
2026-03-09 17:22:33 SKIP  User=588  Time=2026-03-09 10:43:11  Reason=no_employee
2026-03-09 17:22:33 SKIP  User=7  Time=2026-03-09 11:26:47  Reason=no_employee
2026-03-09 17:22:33 SKIP  User=588  Time=2026-03-09 11:54:54  Reason=no_employee
2026-03-09 17:22:33 SKIP  User=7  Time=2026-03-09 12:24:31  Reason=no_employee
2026-03-09 17:22:33 SKIP  User=7  Time=2026-03-09 12:38:35  Reason=no_employee
2026-03-09 17:22:33 SKIP  User=7  Time=2026-03-09 14:11:24  Reason=no_employee
2026-03-09 17:22:33 SKIP  User=7  Time=2026-03-09 14:11:38  Reason=no_employee
2026-03-09 17:22:33 SKIP  User=7  Time=2026-03-09 14:11:44  Reason=no_employee
2026-03-09 17:23:04 FAIL  User=823  MappedId=823  Time=2026-03-09 17:19:56  LogType=IN  DevId=8  Result=error
2026-03-09 17:23:24 OK    User=1148  MappedId=1148  Time=2026-03-09 17:20:15  LogType=IN  DevId=8  Result=ok
2026-03-09 17:23:26 OK    User=1144  MappedId=1144  Time=2026-03-09 17:20:22  LogType=IN  DevId=8  Result=ok
2026-03-09 17:23:28 OK    User=1144  MappedId=1144  Time=2026-03-09 17:20:23  LogType=IN  DevId=8  Result=ok
2026-03-09 17:23:59 FAIL  User=983  MappedId=983  Time=2026-03-09 17:20:31  LogType=IN  DevId=8  Result=error
2026-03-09 17:24:15 OK    User=1202  MappedId=1202  Time=2026-03-09 17:21:08  LogType=IN  DevId=8  Result=ok
2026-03-09 17:25:22 SKIP  User=7  Time=2026-03-09 08:28:30  Reason=no_employee
2026-03-09 17:25:22 SKIP  User=588  Time=2026-03-09 09:50:55  Reason=no_employee
2026-03-09 17:25:22 SKIP  User=588  Time=2026-03-09 09:50:57  Reason=no_employee
2026-03-09 17:25:22 SKIP  User=588  Time=2026-03-09 10:43:11  Reason=no_employee
2026-03-09 17:25:22 SKIP  User=7  Time=2026-03-09 11:26:47  Reason=no_employee
2026-03-09 17:25:22 SKIP  User=588  Time=2026-03-09 11:54:54  Reason=no_employee
2026-03-09 17:25:22 SKIP  User=7  Time=2026-03-09 12:24:31  Reason=no_employee
2026-03-09 17:25:22 SKIP  User=7  Time=2026-03-09 12:38:35  Reason=no_employee
2026-03-09 17:25:22 SKIP  User=7  Time=2026-03-09 14:11:24  Reason=no_employee
2026-03-09 17:25:22 SKIP  User=7  Time=2026-03-09 14:11:38  Reason=no_employee
2026-03-09 17:25:22 SKIP  User=7  Time=2026-03-09 14:11:44  Reason=no_employee
2026-03-09 17:25:25 OK    User=823  MappedId=823  Time=2026-03-09 17:19:56  LogType=IN  DevId=8  Result=duplicate
2026-03-09 17:25:43 OK    User=983  MappedId=983  Time=2026-03-09 17:20:31  LogType=IN  DevId=8  Result=duplicate
2026-03-09 17:26:49 SKIP  User=7  Time=2026-03-09 08:28:30  Reason=no_employee
2026-03-09 17:26:49 SKIP  User=588  Time=2026-03-09 09:50:55  Reason=no_employee
2026-03-09 17:26:49 SKIP  User=588  Time=2026-03-09 09:50:57  Reason=no_employee
2026-03-09 17:26:49 SKIP  User=588  Time=2026-03-09 10:43:11  Reason=no_employee
2026-03-09 17:26:49 SKIP  User=7  Time=2026-03-09 11:26:47  Reason=no_employee
2026-03-09 17:26:49 SKIP  User=588  Time=2026-03-09 11:54:54  Reason=no_employee
2026-03-09 17:26:49 SKIP  User=7  Time=2026-03-09 12:24:31  Reason=no_employee
2026-03-09 17:26:49 SKIP  User=7  Time=2026-03-09 12:38:35  Reason=no_employee
2026-03-09 17:26:49 SKIP  User=7  Time=2026-03-09 14:11:24  Reason=no_employee
2026-03-09 17:26:49 SKIP  User=7  Time=2026-03-09 14:11:38  Reason=no_employee
2026-03-09 17:26:49 SKIP  User=7  Time=2026-03-09 14:11:44  Reason=no_employee
2026-03-09 17:26:50 OK    User=1117  MappedId=1117  Time=2026-03-09 17:25:26  LogType=IN  DevId=8  Result=ok
2026-03-09 17:27:21 FAIL  User=721  MappedId=SS00721  Time=2026-03-09 17:26:37  LogType=IN  DevId=8  Result=error
2026-03-09 17:28:28 SKIP  User=7  Time=2026-03-09 08:28:30  Reason=no_employee
2026-03-09 17:28:28 SKIP  User=588  Time=2026-03-09 09:50:55  Reason=no_employee
2026-03-09 17:28:28 SKIP  User=588  Time=2026-03-09 09:50:57  Reason=no_employee
2026-03-09 17:28:28 SKIP  User=588  Time=2026-03-09 10:43:11  Reason=no_employee
2026-03-09 17:28:28 SKIP  User=7  Time=2026-03-09 11:26:47  Reason=no_employee
2026-03-09 17:28:28 SKIP  User=588  Time=2026-03-09 11:54:54  Reason=no_employee
2026-03-09 17:28:28 SKIP  User=7  Time=2026-03-09 12:24:31  Reason=no_employee
2026-03-09 17:28:28 SKIP  User=7  Time=2026-03-09 12:38:35  Reason=no_employee
2026-03-09 17:28:28 SKIP  User=7  Time=2026-03-09 14:11:24  Reason=no_employee
2026-03-09 17:28:28 SKIP  User=7  Time=2026-03-09 14:11:38  Reason=no_employee
2026-03-09 17:28:28 SKIP  User=7  Time=2026-03-09 14:11:44  Reason=no_employee
2026-03-09 17:28:39 OK    User=721  MappedId=SS00721  Time=2026-03-09 17:26:37  LogType=IN  DevId=8  Result=duplicate
2026-03-09 17:29:11 FAIL  User=721  MappedId=SS00721  Time=2026-03-09 17:26:39  LogType=IN  DevId=8  Result=error
2026-03-09 17:29:13 OK    User=1220  MappedId=1220  Time=2026-03-09 17:27:53  LogType=IN  DevId=8  Result=ok
2026-03-09 17:29:15 OK    User=1220  MappedId=1220  Time=2026-03-09 17:27:55  LogType=IN  DevId=8  Result=ok
2026-03-09 17:30:20 SKIP  User=7  Time=2026-03-09 08:28:30  Reason=no_employee
2026-03-09 17:30:20 SKIP  User=588  Time=2026-03-09 09:50:55  Reason=no_employee
2026-03-09 17:30:20 SKIP  User=588  Time=2026-03-09 09:50:57  Reason=no_employee
2026-03-09 17:30:20 SKIP  User=588  Time=2026-03-09 10:43:11  Reason=no_employee
2026-03-09 17:30:20 SKIP  User=7  Time=2026-03-09 11:26:47  Reason=no_employee
2026-03-09 17:30:20 SKIP  User=588  Time=2026-03-09 11:54:54  Reason=no_employee
2026-03-09 17:30:20 SKIP  User=7  Time=2026-03-09 12:24:31  Reason=no_employee
2026-03-09 17:30:20 SKIP  User=7  Time=2026-03-09 12:38:35  Reason=no_employee
2026-03-09 17:30:20 SKIP  User=7  Time=2026-03-09 14:11:24  Reason=no_employee
2026-03-09 17:30:20 SKIP  User=7  Time=2026-03-09 14:11:38  Reason=no_employee
2026-03-09 17:30:20 SKIP  User=7  Time=2026-03-09 14:11:44  Reason=no_employee
2026-03-09 17:30:28 OK    User=721  MappedId=SS00721  Time=2026-03-09 17:26:39  LogType=IN  DevId=8  Result=duplicate
2026-03-09 17:30:59 FAIL  User=919  MappedId=919  Time=2026-03-09 17:28:19  LogType=IN  DevId=8  Result=error
2026-03-09 17:31:31 FAIL  User=241  MappedId=SS00241  Time=2026-03-09 17:29:06  LogType=IN  DevId=8  Result=error
2026-03-09 17:32:37 SKIP  User=7  Time=2026-03-09 08:28:30  Reason=no_employee
2026-03-09 17:32:37 SKIP  User=588  Time=2026-03-09 09:50:55  Reason=no_employee
2026-03-09 17:32:37 SKIP  User=588  Time=2026-03-09 09:50:57  Reason=no_employee
2026-03-09 17:32:37 SKIP  User=588  Time=2026-03-09 10:43:11  Reason=no_employee
2026-03-09 17:32:37 SKIP  User=7  Time=2026-03-09 11:26:47  Reason=no_employee
2026-03-09 17:32:37 SKIP  User=588  Time=2026-03-09 11:54:54  Reason=no_employee
2026-03-09 17:32:37 SKIP  User=7  Time=2026-03-09 12:24:31  Reason=no_employee
2026-03-09 17:32:37 SKIP  User=7  Time=2026-03-09 12:38:35  Reason=no_employee
2026-03-09 17:32:37 SKIP  User=7  Time=2026-03-09 14:11:24  Reason=no_employee
2026-03-09 17:32:37 SKIP  User=7  Time=2026-03-09 14:11:38  Reason=no_employee
2026-03-09 17:32:37 SKIP  User=7  Time=2026-03-09 14:11:44  Reason=no_employee
2026-03-09 17:32:52 OK    User=919  MappedId=919  Time=2026-03-09 17:28:19  LogType=IN  DevId=8  Result=duplicate
2026-03-09 17:33:08 OK    User=241  MappedId=SS00241  Time=2026-03-09 17:29:06  LogType=IN  DevId=8  Result=duplicate
2026-03-09 17:33:39 FAIL  User=943  MappedId=943  Time=2026-03-09 17:31:33  LogType=IN  DevId=8  Result=error
2026-03-09 17:34:11 FAIL  User=629  MappedId=629  Time=2026-03-09 17:32:20  LogType=IN  DevId=8  Result=error
2026-03-09 17:34:42 FAIL  User=629  MappedId=629  Time=2026-03-09 17:32:21  LogType=IN  DevId=8  Result=error
2026-03-09 17:35:50 SKIP  User=7  Time=2026-03-09 08:28:30  Reason=no_employee
2026-03-09 17:35:50 SKIP  User=588  Time=2026-03-09 09:50:55  Reason=no_employee
2026-03-09 17:35:50 SKIP  User=588  Time=2026-03-09 09:50:57  Reason=no_employee
2026-03-09 17:35:50 SKIP  User=588  Time=2026-03-09 10:43:11  Reason=no_employee
2026-03-09 17:35:50 SKIP  User=7  Time=2026-03-09 11:26:47  Reason=no_employee
2026-03-09 17:35:50 SKIP  User=588  Time=2026-03-09 11:54:54  Reason=no_employee
2026-03-09 17:35:50 SKIP  User=7  Time=2026-03-09 12:24:31  Reason=no_employee
2026-03-09 17:35:50 SKIP  User=7  Time=2026-03-09 12:38:35  Reason=no_employee
2026-03-09 17:35:50 SKIP  User=7  Time=2026-03-09 14:11:24  Reason=no_employee
2026-03-09 17:35:50 SKIP  User=7  Time=2026-03-09 14:11:38  Reason=no_employee
2026-03-09 17:35:50 SKIP  User=7  Time=2026-03-09 14:11:44  Reason=no_employee
2026-03-09 17:36:04 OK    User=943  MappedId=943  Time=2026-03-09 17:31:33  LogType=IN  DevId=8  Result=duplicate
2026-03-09 17:36:21 OK    User=629  MappedId=629  Time=2026-03-09 17:32:20  LogType=IN  DevId=8  Result=duplicate
2026-03-09 17:36:37 OK    User=629  MappedId=629  Time=2026-03-09 17:32:21  LogType=IN  DevId=8  Result=duplicate
2026-03-09 17:36:55 OK    User=490  MappedId=SS00490  Time=2026-03-09 17:34:04  LogType=IN  DevId=8  Result=ok
2026-03-09 17:37:12 OK    User=490  MappedId=SS00490  Time=2026-03-09 17:34:06  LogType=IN  DevId=8  Result=ok
2026-03-09 17:37:28 OK    User=1196  MappedId=1196  Time=2026-03-09 17:34:29  LogType=IN  DevId=8  Result=ok
2026-03-09 17:37:30 OK    User=1223  MappedId=1223  Time=2026-03-09 17:34:32  LogType=IN  DevId=8  Result=ok
2026-03-09 17:37:32 OK    User=1223  MappedId=1223  Time=2026-03-09 17:34:33  LogType=IN  DevId=8  Result=ok
2026-03-09 17:37:49 OK    User=1223  MappedId=1223  Time=2026-03-09 17:34:38  LogType=IN  DevId=8  Result=ok
2026-03-09 17:38:07 OK    User=888  MappedId=888  Time=2026-03-09 17:34:44  LogType=IN  DevId=8  Result=ok
2026-03-09 17:39:13 SKIP  User=7  Time=2026-03-09 08:28:30  Reason=no_employee
2026-03-09 17:39:13 SKIP  User=588  Time=2026-03-09 09:50:55  Reason=no_employee
2026-03-09 17:39:13 SKIP  User=588  Time=2026-03-09 09:50:57  Reason=no_employee
2026-03-09 17:39:13 SKIP  User=588  Time=2026-03-09 10:43:11  Reason=no_employee
2026-03-09 17:39:13 SKIP  User=7  Time=2026-03-09 11:26:47  Reason=no_employee
2026-03-09 17:39:13 SKIP  User=588  Time=2026-03-09 11:54:54  Reason=no_employee
2026-03-09 17:39:13 SKIP  User=7  Time=2026-03-09 12:24:31  Reason=no_employee
2026-03-09 17:39:13 SKIP  User=7  Time=2026-03-09 12:38:35  Reason=no_employee
2026-03-09 17:39:13 SKIP  User=7  Time=2026-03-09 14:11:24  Reason=no_employee
2026-03-09 17:39:13 SKIP  User=7  Time=2026-03-09 14:11:38  Reason=no_employee
2026-03-09 17:39:13 SKIP  User=7  Time=2026-03-09 14:11:44  Reason=no_employee
2026-03-09 17:40:17 SKIP  User=7  Time=2026-03-09 08:28:30  Reason=no_employee
2026-03-09 17:40:17 SKIP  User=588  Time=2026-03-09 09:50:55  Reason=no_employee
2026-03-09 17:40:17 SKIP  User=588  Time=2026-03-09 09:50:57  Reason=no_employee
2026-03-09 17:40:17 SKIP  User=588  Time=2026-03-09 10:43:11  Reason=no_employee
2026-03-09 17:40:17 SKIP  User=7  Time=2026-03-09 11:26:47  Reason=no_employee
2026-03-09 17:40:17 SKIP  User=588  Time=2026-03-09 11:54:54  Reason=no_employee
2026-03-09 17:40:17 SKIP  User=7  Time=2026-03-09 12:24:31  Reason=no_employee
2026-03-09 17:40:17 SKIP  User=7  Time=2026-03-09 12:38:35  Reason=no_employee
2026-03-09 17:40:17 SKIP  User=7  Time=2026-03-09 14:11:24  Reason=no_employee
2026-03-09 17:40:17 SKIP  User=7  Time=2026-03-09 14:11:38  Reason=no_employee
2026-03-09 17:40:17 SKIP  User=7  Time=2026-03-09 14:11:44  Reason=no_employee
2026-03-09 17:41:21 SKIP  User=7  Time=2026-03-09 08:28:30  Reason=no_employee
2026-03-09 17:41:21 SKIP  User=588  Time=2026-03-09 09:50:55  Reason=no_employee
2026-03-09 17:41:21 SKIP  User=588  Time=2026-03-09 09:50:57  Reason=no_employee
2026-03-09 17:41:21 SKIP  User=588  Time=2026-03-09 10:43:11  Reason=no_employee
2026-03-09 17:41:21 SKIP  User=7  Time=2026-03-09 11:26:47  Reason=no_employee
2026-03-09 17:41:21 SKIP  User=588  Time=2026-03-09 11:54:54  Reason=no_employee
2026-03-09 17:41:21 SKIP  User=7  Time=2026-03-09 12:24:31  Reason=no_employee
2026-03-09 17:41:21 SKIP  User=7  Time=2026-03-09 12:38:35  Reason=no_employee
2026-03-09 17:41:21 SKIP  User=7  Time=2026-03-09 14:11:24  Reason=no_employee
2026-03-09 17:41:21 SKIP  User=7  Time=2026-03-09 14:11:38  Reason=no_employee
2026-03-09 17:41:21 SKIP  User=7  Time=2026-03-09 14:11:44  Reason=no_employee
2026-03-09 17:41:45 OK    User=1226  MappedId=1226  Time=2026-03-09 17:40:18  LogType=IN  DevId=8  Result=ok
2026-03-09 17:42:02 OK    User=1226  MappedId=1226  Time=2026-03-09 17:40:19  LogType=IN  DevId=8  Result=ok
2026-03-09 17:43:07 SKIP  User=7  Time=2026-03-09 08:28:30  Reason=no_employee
2026-03-09 17:43:07 SKIP  User=588  Time=2026-03-09 09:50:55  Reason=no_employee
2026-03-09 17:43:07 SKIP  User=588  Time=2026-03-09 09:50:57  Reason=no_employee
2026-03-09 17:43:07 SKIP  User=588  Time=2026-03-09 10:43:11  Reason=no_employee
2026-03-09 17:43:07 SKIP  User=7  Time=2026-03-09 11:26:47  Reason=no_employee
2026-03-09 17:43:07 SKIP  User=588  Time=2026-03-09 11:54:54  Reason=no_employee
2026-03-09 17:43:07 SKIP  User=7  Time=2026-03-09 12:24:31  Reason=no_employee
2026-03-09 17:43:07 SKIP  User=7  Time=2026-03-09 12:38:35  Reason=no_employee
2026-03-09 17:43:07 SKIP  User=7  Time=2026-03-09 14:11:24  Reason=no_employee
2026-03-09 17:43:07 SKIP  User=7  Time=2026-03-09 14:11:38  Reason=no_employee
2026-03-09 17:43:07 SKIP  User=7  Time=2026-03-09 14:11:44  Reason=no_employee
2026-03-09 17:43:22 OK    User=1093  MappedId=1093  Time=2026-03-09 17:41:23  LogType=IN  DevId=8  Result=ok
2026-03-09 17:43:24 OK    User=1147  MappedId=1147  Time=2026-03-09 17:42:39  LogType=IN  DevId=8  Result=ok
2026-03-09 17:43:26 OK    User=1147  MappedId=1147  Time=2026-03-09 17:42:45  LogType=IN  DevId=8  Result=ok
2026-03-09 17:43:28 OK    User=1147  MappedId=1147  Time=2026-03-09 17:42:51  LogType=IN  DevId=8  Result=ok
2026-03-09 17:44:34 SKIP  User=7  Time=2026-03-09 08:28:30  Reason=no_employee
2026-03-09 17:44:34 SKIP  User=588  Time=2026-03-09 09:50:55  Reason=no_employee
2026-03-09 17:44:34 SKIP  User=588  Time=2026-03-09 09:50:57  Reason=no_employee
2026-03-09 17:44:34 SKIP  User=588  Time=2026-03-09 10:43:11  Reason=no_employee
2026-03-09 17:44:34 SKIP  User=7  Time=2026-03-09 11:26:47  Reason=no_employee
2026-03-09 17:44:34 SKIP  User=588  Time=2026-03-09 11:54:54  Reason=no_employee
2026-03-09 17:44:34 SKIP  User=7  Time=2026-03-09 12:24:31  Reason=no_employee
2026-03-09 17:44:34 SKIP  User=7  Time=2026-03-09 12:38:35  Reason=no_employee
2026-03-09 17:44:34 SKIP  User=7  Time=2026-03-09 14:11:24  Reason=no_employee
2026-03-09 17:44:34 SKIP  User=7  Time=2026-03-09 14:11:38  Reason=no_employee
2026-03-09 17:44:34 SKIP  User=7  Time=2026-03-09 14:11:44  Reason=no_employee
2026-03-09 17:44:35 OK    User=1147  MappedId=1147  Time=2026-03-09 17:42:59  LogType=IN  DevId=8  Result=ok
2026-03-09 17:44:53 OK    User=1057  MappedId=1057  Time=2026-03-09 17:43:23  LogType=IN  DevId=8  Result=ok
2026-03-09 17:45:10 OK    User=1057  MappedId=1057  Time=2026-03-09 17:43:24  LogType=IN  DevId=8  Result=ok
2026-03-09 17:45:28 OK    User=879  MappedId=879  Time=2026-03-09 17:43:48  LogType=IN  DevId=8  Result=ok
2026-03-09 17:45:45 OK    User=879  MappedId=879  Time=2026-03-09 17:43:50  LogType=IN  DevId=8  Result=ok
2026-03-09 17:46:16 FAIL  User=879  MappedId=879  Time=2026-03-09 17:43:51  LogType=IN  DevId=8  Result=error
2026-03-09 17:46:34 OK    User=879  MappedId=879  Time=2026-03-09 17:43:53  LogType=IN  DevId=8  Result=ok
2026-03-09 17:46:52 OK    User=879  MappedId=879  Time=2026-03-09 17:43:54  LogType=IN  DevId=8  Result=ok
2026-03-09 17:47:09 OK    User=879  MappedId=879  Time=2026-03-09 17:44:07  LogType=IN  DevId=8  Result=ok
2026-03-09 17:47:40 FAIL  User=879  MappedId=879  Time=2026-03-09 17:44:08  LogType=IN  DevId=8  Result=error
2026-03-09 17:47:58 OK    User=879  MappedId=879  Time=2026-03-09 17:44:10  LogType=IN  DevId=8  Result=ok
2026-03-09 17:48:29 FAIL  User=879  MappedId=879  Time=2026-03-09 17:44:16  LogType=IN  DevId=8  Result=error
2026-03-09 17:49:35 SKIP  User=7  Time=2026-03-09 08:28:30  Reason=no_employee
2026-03-09 17:49:35 SKIP  User=588  Time=2026-03-09 09:50:55  Reason=no_employee
2026-03-09 17:49:35 SKIP  User=588  Time=2026-03-09 09:50:57  Reason=no_employee
2026-03-09 17:49:35 SKIP  User=588  Time=2026-03-09 10:43:11  Reason=no_employee
2026-03-09 17:49:35 SKIP  User=7  Time=2026-03-09 11:26:47  Reason=no_employee
2026-03-09 17:49:35 SKIP  User=588  Time=2026-03-09 11:54:54  Reason=no_employee
2026-03-09 17:49:35 SKIP  User=7  Time=2026-03-09 12:24:31  Reason=no_employee
2026-03-09 17:49:35 SKIP  User=7  Time=2026-03-09 12:38:35  Reason=no_employee
2026-03-09 17:49:35 SKIP  User=7  Time=2026-03-09 14:11:24  Reason=no_employee
2026-03-09 17:49:35 SKIP  User=7  Time=2026-03-09 14:11:38  Reason=no_employee
2026-03-09 17:49:35 SKIP  User=7  Time=2026-03-09 14:11:44  Reason=no_employee
2026-03-09 17:49:36 OK    User=879  MappedId=879  Time=2026-03-09 17:43:51  LogType=IN  DevId=8  Result=duplicate
2026-03-09 17:49:54 OK    User=879  MappedId=879  Time=2026-03-09 17:44:08  LogType=IN  DevId=8  Result=duplicate
2026-03-09 17:50:11 OK    User=879  MappedId=879  Time=2026-03-09 17:44:16  LogType=IN  DevId=8  Result=duplicate
2026-03-09 17:50:29 OK    User=835  MappedId=835  Time=2026-03-09 17:45:52  LogType=IN  DevId=8  Result=ok
2026-03-09 17:50:45 OK    User=1185  MappedId=1185  Time=2026-03-09 17:47:58  LogType=IN  DevId=8  Result=ok
2026-03-09 17:51:16 FAIL  User=SS00588  MappedId=SS00588  Time=2026-03-09 17:48:16  LogType=IN  DevId=8  Result=error
2026-03-09 17:52:22 SKIP  User=7  Time=2026-03-09 08:28:30  Reason=no_employee
2026-03-09 17:52:22 SKIP  User=588  Time=2026-03-09 09:50:55  Reason=no_employee
2026-03-09 17:52:22 SKIP  User=588  Time=2026-03-09 09:50:57  Reason=no_employee
2026-03-09 17:52:22 SKIP  User=588  Time=2026-03-09 10:43:11  Reason=no_employee
2026-03-09 17:52:22 SKIP  User=7  Time=2026-03-09 11:26:47  Reason=no_employee
2026-03-09 17:52:22 SKIP  User=588  Time=2026-03-09 11:54:54  Reason=no_employee
2026-03-09 17:52:22 SKIP  User=7  Time=2026-03-09 12:24:31  Reason=no_employee
2026-03-09 17:52:22 SKIP  User=7  Time=2026-03-09 12:38:35  Reason=no_employee
2026-03-09 17:52:22 SKIP  User=7  Time=2026-03-09 14:11:24  Reason=no_employee
2026-03-09 17:52:22 SKIP  User=7  Time=2026-03-09 14:11:38  Reason=no_employee
2026-03-09 17:52:22 SKIP  User=7  Time=2026-03-09 14:11:44  Reason=no_employee
2026-03-09 17:52:23 OK    User=SS00588  MappedId=SS00588  Time=2026-03-09 17:48:16  LogType=IN  DevId=8  Result=duplicate
2026-03-09 17:52:54 FAIL  User=1166  MappedId=1166  Time=2026-03-09 17:50:44  LogType=IN  DevId=8  Result=error
2026-03-09 17:53:12 OK    User=1166  MappedId=1166  Time=2026-03-09 17:50:46  LogType=IN  DevId=8  Result=ok
2026-03-09 17:53:43 FAIL  User=1166  MappedId=1166  Time=2026-03-09 17:50:47  LogType=IN  DevId=8  Result=error
2026-03-09 17:54:01 OK    User=958  MappedId=958  Time=2026-03-09 17:50:51  LogType=IN  DevId=8  Result=ok
2026-03-09 17:54:32 FAIL  User=958  MappedId=958  Time=2026-03-09 17:50:53  LogType=IN  DevId=8  Result=error
2026-03-09 17:55:03 FAIL  User=1166  MappedId=1166  Time=2026-03-09 17:51:01  LogType=IN  DevId=8  Result=error
2026-03-09 17:55:20 OK    User=1092  MappedId=1092  Time=2026-03-09 17:51:05  LogType=IN  DevId=8  Result=ok
2026-03-09 17:55:36 OK    User=1092  MappedId=1092  Time=2026-03-09 17:51:07  LogType=IN  DevId=8  Result=ok
2026-03-09 17:55:53 OK    User=954  MappedId=954  Time=2026-03-09 17:51:19  LogType=IN  DevId=8  Result=ok
2026-03-09 17:56:25 FAIL  User=954  MappedId=954  Time=2026-03-09 17:51:20  LogType=IN  DevId=8  Result=error
2026-03-09 17:56:42 OK    User=1153  MappedId=1153  Time=2026-03-09 17:51:28  LogType=IN  DevId=8  Result=ok
2026-03-09 17:57:13 FAIL  User=823  MappedId=823  Time=2026-03-09 17:51:32  LogType=IN  DevId=8  Result=error
2026-03-09 17:57:45 FAIL  User=823  MappedId=823  Time=2026-03-09 17:51:33  LogType=IN  DevId=8  Result=error
2026-03-09 17:58:16 FAIL  User=823  MappedId=823  Time=2026-03-09 17:51:41  LogType=IN  DevId=8  Result=error
2026-03-09 17:58:47 FAIL  User=836  MappedId=836  Time=2026-03-09 17:51:46  LogType=IN  DevId=8  Result=error
2026-03-09 17:59:18 FAIL  User=933  MappedId=933  Time=2026-03-09 17:51:59  LogType=IN  DevId=8  Result=error
2026-03-09 17:59:36 OK    User=837  MappedId=837  Time=2026-03-09 17:52:05  LogType=IN  DevId=8  Result=ok
2026-03-09 17:59:53 OK    User=837  MappedId=837  Time=2026-03-09 17:52:10  LogType=IN  DevId=8  Result=ok
2026-03-09 18:00:59 SKIP  User=7  Time=2026-03-09 08:28:30  Reason=no_employee
2026-03-09 18:00:59 SKIP  User=588  Time=2026-03-09 09:50:55  Reason=no_employee
2026-03-09 18:00:59 SKIP  User=588  Time=2026-03-09 09:50:57  Reason=no_employee
2026-03-09 18:00:59 SKIP  User=588  Time=2026-03-09 10:43:11  Reason=no_employee
2026-03-09 18:00:59 SKIP  User=7  Time=2026-03-09 11:26:47  Reason=no_employee
2026-03-09 18:00:59 SKIP  User=588  Time=2026-03-09 11:54:54  Reason=no_employee
2026-03-09 18:00:59 SKIP  User=7  Time=2026-03-09 12:24:31  Reason=no_employee
2026-03-09 18:00:59 SKIP  User=7  Time=2026-03-09 12:38:35  Reason=no_employee
2026-03-09 18:00:59 SKIP  User=7  Time=2026-03-09 14:11:24  Reason=no_employee
2026-03-09 18:00:59 SKIP  User=7  Time=2026-03-09 14:11:38  Reason=no_employee
2026-03-09 18:00:59 SKIP  User=7  Time=2026-03-09 14:11:44  Reason=no_employee
2026-03-09 18:01:06 OK    User=1166  MappedId=1166  Time=2026-03-09 17:50:44  LogType=IN  DevId=8  Result=duplicate
2026-03-09 18:01:08 OK    User=1166  MappedId=1166  Time=2026-03-09 17:50:47  LogType=IN  DevId=8  Result=duplicate
2026-03-09 18:01:26 OK    User=958  MappedId=958  Time=2026-03-09 17:50:53  LogType=IN  DevId=8  Result=duplicate
2026-03-09 18:01:28 OK    User=1166  MappedId=1166  Time=2026-03-09 17:51:01  LogType=IN  DevId=8  Result=duplicate
2026-03-09 18:01:43 OK    User=954  MappedId=954  Time=2026-03-09 17:51:20  LogType=IN  DevId=8  Result=duplicate
2026-03-09 18:02:01 OK    User=823  MappedId=823  Time=2026-03-09 17:51:32  LogType=IN  DevId=8  Result=duplicate
2026-03-09 18:02:03 OK    User=823  MappedId=823  Time=2026-03-09 17:51:33  LogType=IN  DevId=8  Result=duplicate
2026-03-09 18:02:19 OK    User=823  MappedId=823  Time=2026-03-09 17:51:41  LogType=IN  DevId=8  Result=duplicate
2026-03-09 18:02:20 OK    User=836  MappedId=836  Time=2026-03-09 17:51:46  LogType=IN  DevId=8  Result=duplicate
2026-03-09 18:02:36 OK    User=933  MappedId=933  Time=2026-03-09 17:51:59  LogType=IN  DevId=8  Result=duplicate
2026-03-09 18:02:54 OK    User=822  MappedId=822  Time=2026-03-09 17:52:13  LogType=IN  DevId=8  Result=ok
2026-03-09 18:03:11 OK    User=826  MappedId=826  Time=2026-03-09 17:52:23  LogType=IN  DevId=8  Result=ok
2026-03-09 18:03:42 FAIL  User=24  MappedId=SS0024  Time=2026-03-09 17:52:30  LogType=IN  DevId=8  Result=error
2026-03-09 18:04:14 FAIL  User=21  MappedId=SS0021  Time=2026-03-09 17:52:38  LogType=IN  DevId=8  Result=error
2026-03-09 18:04:45 FAIL  User=861  MappedId=861  Time=2026-03-09 17:53:53  LogType=IN  DevId=8  Result=error
2026-03-09 18:05:16 FAIL  User=861  MappedId=861  Time=2026-03-09 17:53:55  LogType=IN  DevId=8  Result=error
2026-03-09 18:05:48 FAIL  User=983  MappedId=983  Time=2026-03-09 17:53:58  LogType=IN  DevId=8  Result=error
2026-03-09 18:06:19 FAIL  User=1067  MappedId=1067  Time=2026-03-09 17:54:01  LogType=IN  DevId=8  Result=error
2026-03-09 18:06:50 FAIL  User=1067  MappedId=1067  Time=2026-03-09 17:54:02  LogType=IN  DevId=8  Result=error
2026-03-09 18:07:09 OK    User=1067  MappedId=1067  Time=2026-03-09 17:54:15  LogType=IN  DevId=8  Result=ok
2026-03-09 18:07:40 FAIL  User=927  MappedId=927  Time=2026-03-09 17:54:25  LogType=IN  DevId=8  Result=error
2026-03-09 18:08:11 FAIL  User=976  MappedId=976  Time=2026-03-09 17:54:30  LogType=IN  DevId=8  Result=error
2026-03-09 18:08:43 FAIL  User=976  MappedId=976  Time=2026-03-09 17:54:35  LogType=IN  DevId=8  Result=error
2026-03-09 18:09:14 FAIL  User=1077  MappedId=1077  Time=2026-03-09 17:56:58  LogType=IN  DevId=8  Result=error
2026-03-09 18:09:45 FAIL  User=1177  MappedId=1177  Time=2026-03-09 17:57:32  LogType=IN  DevId=8  Result=error
2026-03-09 18:10:02 OK    User=1177  MappedId=1177  Time=2026-03-09 17:57:34  LogType=IN  DevId=8  Result=ok
2026-03-09 18:10:19 OK    User=1033  MappedId=1033  Time=2026-03-09 17:58:11  LogType=IN  DevId=8  Result=ok
2026-03-09 18:10:35 OK    User=1033  MappedId=1033  Time=2026-03-09 17:58:13  LogType=IN  DevId=8  Result=ok
2026-03-09 18:11:06 FAIL  User=936  MappedId=936  Time=2026-03-09 17:59:54  LogType=IN  DevId=8  Result=error
2026-03-09 18:11:24 OK    User=862  MappedId=862  Time=2026-03-09 17:59:57  LogType=IN  DevId=8  Result=ok
2026-03-09 18:11:55 FAIL  User=862  MappedId=862  Time=2026-03-09 17:59:59  LogType=IN  DevId=8  Result=error
2026-03-09 18:12:13 OK    User=862  MappedId=862  Time=2026-03-09 18:00:04  LogType=IN  DevId=8  Result=ok
2026-03-09 18:12:31 OK    User=484  MappedId=SS00484  Time=2026-03-09 18:00:38  LogType=IN  DevId=8  Result=ok
2026-03-09 18:13:02 FAIL  User=490  MappedId=SS00490  Time=2026-03-09 18:00:41  LogType=IN  DevId=8  Result=error
2026-03-09 18:14:08 SKIP  User=7  Time=2026-03-09 08:28:30  Reason=no_employee
2026-03-09 18:14:08 SKIP  User=588  Time=2026-03-09 09:50:55  Reason=no_employee
2026-03-09 18:14:08 SKIP  User=588  Time=2026-03-09 09:50:57  Reason=no_employee
2026-03-09 18:14:08 SKIP  User=588  Time=2026-03-09 10:43:11  Reason=no_employee
2026-03-09 18:14:08 SKIP  User=7  Time=2026-03-09 11:26:47  Reason=no_employee
2026-03-09 18:14:08 SKIP  User=588  Time=2026-03-09 11:54:54  Reason=no_employee
2026-03-09 18:14:08 SKIP  User=7  Time=2026-03-09 12:24:31  Reason=no_employee
2026-03-09 18:14:08 SKIP  User=7  Time=2026-03-09 12:38:35  Reason=no_employee
2026-03-09 18:14:08 SKIP  User=7  Time=2026-03-09 14:11:24  Reason=no_employee
2026-03-09 18:14:08 SKIP  User=7  Time=2026-03-09 14:11:38  Reason=no_employee
2026-03-09 18:14:08 SKIP  User=7  Time=2026-03-09 14:11:44  Reason=no_employee
2026-03-09 18:14:09 OK    User=24  MappedId=SS0024  Time=2026-03-09 17:52:30  LogType=IN  DevId=8  Result=duplicate
2026-03-09 18:14:11 OK    User=21  MappedId=SS0021  Time=2026-03-09 17:52:38  LogType=IN  DevId=8  Result=duplicate
2026-03-09 18:14:13 OK    User=861  MappedId=861  Time=2026-03-09 17:53:53  LogType=IN  DevId=8  Result=duplicate
2026-03-09 18:14:14 OK    User=861  MappedId=861  Time=2026-03-09 17:53:55  LogType=IN  DevId=8  Result=duplicate
2026-03-09 18:14:16 OK    User=983  MappedId=983  Time=2026-03-09 17:53:58  LogType=IN  DevId=8  Result=duplicate
2026-03-09 18:14:18 OK    User=1067  MappedId=1067  Time=2026-03-09 17:54:01  LogType=IN  DevId=8  Result=duplicate
2026-03-09 18:14:20 OK    User=1067  MappedId=1067  Time=2026-03-09 17:54:02  LogType=IN  DevId=8  Result=duplicate
2026-03-09 18:14:22 OK    User=927  MappedId=927  Time=2026-03-09 17:54:25  LogType=IN  DevId=8  Result=duplicate
2026-03-09 18:14:23 OK    User=976  MappedId=976  Time=2026-03-09 17:54:30  LogType=IN  DevId=8  Result=duplicate
2026-03-09 18:14:26 OK    User=976  MappedId=976  Time=2026-03-09 17:54:35  LogType=IN  DevId=8  Result=duplicate
2026-03-09 18:14:28 OK    User=1077  MappedId=1077  Time=2026-03-09 17:56:58  LogType=IN  DevId=8  Result=duplicate
2026-03-09 18:14:30 OK    User=1177  MappedId=1177  Time=2026-03-09 17:57:32  LogType=IN  DevId=8  Result=duplicate
2026-03-09 18:14:32 OK    User=936  MappedId=936  Time=2026-03-09 17:59:54  LogType=IN  DevId=8  Result=duplicate
2026-03-09 18:14:33 OK    User=862  MappedId=862  Time=2026-03-09 17:59:59  LogType=IN  DevId=8  Result=duplicate
2026-03-09 18:14:35 OK    User=490  MappedId=SS00490  Time=2026-03-09 18:00:41  LogType=IN  DevId=8  Result=duplicate
2026-03-09 18:14:53 OK    User=490  MappedId=SS00490  Time=2026-03-09 18:00:51  LogType=IN  DevId=8  Result=ok
2026-03-09 18:15:10 OK    User=943  MappedId=943  Time=2026-03-09 18:01:01  LogType=IN  DevId=8  Result=ok
2026-03-09 18:15:12 OK    User=1147  MappedId=1147  Time=2026-03-09 18:01:05  LogType=IN  DevId=8  Result=ok
2026-03-09 18:15:14 OK    User=1147  MappedId=1147  Time=2026-03-09 18:01:12  LogType=IN  DevId=8  Result=ok
2026-03-09 18:15:16 OK    User=1147  MappedId=1147  Time=2026-03-09 18:01:25  LogType=IN  DevId=8  Result=ok
2026-03-09 18:15:18 OK    User=1210  MappedId=1210  Time=2026-03-09 18:03:00  LogType=IN  DevId=8  Result=ok
2026-03-09 18:15:20 OK    User=1210  MappedId=1210  Time=2026-03-09 18:03:01  LogType=IN  DevId=8  Result=ok
2026-03-09 18:15:37 OK    User=191  MappedId=SS00191  Time=2026-03-09 18:04:08  LogType=IN  DevId=8  Result=ok
2026-03-09 18:16:08 FAIL  User=195  MappedId=SS00195  Time=2026-03-09 18:04:13  LogType=IN  DevId=8  Result=error
2026-03-09 18:16:40 FAIL  User=195  MappedId=SS00195  Time=2026-03-09 18:04:15  LogType=IN  DevId=8  Result=error
2026-03-09 18:17:11 FAIL  User=375  MappedId=SS00375  Time=2026-03-09 18:04:21  LogType=IN  DevId=8  Result=error
2026-03-09 18:17:42 FAIL  User=300  MappedId=SS00300  Time=2026-03-09 18:04:25  LogType=IN  DevId=8  Result=error
2026-03-09 18:18:14 FAIL  User=300  MappedId=SS00300  Time=2026-03-09 18:04:31  LogType=IN  DevId=8  Result=error
2026-03-09 18:18:45 FAIL  User=914  MappedId=914  Time=2026-03-09 18:04:36  LogType=IN  DevId=8  Result=error
2026-03-09 18:19:03 OK    User=825  MappedId=825  Time=2026-03-09 18:05:20  LogType=IN  DevId=8  Result=ok
2026-03-09 18:19:19 OK    User=1139  MappedId=1139  Time=2026-03-09 18:05:30  LogType=IN  DevId=8  Result=ok
2026-03-09 18:19:36 OK    User=1135  MappedId=1135  Time=2026-03-09 18:05:35  LogType=IN  DevId=8  Result=ok
2026-03-09 18:19:38 OK    User=1135  MappedId=1135  Time=2026-03-09 18:05:37  LogType=IN  DevId=8  Result=ok
2026-03-09 18:19:56 OK    User=1100  MappedId=1100  Time=2026-03-09 18:05:43  LogType=IN  DevId=8  Result=ok
2026-03-09 18:20:27 FAIL  User=1100  MappedId=1100  Time=2026-03-09 18:05:45  LogType=IN  DevId=8  Result=error
2026-03-09 18:20:58 FAIL  User=747  MappedId=747  Time=2026-03-09 18:06:19  LogType=IN  DevId=8  Result=error
2026-03-09 18:21:29 FAIL  User=964  MappedId=964  Time=2026-03-09 18:07:13  LogType=IN  DevId=8  Result=error
2026-03-09 18:22:01 FAIL  User=796  MappedId=796  Time=2026-03-09 18:07:15  LogType=IN  DevId=8  Result=error
2026-03-09 18:22:19 OK    User=964  MappedId=964  Time=2026-03-09 18:07:20  LogType=IN  DevId=8  Result=ok
2026-03-09 18:22:50 FAIL  User=880  MappedId=880  Time=2026-03-09 18:09:06  LogType=IN  DevId=8  Result=error
2026-03-09 18:23:22 FAIL  User=966  MappedId=966  Time=2026-03-09 18:10:36  LogType=IN  DevId=8  Result=error
2026-03-09 18:23:53 FAIL  User=966  MappedId=966  Time=2026-03-09 18:10:37  LogType=IN  DevId=8  Result=error
2026-03-09 18:24:24 FAIL  User=965  MappedId=965  Time=2026-03-09 18:10:46  LogType=IN  DevId=8  Result=error
2026-03-09 18:24:55 FAIL  User=887  MappedId=887  Time=2026-03-09 18:10:52  LogType=IN  DevId=8  Result=error
2026-03-09 18:25:13 OK    User=887  MappedId=887  Time=2026-03-09 18:10:53  LogType=IN  DevId=8  Result=ok
2026-03-09 18:25:29 OK    User=1203  MappedId=1203  Time=2026-03-09 18:11:01  LogType=IN  DevId=8  Result=ok
2026-03-09 18:25:31 OK    User=1203  MappedId=1203  Time=2026-03-09 18:11:03  LogType=IN  DevId=8  Result=ok
2026-03-09 18:25:48 OK    User=931  MappedId=931  Time=2026-03-09 18:11:59  LogType=IN  DevId=8  Result=ok
2026-03-09 18:26:06 OK    User=931  MappedId=931  Time=2026-03-09 18:12:00  LogType=IN  DevId=8  Result=ok
2026-03-09 18:26:38 FAIL  User=1144  MappedId=1144  Time=2026-03-09 18:12:47  LogType=IN  DevId=8  Result=error
2026-03-09 18:27:44 SKIP  User=7  Time=2026-03-09 08:28:30  Reason=no_employee
2026-03-09 18:27:44 SKIP  User=588  Time=2026-03-09 09:50:55  Reason=no_employee
2026-03-09 18:27:44 SKIP  User=588  Time=2026-03-09 09:50:57  Reason=no_employee
2026-03-09 18:27:44 SKIP  User=588  Time=2026-03-09 10:43:11  Reason=no_employee
2026-03-09 18:27:44 SKIP  User=7  Time=2026-03-09 11:26:47  Reason=no_employee
2026-03-09 18:27:44 SKIP  User=588  Time=2026-03-09 11:54:54  Reason=no_employee
2026-03-09 18:27:44 SKIP  User=7  Time=2026-03-09 12:24:31  Reason=no_employee
2026-03-09 18:27:44 SKIP  User=7  Time=2026-03-09 12:38:35  Reason=no_employee
2026-03-09 18:27:44 SKIP  User=7  Time=2026-03-09 14:11:24  Reason=no_employee
2026-03-09 18:27:44 SKIP  User=7  Time=2026-03-09 14:11:38  Reason=no_employee
2026-03-09 18:27:44 SKIP  User=7  Time=2026-03-09 14:11:44  Reason=no_employee
2026-03-09 18:28:01 OK    User=195  MappedId=SS00195  Time=2026-03-09 18:04:13  LogType=IN  DevId=8  Result=duplicate
2026-03-09 18:28:03 OK    User=195  MappedId=SS00195  Time=2026-03-09 18:04:15  LogType=IN  DevId=8  Result=duplicate
2026-03-09 18:28:04 OK    User=375  MappedId=SS00375  Time=2026-03-09 18:04:21  LogType=IN  DevId=8  Result=duplicate
2026-03-09 18:28:06 OK    User=300  MappedId=SS00300  Time=2026-03-09 18:04:25  LogType=IN  DevId=8  Result=duplicate
2026-03-09 18:28:08 OK    User=300  MappedId=SS00300  Time=2026-03-09 18:04:31  LogType=IN  DevId=8  Result=duplicate
2026-03-09 18:28:10 OK    User=914  MappedId=914  Time=2026-03-09 18:04:36  LogType=IN  DevId=8  Result=duplicate
2026-03-09 18:28:12 OK    User=1100  MappedId=1100  Time=2026-03-09 18:05:45  LogType=IN  DevId=8  Result=duplicate
2026-03-09 18:28:13 OK    User=747  MappedId=747  Time=2026-03-09 18:06:19  LogType=IN  DevId=8  Result=duplicate
2026-03-09 18:28:15 OK    User=964  MappedId=964  Time=2026-03-09 18:07:13  LogType=IN  DevId=8  Result=duplicate
2026-03-09 18:28:17 OK    User=796  MappedId=796  Time=2026-03-09 18:07:15  LogType=IN  DevId=8  Result=duplicate
2026-03-09 18:28:19 OK    User=880  MappedId=880  Time=2026-03-09 18:09:06  LogType=IN  DevId=8  Result=duplicate
2026-03-09 18:28:20 OK    User=966  MappedId=966  Time=2026-03-09 18:10:36  LogType=IN  DevId=8  Result=duplicate
2026-03-09 18:28:22 OK    User=966  MappedId=966  Time=2026-03-09 18:10:37  LogType=IN  DevId=8  Result=duplicate
2026-03-09 18:28:24 OK    User=965  MappedId=965  Time=2026-03-09 18:10:46  LogType=IN  DevId=8  Result=duplicate
2026-03-09 18:28:26 OK    User=887  MappedId=887  Time=2026-03-09 18:10:52  LogType=IN  DevId=8  Result=duplicate
2026-03-09 18:28:28 OK    User=1144  MappedId=1144  Time=2026-03-09 18:12:47  LogType=IN  DevId=8  Result=duplicate
2026-03-09 18:28:45 OK    User=980  MappedId=980  Time=2026-03-09 18:14:17  LogType=IN  DevId=8  Result=ok
2026-03-09 18:29:03 OK    User=980  MappedId=980  Time=2026-03-09 18:14:19  LogType=IN  DevId=8  Result=ok
2026-03-09 18:29:34 FAIL  User=996  MappedId=996  Time=2026-03-09 18:14:24  LogType=IN  DevId=8  Result=error
2026-03-09 18:29:52 OK    User=996  MappedId=996  Time=2026-03-09 18:14:25  LogType=IN  DevId=8  Result=ok
2026-03-09 18:30:10 OK    User=1116  MappedId=1116  Time=2026-03-09 18:14:31  LogType=IN  DevId=8  Result=ok
2026-03-09 18:30:41 FAIL  User=1116  MappedId=1116  Time=2026-03-09 18:14:33  LogType=IN  DevId=8  Result=error
2026-03-09 18:31:12 FAIL  User=1116  MappedId=1116  Time=2026-03-09 18:14:37  LogType=IN  DevId=8  Result=error
2026-03-09 18:31:30 OK    User=1116  MappedId=1116  Time=2026-03-09 18:14:41  LogType=IN  DevId=8  Result=ok
2026-03-09 18:32:01 FAIL  User=884  MappedId=884  Time=2026-03-09 18:14:47  LogType=IN  DevId=8  Result=error
2026-03-09 18:32:32 FAIL  User=884  MappedId=884  Time=2026-03-09 18:14:50  LogType=IN  DevId=8  Result=error
2026-03-09 18:32:50 OK    User=1069  MappedId=1069  Time=2026-03-09 18:14:53  LogType=IN  DevId=8  Result=ok
2026-03-09 18:33:07 OK    User=1069  MappedId=1069  Time=2026-03-09 18:14:54  LogType=IN  DevId=8  Result=ok
2026-03-09 18:33:38 FAIL  User=1069  MappedId=1069  Time=2026-03-09 18:14:58  LogType=IN  DevId=8  Result=error
2026-03-09 18:33:56 OK    User=961  MappedId=961  Time=2026-03-09 18:15:01  LogType=IN  DevId=8  Result=ok
2026-03-09 18:34:27 FAIL  User=1023  MappedId=1023  Time=2026-03-09 18:15:03  LogType=IN  DevId=8  Result=error
2026-03-09 18:34:45 OK    User=1023  MappedId=1023  Time=2026-03-09 18:15:05  LogType=IN  DevId=8  Result=ok
2026-03-09 18:34:47 OK    User=1070  MappedId=1070  Time=2026-03-09 18:15:41  LogType=IN  DevId=8  Result=ok
2026-03-09 18:34:49 OK    User=1214  MappedId=1214  Time=2026-03-09 18:16:24  LogType=IN  DevId=8  Result=ok
2026-03-09 18:35:06 OK    User=960  MappedId=960  Time=2026-03-09 18:16:31  LogType=IN  DevId=8  Result=ok
2026-03-09 18:35:24 OK    User=960  MappedId=960  Time=2026-03-09 18:16:33  LogType=IN  DevId=8  Result=ok
2026-03-09 18:35:41 OK    User=963  MappedId=963  Time=2026-03-09 18:16:35  LogType=IN  DevId=8  Result=ok
2026-03-09 18:36:13 FAIL  User=959  MappedId=959  Time=2026-03-09 18:16:38  LogType=IN  DevId=8  Result=error
2026-03-09 18:36:30 OK    User=959  MappedId=959  Time=2026-03-09 18:16:52  LogType=IN  DevId=8  Result=ok
2026-03-09 18:36:48 OK    User=937  MappedId=937  Time=2026-03-09 18:17:02  LogType=IN  DevId=8  Result=ok
2026-03-09 18:37:05 OK    User=928  MappedId=928  Time=2026-03-09 18:17:21  LogType=IN  DevId=8  Result=ok
2026-03-09 18:37:37 FAIL  User=928  MappedId=928  Time=2026-03-09 18:17:22  LogType=IN  DevId=8  Result=error
2026-03-09 18:37:39 OK    User=1160  MappedId=1160  Time=2026-03-09 18:19:28  LogType=IN  DevId=8  Result=ok
2026-03-09 18:37:41 OK    User=1192  MappedId=1192  Time=2026-03-09 18:19:30  LogType=IN  DevId=8  Result=ok
2026-03-09 18:37:43 OK    User=1192  MappedId=1192  Time=2026-03-09 18:19:36  LogType=IN  DevId=8  Result=ok
2026-03-09 18:37:45 OK    User=1193  MappedId=1193  Time=2026-03-09 18:19:46  LogType=IN  DevId=8  Result=ok
2026-03-09 18:38:16 FAIL  User=984  MappedId=984  Time=2026-03-09 18:19:57  LogType=IN  DevId=8  Result=error
2026-03-09 18:38:47 FAIL  User=984  MappedId=984  Time=2026-03-09 18:19:59  LogType=IN  DevId=8  Result=error
2026-03-09 18:39:05 OK    User=1057  MappedId=1057  Time=2026-03-09 18:20:00  LogType=IN  DevId=8  Result=ok
2026-03-09 18:39:23 OK    User=1057  MappedId=1057  Time=2026-03-09 18:20:02  LogType=IN  DevId=8  Result=ok
2026-03-09 18:39:40 OK    User=1057  MappedId=1057  Time=2026-03-09 18:20:04  LogType=IN  DevId=8  Result=ok
2026-03-09 18:39:56 OK    User=1114  MappedId=1114  Time=2026-03-09 18:20:12  LogType=IN  DevId=8  Result=ok
2026-03-09 18:40:12 OK    User=1176  MappedId=1176  Time=2026-03-09 18:20:15  LogType=IN  DevId=8  Result=ok
2026-03-09 18:40:14 OK    User=1176  MappedId=1176  Time=2026-03-09 18:20:18  LogType=IN  DevId=8  Result=ok
2026-03-09 18:40:33 OK    User=860  MappedId=860  Time=2026-03-09 18:20:38  LogType=IN  DevId=8  Result=ok
2026-03-09 18:40:51 OK    User=924  MappedId=924  Time=2026-03-09 18:23:48  LogType=IN  DevId=8  Result=ok
2026-03-09 18:41:08 OK    User=1225  MappedId=1225  Time=2026-03-09 18:23:53  LogType=IN  DevId=8  Result=ok
2026-03-09 18:41:24 OK    User=1225  MappedId=1225  Time=2026-03-09 18:24:06  LogType=IN  DevId=8  Result=ok
2026-03-09 18:41:42 OK    User=1225  MappedId=1225  Time=2026-03-09 18:24:10  LogType=IN  DevId=8  Result=ok
2026-03-09 18:41:59 OK    User=1225  MappedId=1225  Time=2026-03-09 18:24:17  LogType=IN  DevId=8  Result=ok
2026-03-09 18:42:17 OK    User=1161  MappedId=1161  Time=2026-03-09 18:25:04  LogType=IN  DevId=8  Result=ok
2026-03-09 18:42:19 OK    User=1189  MappedId=1189  Time=2026-03-09 18:27:15  LogType=IN  DevId=8  Result=ok
2026-03-09 18:42:21 OK    User=1189  MappedId=1189  Time=2026-03-09 18:27:16  LogType=IN  DevId=8  Result=ok
2026-03-09 18:42:39 OK    User=1001  MappedId=1001  Time=2026-03-09 18:27:19  LogType=IN  DevId=8  Result=ok
2026-03-09 18:42:57 OK    User=1041  MappedId=1041  Time=2026-03-09 18:27:31  LogType=IN  DevId=8  Result=ok
2026-03-09 18:44:04 SKIP  User=7  Time=2026-03-09 08:28:30  Reason=no_employee
2026-03-09 18:44:04 SKIP  User=588  Time=2026-03-09 09:50:55  Reason=no_employee
2026-03-09 18:44:04 SKIP  User=588  Time=2026-03-09 09:50:57  Reason=no_employee
2026-03-09 18:44:04 SKIP  User=588  Time=2026-03-09 10:43:11  Reason=no_employee
2026-03-09 18:44:04 SKIP  User=7  Time=2026-03-09 11:26:47  Reason=no_employee
2026-03-09 18:44:04 SKIP  User=588  Time=2026-03-09 11:54:54  Reason=no_employee
2026-03-09 18:44:04 SKIP  User=7  Time=2026-03-09 12:24:31  Reason=no_employee
2026-03-09 18:44:04 SKIP  User=7  Time=2026-03-09 12:38:35  Reason=no_employee
2026-03-09 18:44:04 SKIP  User=7  Time=2026-03-09 14:11:24  Reason=no_employee
2026-03-09 18:44:04 SKIP  User=7  Time=2026-03-09 14:11:38  Reason=no_employee
2026-03-09 18:44:04 SKIP  User=7  Time=2026-03-09 14:11:44  Reason=no_employee
2026-03-09 18:44:10 OK    User=996  MappedId=996  Time=2026-03-09 18:14:24  LogType=IN  DevId=8  Result=duplicate
2026-03-09 18:44:12 OK    User=1116  MappedId=1116  Time=2026-03-09 18:14:33  LogType=IN  DevId=8  Result=duplicate
2026-03-09 18:44:27 OK    User=1116  MappedId=1116  Time=2026-03-09 18:14:37  LogType=IN  DevId=8  Result=duplicate
2026-03-09 18:44:45 OK    User=884  MappedId=884  Time=2026-03-09 18:14:47  LogType=IN  DevId=8  Result=duplicate
2026-03-09 18:45:02 OK    User=884  MappedId=884  Time=2026-03-09 18:14:50  LogType=IN  DevId=8  Result=duplicate
2026-03-09 18:45:20 OK    User=1069  MappedId=1069  Time=2026-03-09 18:14:58  LogType=IN  DevId=8  Result=duplicate
2026-03-09 18:45:38 OK    User=1023  MappedId=1023  Time=2026-03-09 18:15:03  LogType=IN  DevId=8  Result=duplicate
2026-03-09 18:45:39 OK    User=959  MappedId=959  Time=2026-03-09 18:16:38  LogType=IN  DevId=8  Result=duplicate
2026-03-09 18:45:55 OK    User=928  MappedId=928  Time=2026-03-09 18:17:22  LogType=IN  DevId=8  Result=duplicate
2026-03-09 18:45:57 OK    User=984  MappedId=984  Time=2026-03-09 18:19:57  LogType=IN  DevId=8  Result=duplicate
2026-03-09 18:46:16 OK    User=984  MappedId=984  Time=2026-03-09 18:19:59  LogType=IN  DevId=8  Result=duplicate
2026-03-09 18:46:18 OK    User=1118  MappedId=1118  Time=2026-03-09 18:31:02  LogType=IN  DevId=8  Result=ok
2026-03-09 18:46:34 OK    User=1181  MappedId=1181  Time=2026-03-09 18:31:23  LogType=IN  DevId=8  Result=ok
2026-03-09 18:46:51 OK    User=1181  MappedId=1181  Time=2026-03-09 18:31:25  LogType=IN  DevId=8  Result=ok
2026-03-09 18:46:53 OK    User=1159  MappedId=1159  Time=2026-03-09 18:32:42  LogType=IN  DevId=8  Result=ok
2026-03-09 18:46:55 OK    User=1208  MappedId=1208  Time=2026-03-09 18:33:41  LogType=IN  DevId=8  Result=ok
2026-03-09 18:46:57 OK    User=1208  MappedId=1208  Time=2026-03-09 18:33:42  LogType=IN  DevId=8  Result=ok
2026-03-09 18:46:59 OK    User=1217  MappedId=1217  Time=2026-03-09 18:33:44  LogType=IN  DevId=8  Result=ok
2026-03-09 18:47:00 OK    User=1217  MappedId=1217  Time=2026-03-09 18:33:50  LogType=IN  DevId=8  Result=ok
2026-03-09 18:47:32 FAIL  User=968  MappedId=968  Time=2026-03-09 18:33:58  LogType=IN  DevId=8  Result=error
2026-03-09 18:48:03 FAIL  User=911  MappedId=911  Time=2026-03-09 18:35:38  LogType=IN  DevId=8  Result=error
2026-03-09 18:48:05 OK    User=1221  MappedId=1221  Time=2026-03-09 18:38:38  LogType=IN  DevId=8  Result=ok
2026-03-09 18:48:07 OK    User=1221  MappedId=1221  Time=2026-03-09 18:38:40  LogType=IN  DevId=8  Result=ok
2026-03-09 18:48:25 OK    User=1078  MappedId=1078  Time=2026-03-09 18:39:27  LogType=IN  DevId=8  Result=ok
2026-03-09 18:48:42 OK    User=1078  MappedId=1078  Time=2026-03-09 18:39:29  LogType=IN  DevId=8  Result=ok
2026-03-09 18:48:44 OK    User=1068  MappedId=1068  Time=2026-03-09 18:39:30  LogType=IN  DevId=8  Result=ok
2026-03-09 18:48:47 OK    User=1068  MappedId=1068  Time=2026-03-09 18:39:32  LogType=IN  DevId=8  Result=ok
2026-03-09 18:48:48 OK    User=1068  MappedId=1068  Time=2026-03-09 18:39:38  LogType=IN  DevId=8  Result=ok
2026-03-09 18:48:50 OK    User=1068  MappedId=1068  Time=2026-03-09 18:39:42  LogType=IN  DevId=8  Result=ok
2026-03-09 18:48:52 OK    User=1068  MappedId=1068  Time=2026-03-09 18:39:51  LogType=IN  DevId=8  Result=ok
2026-03-09 18:49:10 OK    User=1003  MappedId=1003  Time=2026-03-09 18:39:58  LogType=IN  DevId=8  Result=ok
2026-03-09 18:49:27 OK    User=1003  MappedId=1003  Time=2026-03-09 18:40:00  LogType=IN  DevId=8  Result=ok
2026-03-09 18:49:59 FAIL  User=1018  MappedId=1018  Time=2026-03-09 18:40:02  LogType=IN  DevId=8  Result=error
2026-03-09 18:50:16 OK    User=1018  MappedId=1018  Time=2026-03-09 18:40:03  LogType=IN  DevId=8  Result=ok
2026-03-09 18:50:34 OK    User=1018  MappedId=1018  Time=2026-03-09 18:40:13  LogType=IN  DevId=8  Result=ok
2026-03-09 18:50:50 OK    User=1210  MappedId=1210  Time=2026-03-09 18:40:18  LogType=IN  DevId=8  Result=ok
2026-03-09 18:50:52 OK    User=1210  MappedId=1210  Time=2026-03-09 18:40:27  LogType=IN  DevId=8  Result=ok
2026-03-09 18:50:53 OK    User=1213  MappedId=1213  Time=2026-03-09 18:40:31  LogType=IN  DevId=8  Result=ok
2026-03-09 18:50:55 OK    User=1213  MappedId=1213  Time=2026-03-09 18:40:36  LogType=IN  DevId=8  Result=ok
2026-03-09 18:51:12 OK    User=1170  MappedId=1170  Time=2026-03-09 18:40:41  LogType=IN  DevId=8  Result=ok
2026-03-09 18:51:30 OK    User=1182  MappedId=1182  Time=2026-03-09 18:40:45  LogType=IN  DevId=8  Result=ok
2026-03-09 18:51:47 OK    User=1182  MappedId=1182  Time=2026-03-09 18:40:47  LogType=IN  DevId=8  Result=ok
2026-03-09 18:52:19 FAIL  User=846  MappedId=846  Time=2026-03-09 18:40:49  LogType=IN  DevId=8  Result=error
2026-03-09 18:52:50 FAIL  User=846  MappedId=846  Time=2026-03-09 18:40:50  LogType=IN  DevId=8  Result=error
2026-03-09 18:52:52 OK    User=1162  MappedId=1162  Time=2026-03-09 18:40:59  LogType=IN  DevId=8  Result=ok
2026-03-09 18:53:10 OK    User=720  MappedId=SS00720  Time=2026-03-09 18:41:04  LogType=IN  DevId=8  Result=ok
2026-03-09 18:53:27 OK    User=720  MappedId=SS00720  Time=2026-03-09 18:41:10  LogType=IN  DevId=8  Result=ok
2026-03-09 18:53:45 OK    User=1037  MappedId=1037  Time=2026-03-09 18:41:53  LogType=IN  DevId=8  Result=ok
2026-03-09 18:54:02 OK    User=1002  MappedId=1002  Time=2026-03-09 18:41:58  LogType=IN  DevId=8  Result=ok
2026-03-09 18:54:33 FAIL  User=1002  MappedId=1002  Time=2026-03-09 18:42:00  LogType=IN  DevId=8  Result=error
2026-03-09 18:55:05 FAIL  User=795  MappedId=795  Time=2026-03-09 18:42:15  LogType=IN  DevId=8  Result=error
2026-03-09 18:55:36 FAIL  User=795  MappedId=795  Time=2026-03-09 18:42:16  LogType=IN  DevId=8  Result=error
2026-03-09 18:56:07 FAIL  User=880  MappedId=880  Time=2026-03-09 18:42:20  LogType=IN  DevId=8  Result=error
2026-03-09 18:56:27 OK    User=880  MappedId=880  Time=2026-03-09 18:42:28  LogType=IN  DevId=8  Result=ok
2026-03-09 18:56:44 OK    User=941  MappedId=941  Time=2026-03-09 18:42:42  LogType=IN  DevId=8  Result=ok
2026-03-09 18:57:16 FAIL  User=941  MappedId=941  Time=2026-03-09 18:42:43  LogType=IN  DevId=8  Result=error
2026-03-09 18:57:47 FAIL  User=857  MappedId=857  Time=2026-03-09 18:43:37  LogType=IN  DevId=8  Result=error
2026-03-09 18:58:53 SKIP  User=7  Time=2026-03-09 08:28:30  Reason=no_employee
2026-03-09 18:58:53 SKIP  User=588  Time=2026-03-09 09:50:55  Reason=no_employee
2026-03-09 18:58:53 SKIP  User=588  Time=2026-03-09 09:50:57  Reason=no_employee
2026-03-09 18:58:53 SKIP  User=588  Time=2026-03-09 10:43:11  Reason=no_employee
2026-03-09 18:58:53 SKIP  User=7  Time=2026-03-09 11:26:47  Reason=no_employee
2026-03-09 18:58:53 SKIP  User=588  Time=2026-03-09 11:54:54  Reason=no_employee
2026-03-09 18:58:53 SKIP  User=7  Time=2026-03-09 12:24:31  Reason=no_employee
2026-03-09 18:58:53 SKIP  User=7  Time=2026-03-09 12:38:35  Reason=no_employee
2026-03-09 18:58:53 SKIP  User=7  Time=2026-03-09 14:11:24  Reason=no_employee
2026-03-09 18:58:53 SKIP  User=7  Time=2026-03-09 14:11:38  Reason=no_employee
2026-03-09 18:58:53 SKIP  User=7  Time=2026-03-09 14:11:44  Reason=no_employee
2026-03-09 18:58:54 OK    User=968  MappedId=968  Time=2026-03-09 18:33:58  LogType=IN  DevId=8  Result=duplicate
2026-03-09 18:58:56 OK    User=911  MappedId=911  Time=2026-03-09 18:35:38  LogType=IN  DevId=8  Result=duplicate
2026-03-09 18:58:58 OK    User=1018  MappedId=1018  Time=2026-03-09 18:40:02  LogType=IN  DevId=8  Result=duplicate
2026-03-09 18:59:00 OK    User=846  MappedId=846  Time=2026-03-09 18:40:49  LogType=IN  DevId=8  Result=duplicate
2026-03-09 18:59:01 OK    User=846  MappedId=846  Time=2026-03-09 18:40:50  LogType=IN  DevId=8  Result=duplicate
2026-03-09 18:59:03 OK    User=1002  MappedId=1002  Time=2026-03-09 18:42:00  LogType=IN  DevId=8  Result=duplicate
2026-03-09 18:59:05 OK    User=795  MappedId=795  Time=2026-03-09 18:42:15  LogType=IN  DevId=8  Result=duplicate
2026-03-09 18:59:07 OK    User=795  MappedId=795  Time=2026-03-09 18:42:16  LogType=IN  DevId=8  Result=duplicate
2026-03-09 18:59:09 OK    User=880  MappedId=880  Time=2026-03-09 18:42:20  LogType=IN  DevId=8  Result=duplicate
2026-03-09 18:59:10 OK    User=941  MappedId=941  Time=2026-03-09 18:42:43  LogType=IN  DevId=8  Result=duplicate
2026-03-09 18:59:12 OK    User=857  MappedId=857  Time=2026-03-09 18:43:37  LogType=IN  DevId=8  Result=duplicate
2026-03-09 18:59:14 OK    User=1182  MappedId=1182  Time=2026-03-09 18:44:09  LogType=IN  DevId=8  Result=ok
2026-03-09 18:59:32 OK    User=970  MappedId=970  Time=2026-03-09 18:44:27  LogType=IN  DevId=8  Result=ok
2026-03-09 18:59:50 OK    User=970  MappedId=970  Time=2026-03-09 18:44:30  LogType=IN  DevId=8  Result=ok
2026-03-09 19:00:07 OK    User=970  MappedId=970  Time=2026-03-09 18:44:38  LogType=IN  DevId=8  Result=ok
2026-03-09 19:00:25 OK    User=970  MappedId=970  Time=2026-03-09 18:44:40  LogType=IN  DevId=8  Result=ok
2026-03-09 19:00:41 OK    User=1087  MappedId=1087  Time=2026-03-09 18:45:04  LogType=IN  DevId=8  Result=ok
2026-03-09 19:01:12 FAIL  User=1097  MappedId=1097  Time=2026-03-09 18:45:12  LogType=IN  DevId=8  Result=error
2026-03-09 19:01:43 FAIL  User=911  MappedId=911  Time=2026-03-09 18:45:41  LogType=IN  DevId=8  Result=error
2026-03-09 19:02:02 OK    User=1212  MappedId=1212  Time=2026-03-09 18:47:37  LogType=IN  DevId=8  Result=ok
2026-03-09 19:02:34 FAIL  User=1077  MappedId=1077  Time=2026-03-09 18:48:58  LogType=IN  DevId=8  Result=error
2026-03-09 19:02:51 OK    User=944  MappedId=944  Time=2026-03-09 18:51:10  LogType=IN  DevId=8  Result=ok
2026-03-09 19:03:09 OK    User=944  MappedId=944  Time=2026-03-09 18:51:12  LogType=IN  DevId=8  Result=ok
2026-03-09 19:03:40 FAIL  User=879  MappedId=879  Time=2026-03-09 18:51:14  LogType=IN  DevId=8  Result=error
2026-03-09 19:04:11 FAIL  User=879  MappedId=879  Time=2026-03-09 18:51:16  LogType=IN  DevId=8  Result=error
2026-03-09 19:04:42 FAIL  User=SS00588  MappedId=SS00588  Time=2026-03-09 18:51:18  LogType=IN  DevId=8  Result=error
2026-03-09 19:05:14 FAIL  User=SS00588  MappedId=SS00588  Time=2026-03-09 18:51:20  LogType=IN  DevId=8  Result=error
2026-03-09 19:05:45 FAIL  User=SS00588  MappedId=SS00588  Time=2026-03-09 18:51:22  LogType=IN  DevId=8  Result=error
2026-03-09 19:06:16 FAIL  User=671  MappedId=671  Time=2026-03-09 18:51:24  LogType=IN  DevId=8  Result=error
2026-03-09 19:06:47 FAIL  User=671  MappedId=671  Time=2026-03-09 18:51:30  LogType=IN  DevId=8  Result=error
2026-03-09 19:07:19 FAIL  User=947  MappedId=947  Time=2026-03-09 18:51:33  LogType=IN  DevId=8  Result=error
2026-03-09 19:07:50 FAIL  User=947  MappedId=947  Time=2026-03-09 18:51:40  LogType=IN  DevId=8  Result=error
2026-03-09 19:08:21 FAIL  User=835  MappedId=835  Time=2026-03-09 18:51:44  LogType=IN  DevId=8  Result=error
2026-03-09 19:08:53 FAIL  User=835  MappedId=835  Time=2026-03-09 18:51:53  LogType=IN  DevId=8  Result=error
2026-03-09 19:09:24 FAIL  User=1188  MappedId=1188  Time=2026-03-09 18:51:58  LogType=IN  DevId=8  Result=error
2026-03-09 19:09:44 OK    User=1188  MappedId=1188  Time=2026-03-09 18:52:02  LogType=IN  DevId=8  Result=ok
2026-03-09 19:10:01 OK    User=490  MappedId=SS00490  Time=2026-03-09 18:52:08  LogType=IN  DevId=8  Result=ok
2026-03-09 19:10:19 OK    User=490  MappedId=SS00490  Time=2026-03-09 18:52:10  LogType=IN  DevId=8  Result=ok
2026-03-09 19:10:35 OK    User=1207  MappedId=1207  Time=2026-03-09 18:52:53  LogType=IN  DevId=8  Result=ok
2026-03-09 19:10:51 OK    User=1118  MappedId=1118  Time=2026-03-09 18:53:30  LogType=IN  DevId=8  Result=ok
2026-03-09 19:11:09 OK    User=788  MappedId=788  Time=2026-03-09 18:54:03  LogType=IN  DevId=8  Result=ok
2026-03-09 19:11:11 OK    User=1155  MappedId=1155  Time=2026-03-09 18:54:28  LogType=IN  DevId=8  Result=ok
2026-03-09 19:11:27 OK    User=1215  MappedId=1215  Time=2026-03-09 18:55:06  LogType=IN  DevId=8  Result=ok
2026-03-09 19:11:58 FAIL  User=1215  MappedId=1215  Time=2026-03-09 18:55:07  LogType=IN  DevId=8  Result=error
2026-03-09 19:12:16 OK    User=1163  MappedId=1163  Time=2026-03-09 18:55:25  LogType=IN  DevId=8  Result=ok
2026-03-09 19:12:32 OK    User=1185  MappedId=1185  Time=2026-03-09 18:57:02  LogType=IN  DevId=8  Result=ok
2026-03-09 19:13:37 SKIP  User=7  Time=2026-03-09 08:28:30  Reason=no_employee
2026-03-09 19:13:37 SKIP  User=588  Time=2026-03-09 09:50:55  Reason=no_employee
2026-03-09 19:13:37 SKIP  User=588  Time=2026-03-09 09:50:57  Reason=no_employee
2026-03-09 19:13:37 SKIP  User=588  Time=2026-03-09 10:43:11  Reason=no_employee
2026-03-09 19:13:37 SKIP  User=7  Time=2026-03-09 11:26:47  Reason=no_employee
2026-03-09 19:13:37 SKIP  User=588  Time=2026-03-09 11:54:54  Reason=no_employee
2026-03-09 19:13:37 SKIP  User=7  Time=2026-03-09 12:24:31  Reason=no_employee
2026-03-09 19:13:37 SKIP  User=7  Time=2026-03-09 12:38:35  Reason=no_employee
2026-03-09 19:13:37 SKIP  User=7  Time=2026-03-09 14:11:24  Reason=no_employee
2026-03-09 19:13:37 SKIP  User=7  Time=2026-03-09 14:11:38  Reason=no_employee
2026-03-09 19:13:37 SKIP  User=7  Time=2026-03-09 14:11:44  Reason=no_employee
2026-03-09 19:13:38 OK    User=1097  MappedId=1097  Time=2026-03-09 18:45:12  LogType=IN  DevId=8  Result=duplicate
2026-03-09 19:13:40 OK    User=911  MappedId=911  Time=2026-03-09 18:45:41  LogType=IN  DevId=8  Result=duplicate
2026-03-09 19:13:42 OK    User=1077  MappedId=1077  Time=2026-03-09 18:48:58  LogType=IN  DevId=8  Result=duplicate
2026-03-09 19:13:59 OK    User=879  MappedId=879  Time=2026-03-09 18:51:14  LogType=IN  DevId=8  Result=duplicate
2026-03-09 19:14:15 OK    User=879  MappedId=879  Time=2026-03-09 18:51:16  LogType=IN  DevId=8  Result=duplicate
2026-03-09 19:14:32 OK    User=SS00588  MappedId=SS00588  Time=2026-03-09 18:51:18  LogType=IN  DevId=8  Result=duplicate
2026-03-09 19:14:34 OK    User=SS00588  MappedId=SS00588  Time=2026-03-09 18:51:20  LogType=IN  DevId=8  Result=duplicate
2026-03-09 19:14:35 OK    User=SS00588  MappedId=SS00588  Time=2026-03-09 18:51:22  LogType=IN  DevId=8  Result=duplicate
2026-03-09 19:14:37 OK    User=671  MappedId=671  Time=2026-03-09 18:51:24  LogType=IN  DevId=8  Result=duplicate
2026-03-09 19:14:39 OK    User=671  MappedId=671  Time=2026-03-09 18:51:30  LogType=IN  DevId=8  Result=duplicate
2026-03-09 19:14:41 OK    User=947  MappedId=947  Time=2026-03-09 18:51:33  LogType=IN  DevId=8  Result=duplicate
2026-03-09 19:14:43 OK    User=947  MappedId=947  Time=2026-03-09 18:51:40  LogType=IN  DevId=8  Result=duplicate
2026-03-09 19:14:44 OK    User=835  MappedId=835  Time=2026-03-09 18:51:44  LogType=IN  DevId=8  Result=duplicate
2026-03-09 19:14:46 OK    User=835  MappedId=835  Time=2026-03-09 18:51:53  LogType=IN  DevId=8  Result=duplicate
2026-03-09 19:14:48 OK    User=1188  MappedId=1188  Time=2026-03-09 18:51:58  LogType=IN  DevId=8  Result=duplicate
2026-03-09 19:14:50 OK    User=1215  MappedId=1215  Time=2026-03-09 18:55:07  LogType=IN  DevId=8  Result=duplicate
2026-03-09 19:15:07 OK    User=1003  MappedId=1003  Time=2026-03-09 19:01:10  LogType=IN  DevId=8  Result=ok
2026-03-09 19:15:09 OK    User=1202  MappedId=1202  Time=2026-03-09 19:02:13  LogType=IN  DevId=8  Result=ok
2026-03-09 19:15:27 OK    User=796  MappedId=796  Time=2026-03-09 19:04:26  LogType=IN  DevId=8  Result=ok
2026-03-09 19:15:29 OK    User=1083  MappedId=1083  Time=2026-03-09 19:06:37  LogType=IN  DevId=8  Result=ok
2026-03-09 19:15:47 OK    User=836  MappedId=836  Time=2026-03-09 19:07:50  LogType=IN  DevId=8  Result=ok
2026-03-09 19:15:48 OK    User=1105  MappedId=1105  Time=2026-03-09 19:10:04  LogType=IN  DevId=8  Result=ok
2026-03-09 19:15:50 OK    User=1144  MappedId=1144  Time=2026-03-09 19:10:43  LogType=IN  DevId=8  Result=ok
2026-03-09 19:15:52 OK    User=1144  MappedId=1144  Time=2026-03-09 19:10:44  LogType=IN  DevId=8  Result=ok
2026-03-09 19:16:10 OK    User=880  MappedId=880  Time=2026-03-09 19:11:39  LogType=IN  DevId=8  Result=ok
2026-03-09 19:17:17 SKIP  User=7  Time=2026-03-09 08:28:30  Reason=no_employee
2026-03-09 19:17:17 SKIP  User=588  Time=2026-03-09 09:50:55  Reason=no_employee
2026-03-09 19:17:17 SKIP  User=588  Time=2026-03-09 09:50:57  Reason=no_employee
2026-03-09 19:17:17 SKIP  User=588  Time=2026-03-09 10:43:11  Reason=no_employee
2026-03-09 19:17:17 SKIP  User=7  Time=2026-03-09 11:26:47  Reason=no_employee
2026-03-09 19:17:17 SKIP  User=588  Time=2026-03-09 11:54:54  Reason=no_employee
2026-03-09 19:17:17 SKIP  User=7  Time=2026-03-09 12:24:31  Reason=no_employee
2026-03-09 19:17:17 SKIP  User=7  Time=2026-03-09 12:38:35  Reason=no_employee
2026-03-09 19:17:17 SKIP  User=7  Time=2026-03-09 14:11:24  Reason=no_employee
2026-03-09 19:17:17 SKIP  User=7  Time=2026-03-09 14:11:38  Reason=no_employee
2026-03-09 19:17:17 SKIP  User=7  Time=2026-03-09 14:11:44  Reason=no_employee
2026-03-09 19:17:21 OK    User=1070  MappedId=1070  Time=2026-03-09 19:15:06  LogType=IN  DevId=8  Result=ok
2026-03-09 19:18:28 SKIP  User=7  Time=2026-03-09 08:28:30  Reason=no_employee
2026-03-09 19:18:28 SKIP  User=588  Time=2026-03-09 09:50:55  Reason=no_employee
2026-03-09 19:18:28 SKIP  User=588  Time=2026-03-09 09:50:57  Reason=no_employee
2026-03-09 19:18:28 SKIP  User=588  Time=2026-03-09 10:43:11  Reason=no_employee
2026-03-09 19:18:28 SKIP  User=7  Time=2026-03-09 11:26:47  Reason=no_employee
2026-03-09 19:18:28 SKIP  User=588  Time=2026-03-09 11:54:54  Reason=no_employee
2026-03-09 19:18:28 SKIP  User=7  Time=2026-03-09 12:24:31  Reason=no_employee
2026-03-09 19:18:28 SKIP  User=7  Time=2026-03-09 12:38:35  Reason=no_employee
2026-03-09 19:18:28 SKIP  User=7  Time=2026-03-09 14:11:24  Reason=no_employee
2026-03-09 19:18:28 SKIP  User=7  Time=2026-03-09 14:11:38  Reason=no_employee
2026-03-09 19:18:28 SKIP  User=7  Time=2026-03-09 14:11:44  Reason=no_employee
2026-03-09 19:18:45 OK    User=907  MappedId=907  Time=2026-03-09 19:17:24  LogType=IN  DevId=8  Result=ok
2026-03-09 19:19:16 FAIL  User=907  MappedId=907  Time=2026-03-09 19:17:29  LogType=IN  DevId=8  Result=error
2026-03-09 19:20:23 SKIP  User=7  Time=2026-03-09 08:28:30  Reason=no_employee
2026-03-09 19:20:23 SKIP  User=588  Time=2026-03-09 09:50:55  Reason=no_employee
2026-03-09 19:20:23 SKIP  User=588  Time=2026-03-09 09:50:57  Reason=no_employee
2026-03-09 19:20:23 SKIP  User=588  Time=2026-03-09 10:43:11  Reason=no_employee
2026-03-09 19:20:23 SKIP  User=7  Time=2026-03-09 11:26:47  Reason=no_employee
2026-03-09 19:20:23 SKIP  User=588  Time=2026-03-09 11:54:54  Reason=no_employee
2026-03-09 19:20:23 SKIP  User=7  Time=2026-03-09 12:24:31  Reason=no_employee
2026-03-09 19:20:23 SKIP  User=7  Time=2026-03-09 12:38:35  Reason=no_employee
2026-03-09 19:20:23 SKIP  User=7  Time=2026-03-09 14:11:24  Reason=no_employee
2026-03-09 19:20:23 SKIP  User=7  Time=2026-03-09 14:11:38  Reason=no_employee
2026-03-09 19:20:23 SKIP  User=7  Time=2026-03-09 14:11:44  Reason=no_employee
2026-03-09 19:20:41 OK    User=907  MappedId=907  Time=2026-03-09 19:17:29  LogType=IN  DevId=8  Result=duplicate
2026-03-09 19:21:48 SKIP  User=7  Time=2026-03-09 08:28:30  Reason=no_employee
2026-03-09 19:21:48 SKIP  User=588  Time=2026-03-09 09:50:55  Reason=no_employee
2026-03-09 19:21:48 SKIP  User=588  Time=2026-03-09 09:50:57  Reason=no_employee
2026-03-09 19:21:48 SKIP  User=588  Time=2026-03-09 10:43:11  Reason=no_employee
2026-03-09 19:21:48 SKIP  User=7  Time=2026-03-09 11:26:47  Reason=no_employee
2026-03-09 19:21:48 SKIP  User=588  Time=2026-03-09 11:54:54  Reason=no_employee
2026-03-09 19:21:48 SKIP  User=7  Time=2026-03-09 12:24:31  Reason=no_employee
2026-03-09 19:21:48 SKIP  User=7  Time=2026-03-09 12:38:35  Reason=no_employee
2026-03-09 19:21:48 SKIP  User=7  Time=2026-03-09 14:11:24  Reason=no_employee
2026-03-09 19:21:48 SKIP  User=7  Time=2026-03-09 14:11:38  Reason=no_employee
2026-03-09 19:21:48 SKIP  User=7  Time=2026-03-09 14:11:44  Reason=no_employee
2026-03-09 19:22:18 FAIL  User=966  MappedId=966  Time=2026-03-09 19:20:54  LogType=IN  DevId=8  Result=error
2026-03-09 19:22:49 FAIL  User=966  MappedId=966  Time=2026-03-09 19:20:55  LogType=IN  DevId=8  Result=error
2026-03-09 19:23:56 SKIP  User=7  Time=2026-03-09 08:28:30  Reason=no_employee
2026-03-09 19:23:56 SKIP  User=588  Time=2026-03-09 09:50:55  Reason=no_employee
2026-03-09 19:23:56 SKIP  User=588  Time=2026-03-09 09:50:57  Reason=no_employee
2026-03-09 19:23:56 SKIP  User=588  Time=2026-03-09 10:43:11  Reason=no_employee
2026-03-09 19:23:56 SKIP  User=7  Time=2026-03-09 11:26:47  Reason=no_employee
2026-03-09 19:23:56 SKIP  User=588  Time=2026-03-09 11:54:54  Reason=no_employee
2026-03-09 19:23:56 SKIP  User=7  Time=2026-03-09 12:24:31  Reason=no_employee
2026-03-09 19:23:56 SKIP  User=7  Time=2026-03-09 12:38:35  Reason=no_employee
2026-03-09 19:23:56 SKIP  User=7  Time=2026-03-09 14:11:24  Reason=no_employee
2026-03-09 19:23:56 SKIP  User=7  Time=2026-03-09 14:11:38  Reason=no_employee
2026-03-09 19:23:56 SKIP  User=7  Time=2026-03-09 14:11:44  Reason=no_employee
2026-03-09 19:24:26 FAIL  User=966  MappedId=966  Time=2026-03-09 19:20:54  LogType=IN  DevId=8  Result=error
2026-03-09 19:24:39 OK    User=966  MappedId=966  Time=2026-03-09 19:20:55  LogType=IN  DevId=8  Result=duplicate
2026-03-09 19:24:56 OK    User=1149  MappedId=1149  Time=2026-03-09 19:21:51  LogType=IN  DevId=8  Result=ok
2026-03-09 19:25:14 OK    User=1149  MappedId=1149  Time=2026-03-09 19:21:52  LogType=IN  DevId=8  Result=ok
2026-03-09 19:25:45 FAIL  User=1067  MappedId=1067  Time=2026-03-09 19:21:56  LogType=IN  DevId=8  Result=error
2026-03-09 19:26:16 FAIL  User=983  MappedId=983  Time=2026-03-09 19:21:59  LogType=IN  DevId=8  Result=error
2026-03-09 19:26:47 FAIL  User=983  MappedId=983  Time=2026-03-09 19:22:00  LogType=IN  DevId=8  Result=error
2026-03-09 19:27:19 FAIL  User=1147  MappedId=1147  Time=2026-03-09 19:22:06  LogType=IN  DevId=8  Result=error
2026-03-09 19:27:21 OK    User=1177  MappedId=1177  Time=2026-03-09 19:22:12  LogType=IN  DevId=8  Result=ok
2026-03-09 19:27:52 FAIL  User=1100  MappedId=1100  Time=2026-03-09 19:22:15  LogType=IN  DevId=8  Result=error
2026-03-09 19:28:23 FAIL  User=1100  MappedId=1100  Time=2026-03-09 19:22:16  LogType=IN  DevId=8  Result=error
2026-03-09 19:28:41 OK    User=1100  MappedId=1100  Time=2026-03-09 19:22:23  LogType=IN  DevId=8  Result=ok
2026-03-09 19:29:12 FAIL  User=1100  MappedId=1100  Time=2026-03-09 19:22:25  LogType=IN  DevId=8  Result=error
2026-03-09 19:29:29 OK    User=1097  MappedId=1097  Time=2026-03-09 19:23:28  LogType=IN  DevId=8  Result=ok
2026-03-09 19:29:45 OK    User=1185  MappedId=1185  Time=2026-03-09 19:23:33  LogType=IN  DevId=8  Result=ok
2026-03-09 19:29:47 OK    User=1185  MappedId=1185  Time=2026-03-09 19:23:42  LogType=IN  DevId=8  Result=ok
2026-03-09 19:30:53 SKIP  User=7  Time=2026-03-09 08:28:30  Reason=no_employee
2026-03-09 19:30:53 SKIP  User=588  Time=2026-03-09 09:50:55  Reason=no_employee
2026-03-09 19:30:53 SKIP  User=588  Time=2026-03-09 09:50:57  Reason=no_employee
2026-03-09 19:30:53 SKIP  User=588  Time=2026-03-09 10:43:11  Reason=no_employee
2026-03-09 19:30:53 SKIP  User=7  Time=2026-03-09 11:26:47  Reason=no_employee
2026-03-09 19:30:53 SKIP  User=588  Time=2026-03-09 11:54:54  Reason=no_employee
2026-03-09 19:30:53 SKIP  User=7  Time=2026-03-09 12:24:31  Reason=no_employee
2026-03-09 19:30:53 SKIP  User=7  Time=2026-03-09 12:38:35  Reason=no_employee
2026-03-09 19:30:53 SKIP  User=7  Time=2026-03-09 14:11:24  Reason=no_employee
2026-03-09 19:30:53 SKIP  User=7  Time=2026-03-09 14:11:38  Reason=no_employee
2026-03-09 19:30:53 SKIP  User=7  Time=2026-03-09 14:11:44  Reason=no_employee
2026-03-09 19:31:06 OK    User=966  MappedId=966  Time=2026-03-09 19:20:54  LogType=IN  DevId=8  Result=duplicate
2026-03-09 19:31:23 OK    User=1067  MappedId=1067  Time=2026-03-09 19:21:56  LogType=IN  DevId=8  Result=duplicate
2026-03-09 19:31:41 OK    User=983  MappedId=983  Time=2026-03-09 19:21:59  LogType=IN  DevId=8  Result=duplicate
2026-03-09 19:31:43 OK    User=983  MappedId=983  Time=2026-03-09 19:22:00  LogType=IN  DevId=8  Result=duplicate
2026-03-09 19:32:00 OK    User=1147  MappedId=1147  Time=2026-03-09 19:22:06  LogType=IN  DevId=8  Result=duplicate
2026-03-09 19:32:18 OK    User=1100  MappedId=1100  Time=2026-03-09 19:22:15  LogType=IN  DevId=8  Result=duplicate
2026-03-09 19:32:35 OK    User=1100  MappedId=1100  Time=2026-03-09 19:22:16  LogType=IN  DevId=8  Result=duplicate
2026-03-09 19:32:37 OK    User=1100  MappedId=1100  Time=2026-03-09 19:22:25  LogType=IN  DevId=8  Result=duplicate
2026-03-09 19:32:55 OK    User=1002  MappedId=1002  Time=2026-03-09 19:23:46  LogType=IN  DevId=8  Result=ok
2026-03-09 19:33:12 OK    User=1037  MappedId=1037  Time=2026-03-09 19:23:55  LogType=IN  DevId=8  Result=ok
2026-03-09 19:33:43 FAIL  User=1037  MappedId=1037  Time=2026-03-09 19:24:00  LogType=IN  DevId=8  Result=error
2026-03-09 19:34:01 OK    User=1037  MappedId=1037  Time=2026-03-09 19:24:04  LogType=IN  DevId=8  Result=ok
2026-03-09 19:34:03 OK    User=1226  MappedId=1226  Time=2026-03-09 19:24:11  LogType=IN  DevId=8  Result=ok
2026-03-09 19:34:04 OK    User=1226  MappedId=1226  Time=2026-03-09 19:24:12  LogType=IN  DevId=8  Result=ok
2026-03-09 19:34:20 OK    User=1213  MappedId=1213  Time=2026-03-09 19:24:16  LogType=IN  DevId=8  Result=ok
2026-03-09 19:34:38 OK    User=1213  MappedId=1213  Time=2026-03-09 19:24:32  LogType=IN  DevId=8  Result=ok
2026-03-09 19:34:55 OK    User=1018  MappedId=1018  Time=2026-03-09 19:24:35  LogType=IN  DevId=8  Result=ok
2026-03-09 19:35:27 FAIL  User=1018  MappedId=1018  Time=2026-03-09 19:24:37  LogType=IN  DevId=8  Result=error
2026-03-09 19:35:44 OK    User=825  MappedId=825  Time=2026-03-09 19:24:39  LogType=IN  DevId=8  Result=ok
2026-03-09 19:35:46 OK    User=1135  MappedId=1135  Time=2026-03-09 19:24:46  LogType=IN  DevId=8  Result=ok
2026-03-09 19:36:02 OK    User=1139  MappedId=1139  Time=2026-03-09 19:24:52  LogType=IN  DevId=8  Result=ok
2026-03-09 19:36:33 FAIL  User=984  MappedId=984  Time=2026-03-09 19:24:55  LogType=IN  DevId=8  Result=error
2026-03-09 19:37:04 FAIL  User=984  MappedId=984  Time=2026-03-09 19:25:03  LogType=IN  DevId=8  Result=error
2026-03-09 19:37:24 OK    User=1176  MappedId=1176  Time=2026-03-09 19:25:07  LogType=IN  DevId=8  Result=ok
2026-03-09 19:37:41 OK    User=1176  MappedId=1176  Time=2026-03-09 19:25:13  LogType=IN  DevId=8  Result=ok
2026-03-09 19:38:12 FAIL  User=1089  MappedId=1089  Time=2026-03-09 19:25:16  LogType=IN  DevId=8  Result=error
2026-03-09 19:38:29 OK    User=943  MappedId=943  Time=2026-03-09 19:25:20  LogType=IN  DevId=8  Result=ok
2026-03-09 19:38:45 OK    User=1220  MappedId=1220  Time=2026-03-09 19:25:25  LogType=IN  DevId=8  Result=ok
2026-03-09 19:39:01 OK    User=1220  MappedId=1220  Time=2026-03-09 19:25:45  LogType=IN  DevId=8  Result=ok
2026-03-09 19:39:19 OK    User=1220  MappedId=1220  Time=2026-03-09 19:25:47  LogType=IN  DevId=8  Result=ok
2026-03-09 19:39:37 OK    User=1220  MappedId=1220  Time=2026-03-09 19:25:48  LogType=IN  DevId=8  Result=ok
2026-03-09 19:39:54 OK    User=1220  MappedId=1220  Time=2026-03-09 19:25:50  LogType=IN  DevId=8  Result=ok
2026-03-09 19:40:25 FAIL  User=1220  MappedId=1220  Time=2026-03-09 19:25:51  LogType=IN  DevId=8  Result=error
2026-03-09 19:40:56 FAIL  User=919  MappedId=919  Time=2026-03-09 19:25:57  LogType=IN  DevId=8  Result=error
2026-03-09 19:41:28 FAIL  User=919  MappedId=919  Time=2026-03-09 19:26:01  LogType=IN  DevId=8  Result=error
2026-03-09 19:41:59 FAIL  User=1169  MappedId=1169  Time=2026-03-09 19:26:31  LogType=IN  DevId=8  Result=error
2026-03-09 19:42:30 FAIL  User=1093  MappedId=1093  Time=2026-03-09 19:26:36  LogType=IN  DevId=8  Result=error
2026-03-09 19:42:49 OK    User=1093  MappedId=1093  Time=2026-03-09 19:26:57  LogType=IN  DevId=8  Result=ok
2026-03-09 19:43:06 OK    User=1215  MappedId=1215  Time=2026-03-09 19:27:02  LogType=IN  DevId=8  Result=ok
2026-03-09 19:43:24 OK    User=1215  MappedId=1215  Time=2026-03-09 19:27:07  LogType=IN  DevId=8  Result=ok
2026-03-09 19:43:55 FAIL  User=958  MappedId=958  Time=2026-03-09 19:27:09  LogType=IN  DevId=8  Result=error
2026-03-09 19:44:26 FAIL  User=958  MappedId=958  Time=2026-03-09 19:27:10  LogType=IN  DevId=8  Result=error
2026-03-09 19:44:45 OK    User=1057  MappedId=1057  Time=2026-03-09 19:27:12  LogType=IN  DevId=8  Result=ok
2026-03-09 19:45:02 OK    User=1041  MappedId=1041  Time=2026-03-09 19:27:16  LogType=IN  DevId=8  Result=ok
2026-03-09 19:45:33 FAIL  User=1057  MappedId=1057  Time=2026-03-09 19:27:19  LogType=IN  DevId=8  Result=error
2026-03-09 19:46:05 FAIL  User=1057  MappedId=1057  Time=2026-03-09 19:27:21  LogType=IN  DevId=8  Result=error
2026-03-09 19:46:36 FAIL  User=1057  MappedId=1057  Time=2026-03-09 19:27:22  LogType=IN  DevId=8  Result=error
2026-03-09 19:47:07 FAIL  User=1066  MappedId=1066  Time=2026-03-09 19:27:29  LogType=IN  DevId=8  Result=error
2026-03-09 19:47:38 FAIL  User=927  MappedId=927  Time=2026-03-09 19:27:32  LogType=IN  DevId=8  Result=error
2026-03-09 19:47:56 OK    User=927  MappedId=927  Time=2026-03-09 19:27:37  LogType=IN  DevId=8  Result=ok
2026-03-09 19:48:27 FAIL  User=861  MappedId=861  Time=2026-03-09 19:27:45  LogType=IN  DevId=8  Result=error
2026-03-09 19:48:59 FAIL  User=924  MappedId=924  Time=2026-03-09 19:27:48  LogType=IN  DevId=8  Result=error
2026-03-09 19:49:30 FAIL  User=924  MappedId=924  Time=2026-03-09 19:27:59  LogType=IN  DevId=8  Result=error
2026-03-09 19:50:01 FAIL  User=976  MappedId=976  Time=2026-03-09 19:28:03  LogType=IN  DevId=8  Result=error
2026-03-09 19:50:33 FAIL  User=976  MappedId=976  Time=2026-03-09 19:28:07  LogType=IN  DevId=8  Result=error
2026-03-09 19:51:04 FAIL  User=920  MappedId=920  Time=2026-03-09 19:28:14  LogType=IN  DevId=8  Result=error
2026-03-09 19:51:35 FAIL  User=928  MappedId=928  Time=2026-03-09 19:28:17  LogType=IN  DevId=8  Result=error
2026-03-09 19:52:06 FAIL  User=928  MappedId=928  Time=2026-03-09 19:28:26  LogType=IN  DevId=8  Result=error
2026-03-09 19:52:38 FAIL  User=972  MappedId=972  Time=2026-03-09 19:28:29  LogType=IN  DevId=8  Result=error
2026-03-09 19:53:09 FAIL  User=972  MappedId=972  Time=2026-03-09 19:28:34  LogType=IN  DevId=8  Result=error
2026-03-09 19:53:40 FAIL  User=490  MappedId=SS00490  Time=2026-03-09 19:28:41  LogType=IN  DevId=8  Result=error
2026-03-09 19:54:11 FAIL  User=484  MappedId=SS00484  Time=2026-03-09 19:28:45  LogType=IN  DevId=8  Result=error
2026-03-09 19:54:43 FAIL  User=484  MappedId=SS00484  Time=2026-03-09 19:28:50  LogType=IN  DevId=8  Result=error
2026-03-09 19:55:14 FAIL  User=952  MappedId=952  Time=2026-03-09 19:28:56  LogType=IN  DevId=8  Result=error
2026-03-09 19:55:20 OK    User=1225  MappedId=1225  Time=2026-03-09 19:29:06  LogType=IN  DevId=8  Result=ok
2026-03-09 19:55:22 OK    User=1000  MappedId=1000  Time=2026-03-09 19:29:11  LogType=IN  DevId=8  Result=ok
2026-03-09 19:55:53 FAIL  User=1100  MappedId=1100  Time=2026-03-09 19:29:14  LogType=IN  DevId=8  Result=error
2026-03-09 19:56:24 FAIL  User=1100  MappedId=1100  Time=2026-03-09 19:29:15  LogType=IN  DevId=8  Result=error
2026-03-09 19:56:27 OK    User=1166  MappedId=1166  Time=2026-03-09 19:29:22  LogType=IN  DevId=8  Result=ok
2026-03-09 19:56:29 OK    User=1145  MappedId=1145  Time=2026-03-09 19:29:30  LogType=IN  DevId=8  Result=ok
2026-03-09 19:56:46 OK    User=1141  MappedId=1141  Time=2026-03-09 19:29:34  LogType=IN  DevId=8  Result=ok
2026-03-09 19:57:04 OK    User=1141  MappedId=1141  Time=2026-03-09 19:29:43  LogType=IN  DevId=8  Result=ok
2026-03-09 19:57:35 FAIL  User=1023  MappedId=1023  Time=2026-03-09 19:29:49  LogType=IN  DevId=8  Result=error
2026-03-09 19:57:53 OK    User=1023  MappedId=1023  Time=2026-03-09 19:29:50  LogType=IN  DevId=8  Result=ok
2026-03-09 19:58:11 OK    User=961  MappedId=961  Time=2026-03-09 19:29:55  LogType=IN  DevId=8  Result=ok
2026-03-09 19:58:29 OK    User=936  MappedId=936  Time=2026-03-09 19:29:57  LogType=IN  DevId=8  Result=ok
2026-03-09 19:58:47 OK    User=961  MappedId=961  Time=2026-03-09 19:29:59  LogType=IN  DevId=8  Result=ok
2026-03-09 19:59:04 OK    User=1058  MappedId=1058  Time=2026-03-09 19:30:03  LogType=IN  DevId=8  Result=ok
2026-03-09 19:59:06 OK    User=1181  MappedId=1181  Time=2026-03-09 19:30:06  LogType=IN  DevId=8  Result=ok
2026-03-09 19:59:24 OK    User=1058  MappedId=1058  Time=2026-03-09 19:30:10  LogType=IN  DevId=8  Result=ok
2026-03-09 19:59:42 OK    User=1058  MappedId=1058  Time=2026-03-09 19:30:16  LogType=IN  DevId=8  Result=ok
2026-03-09 19:59:59 OK    User=1058  MappedId=1058  Time=2026-03-09 19:30:26  LogType=IN  DevId=8  Result=ok
2026-03-09 20:00:01 OK    User=1181  MappedId=1181  Time=2026-03-09 19:30:29  LogType=IN  DevId=8  Result=ok
2026-03-09 20:00:18 OK    User=933  MappedId=933  Time=2026-03-09 19:30:32  LogType=IN  DevId=8  Result=ok
2026-03-09 20:00:21 OK    User=1214  MappedId=1214  Time=2026-03-09 19:30:41  LogType=IN  DevId=8  Result=ok
2026-03-09 20:01:26 SKIP  User=7  Time=2026-03-09 08:28:30  Reason=no_employee
2026-03-09 20:01:26 SKIP  User=588  Time=2026-03-09 09:50:55  Reason=no_employee
2026-03-09 20:01:26 SKIP  User=588  Time=2026-03-09 09:50:57  Reason=no_employee
2026-03-09 20:01:26 SKIP  User=588  Time=2026-03-09 10:43:11  Reason=no_employee
2026-03-09 20:01:26 SKIP  User=7  Time=2026-03-09 11:26:47  Reason=no_employee
2026-03-09 20:01:26 SKIP  User=588  Time=2026-03-09 11:54:54  Reason=no_employee
2026-03-09 20:01:26 SKIP  User=7  Time=2026-03-09 12:24:31  Reason=no_employee
2026-03-09 20:01:26 SKIP  User=7  Time=2026-03-09 12:38:35  Reason=no_employee
2026-03-09 20:01:26 SKIP  User=7  Time=2026-03-09 14:11:24  Reason=no_employee
2026-03-09 20:01:26 SKIP  User=7  Time=2026-03-09 14:11:38  Reason=no_employee
2026-03-09 20:01:26 SKIP  User=7  Time=2026-03-09 14:11:44  Reason=no_employee
2026-03-09 20:01:32 OK    User=1037  MappedId=1037  Time=2026-03-09 19:24:00  LogType=IN  DevId=8  Result=duplicate
2026-03-09 20:01:50 OK    User=1018  MappedId=1018  Time=2026-03-09 19:24:37  LogType=IN  DevId=8  Result=duplicate
2026-03-09 20:01:52 OK    User=984  MappedId=984  Time=2026-03-09 19:24:55  LogType=IN  DevId=8  Result=duplicate
2026-03-09 20:01:54 OK    User=984  MappedId=984  Time=2026-03-09 19:25:03  LogType=IN  DevId=8  Result=duplicate
2026-03-09 20:01:55 OK    User=1089  MappedId=1089  Time=2026-03-09 19:25:16  LogType=IN  DevId=8  Result=duplicate
2026-03-09 20:01:57 OK    User=1220  MappedId=1220  Time=2026-03-09 19:25:51  LogType=IN  DevId=8  Result=duplicate
2026-03-09 20:01:59 OK    User=919  MappedId=919  Time=2026-03-09 19:25:57  LogType=IN  DevId=8  Result=duplicate
2026-03-09 20:02:01 OK    User=919  MappedId=919  Time=2026-03-09 19:26:01  LogType=IN  DevId=8  Result=duplicate
2026-03-09 20:02:03 OK    User=1169  MappedId=1169  Time=2026-03-09 19:26:31  LogType=IN  DevId=8  Result=duplicate
2026-03-09 20:02:04 OK    User=1093  MappedId=1093  Time=2026-03-09 19:26:36  LogType=IN  DevId=8  Result=duplicate
2026-03-09 20:02:06 OK    User=958  MappedId=958  Time=2026-03-09 19:27:09  LogType=IN  DevId=8  Result=duplicate
2026-03-09 20:02:08 OK    User=958  MappedId=958  Time=2026-03-09 19:27:10  LogType=IN  DevId=8  Result=duplicate
2026-03-09 20:02:10 OK    User=1057  MappedId=1057  Time=2026-03-09 19:27:19  LogType=IN  DevId=8  Result=duplicate
2026-03-09 20:02:27 OK    User=1057  MappedId=1057  Time=2026-03-09 19:27:21  LogType=IN  DevId=8  Result=duplicate
2026-03-09 20:02:44 OK    User=1057  MappedId=1057  Time=2026-03-09 19:27:22  LogType=IN  DevId=8  Result=duplicate
2026-03-09 20:02:46 OK    User=1066  MappedId=1066  Time=2026-03-09 19:27:29  LogType=IN  DevId=8  Result=duplicate
2026-03-09 20:02:48 OK    User=927  MappedId=927  Time=2026-03-09 19:27:32  LogType=IN  DevId=8  Result=duplicate
2026-03-09 20:02:50 OK    User=861  MappedId=861  Time=2026-03-09 19:27:45  LogType=IN  DevId=8  Result=duplicate
2026-03-09 20:03:06 OK    User=924  MappedId=924  Time=2026-03-09 19:27:48  LogType=IN  DevId=8  Result=duplicate
2026-03-09 20:03:24 OK    User=924  MappedId=924  Time=2026-03-09 19:27:59  LogType=IN  DevId=8  Result=duplicate
2026-03-09 20:03:25 OK    User=976  MappedId=976  Time=2026-03-09 19:28:03  LogType=IN  DevId=8  Result=duplicate
2026-03-09 20:03:27 OK    User=976  MappedId=976  Time=2026-03-09 19:28:07  LogType=IN  DevId=8  Result=duplicate
2026-03-09 20:03:43 OK    User=920  MappedId=920  Time=2026-03-09 19:28:14  LogType=IN  DevId=8  Result=duplicate
2026-03-09 20:04:01 OK    User=928  MappedId=928  Time=2026-03-09 19:28:17  LogType=IN  DevId=8  Result=duplicate
2026-03-09 20:04:03 OK    User=928  MappedId=928  Time=2026-03-09 19:28:26  LogType=IN  DevId=8  Result=duplicate
2026-03-09 20:04:20 OK    User=972  MappedId=972  Time=2026-03-09 19:28:29  LogType=IN  DevId=8  Result=duplicate
2026-03-09 20:04:51 FAIL  User=972  MappedId=972  Time=2026-03-09 19:28:34  LogType=IN  DevId=8  Result=error
2026-03-09 20:04:53 OK    User=490  MappedId=SS00490  Time=2026-03-09 19:28:41  LogType=IN  DevId=8  Result=duplicate
2026-03-09 20:04:55 OK    User=484  MappedId=SS00484  Time=2026-03-09 19:28:45  LogType=IN  DevId=8  Result=duplicate
2026-03-09 20:04:57 OK    User=484  MappedId=SS00484  Time=2026-03-09 19:28:50  LogType=IN  DevId=8  Result=duplicate
2026-03-09 20:04:58 OK    User=952  MappedId=952  Time=2026-03-09 19:28:56  LogType=IN  DevId=8  Result=duplicate
2026-03-09 20:05:14 OK    User=1100  MappedId=1100  Time=2026-03-09 19:29:14  LogType=IN  DevId=8  Result=duplicate
2026-03-09 20:05:16 OK    User=1100  MappedId=1100  Time=2026-03-09 19:29:15  LogType=IN  DevId=8  Result=duplicate
2026-03-09 20:05:32 OK    User=1023  MappedId=1023  Time=2026-03-09 19:29:49  LogType=IN  DevId=8  Result=duplicate
2026-03-09 20:06:03 FAIL  User=933  MappedId=933  Time=2026-03-09 19:30:50  LogType=IN  DevId=8  Result=error
2026-03-09 20:06:34 FAIL  User=836  MappedId=836  Time=2026-03-09 19:30:55  LogType=IN  DevId=8  Result=error
2026-03-09 20:07:05 FAIL  User=836  MappedId=836  Time=2026-03-09 19:31:04  LogType=IN  DevId=8  Result=error
2026-03-09 20:07:37 FAIL  User=837  MappedId=837  Time=2026-03-09 19:31:08  LogType=IN  DevId=8  Result=error
2026-03-09 20:08:08 FAIL  User=837  MappedId=837  Time=2026-03-09 19:31:11  LogType=IN  DevId=8  Result=error
2026-03-09 20:08:30 OK    User=960  MappedId=960  Time=2026-03-09 19:31:18  LogType=IN  DevId=8  Result=ok
2026-03-09 20:08:47 OK    User=964  MappedId=964  Time=2026-03-09 19:31:23  LogType=IN  DevId=8  Result=ok
2026-03-09 20:09:05 OK    User=964  MappedId=964  Time=2026-03-09 19:31:30  LogType=IN  DevId=8  Result=ok
2026-03-09 20:09:23 OK    User=964  MappedId=964  Time=2026-03-09 19:31:35  LogType=IN  DevId=8  Result=ok
2026-03-09 20:09:54 FAIL  User=964  MappedId=964  Time=2026-03-09 19:31:46  LogType=IN  DevId=8  Result=error
2026-03-09 20:10:25 FAIL  User=931  MappedId=931  Time=2026-03-09 19:31:53  LogType=IN  DevId=8  Result=error
2026-03-09 20:10:56 FAIL  User=963  MappedId=963  Time=2026-03-09 19:31:56  LogType=IN  DevId=8  Result=error
2026-03-09 20:11:28 FAIL  User=963  MappedId=963  Time=2026-03-09 19:32:08  LogType=IN  DevId=8  Result=error
2026-03-09 20:11:46 OK    User=1116  MappedId=1116  Time=2026-03-09 19:32:12  LogType=IN  DevId=8  Result=ok
2026-03-09 20:12:04 OK    User=1116  MappedId=1116  Time=2026-03-09 19:32:17  LogType=IN  DevId=8  Result=ok
2026-03-09 20:12:20 OK    User=1150  MappedId=1150  Time=2026-03-09 19:32:24  LogType=IN  DevId=8  Result=ok
2026-03-09 20:12:36 OK    User=1143  MappedId=1143  Time=2026-03-09 19:32:28  LogType=IN  DevId=8  Result=ok
2026-03-09 20:12:53 OK    User=1143  MappedId=1143  Time=2026-03-09 19:32:34  LogType=IN  DevId=8  Result=ok
2026-03-09 20:12:55 OK    User=1212  MappedId=1212  Time=2026-03-09 19:32:39  LogType=IN  DevId=8  Result=ok
2026-03-09 20:12:56 OK    User=1212  MappedId=1212  Time=2026-03-09 19:32:44  LogType=IN  DevId=8  Result=ok
2026-03-09 20:13:14 OK    User=915  MappedId=915  Time=2026-03-09 19:32:47  LogType=IN  DevId=8  Result=ok
2026-03-09 20:13:32 OK    User=915  MappedId=915  Time=2026-03-09 19:32:48  LogType=IN  DevId=8  Result=ok
2026-03-09 20:13:34 OK    User=1183  MappedId=1183  Time=2026-03-09 19:32:52  LogType=IN  DevId=8  Result=ok
2026-03-09 20:13:52 OK    User=796  MappedId=796  Time=2026-03-09 19:33:43  LogType=IN  DevId=8  Result=ok
2026-03-09 20:14:23 FAIL  User=952  MappedId=952  Time=2026-03-09 19:33:45  LogType=IN  DevId=8  Result=error
2026-03-09 20:14:54 FAIL  User=952  MappedId=952  Time=2026-03-09 19:33:46  LogType=IN  DevId=8  Result=error
2026-03-09 20:15:25 FAIL  User=952  MappedId=952  Time=2026-03-09 19:33:53  LogType=IN  DevId=8  Result=error
2026-03-09 20:15:57 FAIL  User=826  MappedId=826  Time=2026-03-09 19:33:57  LogType=IN  DevId=8  Result=error
2026-03-09 20:16:28 FAIL  User=822  MappedId=822  Time=2026-03-09 19:34:08  LogType=IN  DevId=8  Result=error
2026-03-09 20:16:59 FAIL  User=826  MappedId=826  Time=2026-03-09 19:34:14  LogType=IN  DevId=8  Result=error
2026-03-09 20:17:30 FAIL  User=191  MappedId=SS00191  Time=2026-03-09 19:35:27  LogType=IN  DevId=8  Result=error
2026-03-09 20:18:02 FAIL  User=375  MappedId=SS00375  Time=2026-03-09 19:35:31  LogType=IN  DevId=8  Result=error
2026-03-09 20:18:33 FAIL  User=375  MappedId=SS00375  Time=2026-03-09 19:35:35  LogType=IN  DevId=8  Result=error
2026-03-09 20:19:04 FAIL  User=1160  MappedId=1160  Time=2026-03-09 19:35:43  LogType=IN  DevId=8  Result=error
2026-03-09 20:19:26 OK    User=1193  MappedId=1193  Time=2026-03-09 19:35:47  LogType=IN  DevId=8  Result=ok
2026-03-09 20:19:42 OK    User=1193  MappedId=1193  Time=2026-03-09 19:35:51  LogType=IN  DevId=8  Result=ok
2026-03-09 20:20:00 OK    User=1161  MappedId=1161  Time=2026-03-09 19:35:57  LogType=IN  DevId=8  Result=ok
2026-03-09 20:20:16 OK    User=1216  MappedId=1216  Time=2026-03-09 19:36:00  LogType=IN  DevId=8  Result=ok
2026-03-09 20:20:33 OK    User=1221  MappedId=1221  Time=2026-03-09 19:36:04  LogType=IN  DevId=8  Result=ok
2026-03-09 20:21:05 FAIL  User=944  MappedId=944  Time=2026-03-09 19:36:29  LogType=IN  DevId=8  Result=error
2026-03-09 20:21:36 FAIL  User=879  MappedId=879  Time=2026-03-09 19:36:32  LogType=IN  DevId=8  Result=error
2026-03-09 20:22:07 FAIL  User=879  MappedId=879  Time=2026-03-09 19:36:34  LogType=IN  DevId=8  Result=error
2026-03-09 20:22:38 FAIL  User=879  MappedId=879  Time=2026-03-09 19:36:44  LogType=IN  DevId=8  Result=error
2026-03-09 20:22:43 OK    User=1117  MappedId=1117  Time=2026-03-09 19:36:51  LogType=IN  DevId=8  Result=ok
2026-03-09 20:23:01 OK    User=835  MappedId=835  Time=2026-03-09 19:36:54  LogType=IN  DevId=8  Result=ok
2026-03-09 20:23:16 OK    User=1117  MappedId=1117  Time=2026-03-09 19:37:04  LogType=IN  DevId=8  Result=ok
2026-03-09 20:23:48 FAIL  User=1033  MappedId=1033  Time=2026-03-09 19:37:07  LogType=IN  DevId=8  Result=error
2026-03-09 20:24:05 OK    User=SS00588  MappedId=SS00588  Time=2026-03-09 19:37:10  LogType=IN  DevId=8  Result=ok
2026-03-09 20:24:23 OK    User=947  MappedId=947  Time=2026-03-09 19:37:11  LogType=IN  DevId=8  Result=ok
2026-03-09 20:24:54 FAIL  User=947  MappedId=947  Time=2026-03-09 19:37:14  LogType=IN  DevId=8  Result=error
2026-03-09 20:25:25 FAIL  User=947  MappedId=947  Time=2026-03-09 19:37:16  LogType=IN  DevId=8  Result=error
2026-03-09 20:25:42 OK    User=1056  MappedId=1056  Time=2026-03-09 19:37:21  LogType=IN  DevId=8  Result=ok
2026-03-09 20:25:43 OK    User=1044  MappedId=1044  Time=2026-03-09 19:37:24  LogType=IN  DevId=8  Result=ok
2026-03-09 20:26:01 OK    User=911  MappedId=911  Time=2026-03-09 19:37:26  LogType=IN  DevId=8  Result=ok
2026-03-09 20:26:19 OK    User=1059  MappedId=1059  Time=2026-03-09 19:37:48  LogType=IN  DevId=8  Result=ok
2026-03-09 20:26:21 OK    User=1163  MappedId=1163  Time=2026-03-09 19:38:15  LogType=IN  DevId=8  Result=ok
2026-03-09 20:26:23 OK    User=1163  MappedId=1163  Time=2026-03-09 19:38:33  LogType=IN  DevId=8  Result=ok
2026-03-09 20:26:25 OK    User=1163  MappedId=1163  Time=2026-03-09 19:38:34  LogType=IN  DevId=8  Result=ok
2026-03-09 20:26:27 OK    User=1109  MappedId=1109  Time=2026-03-09 19:38:38  LogType=IN  DevId=8  Result=ok
2026-03-09 20:26:29 OK    User=1109  MappedId=1109  Time=2026-03-09 19:38:44  LogType=IN  DevId=8  Result=ok
2026-03-09 20:26:31 OK    User=1224  MappedId=1224  Time=2026-03-09 19:39:29  LogType=IN  DevId=8  Result=ok
2026-03-09 20:26:32 OK    User=1115  MappedId=1115  Time=2026-03-09 19:39:43  LogType=IN  DevId=8  Result=ok
2026-03-09 20:26:34 OK    User=1115  MappedId=1115  Time=2026-03-09 19:39:45  LogType=IN  DevId=8  Result=ok
2026-03-09 20:26:36 OK    User=1134  MappedId=1134  Time=2026-03-09 19:39:47  LogType=IN  DevId=8  Result=ok
2026-03-09 20:26:38 OK    User=1134  MappedId=1134  Time=2026-03-09 19:39:55  LogType=IN  DevId=8  Result=ok
2026-03-09 20:26:40 OK    User=1126  MappedId=1126  Time=2026-03-09 19:39:58  LogType=IN  DevId=8  Result=ok
2026-03-09 20:26:42 OK    User=1126  MappedId=1126  Time=2026-03-09 19:40:00  LogType=IN  DevId=8  Result=ok
2026-03-09 20:26:44 OK    User=1126  MappedId=1126  Time=2026-03-09 19:40:03  LogType=IN  DevId=8  Result=ok
2026-03-09 20:26:45 OK    User=1022  MappedId=1022  Time=2026-03-09 19:40:08  LogType=IN  DevId=8  Result=ok
2026-03-09 20:26:47 OK    User=1022  MappedId=1022  Time=2026-03-09 19:40:09  LogType=IN  DevId=8  Result=ok
2026-03-09 20:27:05 OK    User=970  MappedId=970  Time=2026-03-09 19:40:15  LogType=IN  DevId=8  Result=ok
2026-03-09 20:27:07 OK    User=1199  MappedId=1199  Time=2026-03-09 19:40:21  LogType=IN  DevId=8  Result=ok
2026-03-09 20:27:09 OK    User=1199  MappedId=1199  Time=2026-03-09 19:40:24  LogType=IN  DevId=8  Result=ok
2026-03-09 20:27:10 OK    User=1192  MappedId=1192  Time=2026-03-09 19:40:27  LogType=IN  DevId=8  Result=ok
2026-03-09 20:27:12 OK    User=1192  MappedId=1192  Time=2026-03-09 19:40:33  LogType=IN  DevId=8  Result=ok
2026-03-09 20:27:14 OK    User=1155  MappedId=1155  Time=2026-03-09 19:40:36  LogType=IN  DevId=8  Result=ok
2026-03-09 20:27:16 OK    User=1155  MappedId=1155  Time=2026-03-09 19:40:42  LogType=IN  DevId=8  Result=ok
2026-03-09 20:27:33 OK    User=1038  MappedId=1038  Time=2026-03-09 19:40:45  LogType=IN  DevId=8  Result=ok
2026-03-09 20:27:51 OK    User=1038  MappedId=1038  Time=2026-03-09 19:40:49  LogType=IN  DevId=8  Result=ok
2026-03-09 20:28:22 FAIL  User=629  MappedId=629  Time=2026-03-09 19:40:58  LogType=IN  DevId=8  Result=error
2026-03-09 20:28:53 FAIL  User=888  MappedId=888  Time=2026-03-09 19:41:05  LogType=IN  DevId=8  Result=error
2026-03-09 20:29:25 FAIL  User=747  MappedId=747  Time=2026-03-09 19:41:09  LogType=IN  DevId=8  Result=error
2026-03-09 20:29:56 FAIL  User=747  MappedId=747  Time=2026-03-09 19:41:11  LogType=IN  DevId=8  Result=error
2026-03-09 20:30:27 FAIL  User=1208  MappedId=1208  Time=2026-03-09 19:41:13  LogType=IN  DevId=8  Result=error
2026-03-09 20:30:58 FAIL  User=862  MappedId=862  Time=2026-03-09 19:41:14  LogType=IN  DevId=8  Result=error
2026-03-09 20:31:30 FAIL  User=1208  MappedId=1208  Time=2026-03-09 19:41:20  LogType=IN  DevId=8  Result=error
2026-03-09 20:31:49 OK    User=1217  MappedId=1217  Time=2026-03-09 19:41:24  LogType=IN  DevId=8  Result=ok
2026-03-09 20:31:51 OK    User=1217  MappedId=1217  Time=2026-03-09 19:41:30  LogType=IN  DevId=8  Result=ok
2026-03-09 20:31:53 OK    User=1144  MappedId=1144  Time=2026-03-09 19:41:34  LogType=IN  DevId=8  Result=ok
2026-03-09 20:31:55 OK    User=1144  MappedId=1144  Time=2026-03-09 19:41:35  LogType=IN  DevId=8  Result=ok
2026-03-09 20:32:12 OK    User=922  MappedId=922  Time=2026-03-09 19:42:02  LogType=IN  DevId=8  Result=ok
2026-03-09 20:32:30 OK    User=922  MappedId=922  Time=2026-03-09 19:42:03  LogType=IN  DevId=8  Result=ok
2026-03-09 20:32:48 OK    User=980  MappedId=980  Time=2026-03-09 19:42:27  LogType=IN  DevId=8  Result=ok
2026-03-09 20:33:05 OK    User=980  MappedId=980  Time=2026-03-09 19:42:29  LogType=IN  DevId=8  Result=ok
2026-03-09 20:33:23 OK    User=996  MappedId=996  Time=2026-03-09 19:42:31  LogType=IN  DevId=8  Result=ok
2026-03-09 20:33:41 OK    User=996  MappedId=996  Time=2026-03-09 19:42:32  LogType=IN  DevId=8  Result=ok
2026-03-09 20:33:43 OK    User=1189  MappedId=1189  Time=2026-03-09 19:42:35  LogType=IN  DevId=8  Result=ok
2026-03-09 20:34:14 FAIL  User=996  MappedId=996  Time=2026-03-09 19:42:38  LogType=IN  DevId=8  Result=error
2026-03-09 20:34:46 FAIL  User=996  MappedId=996  Time=2026-03-09 19:42:41  LogType=IN  DevId=8  Result=error
2026-03-09 20:35:02 OK    User=1129  MappedId=1129  Time=2026-03-09 19:42:57  LogType=IN  DevId=8  Result=ok
2026-03-09 20:35:19 OK    User=1159  MappedId=1159  Time=2026-03-09 19:43:02  LogType=IN  DevId=8  Result=ok
2026-03-09 20:35:50 FAIL  User=1159  MappedId=1159  Time=2026-03-09 19:43:12  LogType=IN  DevId=8  Result=error
2026-03-09 20:36:21 FAIL  User=1003  MappedId=1003  Time=2026-03-09 19:43:18  LogType=IN  DevId=8  Result=error
2026-03-09 20:36:41 OK    User=1207  MappedId=1207  Time=2026-03-09 19:43:24  LogType=IN  DevId=8  Result=ok
2026-03-09 20:36:57 OK    User=1207  MappedId=1207  Time=2026-03-09 19:43:25  LogType=IN  DevId=8  Result=ok
2026-03-09 20:37:14 OK    User=1207  MappedId=1207  Time=2026-03-09 19:43:28  LogType=IN  DevId=8  Result=ok
2026-03-09 20:37:45 FAIL  User=860  MappedId=860  Time=2026-03-09 19:43:50  LogType=IN  DevId=8  Result=error
2026-03-09 20:38:17 FAIL  User=959  MappedId=959  Time=2026-03-09 19:43:54  LogType=IN  DevId=8  Result=error
2026-03-09 20:38:48 FAIL  User=959  MappedId=959  Time=2026-03-09 19:43:58  LogType=IN  DevId=8  Result=error
2026-03-09 20:39:19 FAIL  User=959  MappedId=959  Time=2026-03-09 19:44:02  LogType=IN  DevId=8  Result=error
2026-03-09 20:39:50 FAIL  User=846  MappedId=846  Time=2026-03-09 19:44:19  LogType=IN  DevId=8  Result=error
2026-03-09 20:40:10 OK    User=1202  MappedId=1202  Time=2026-03-09 19:44:24  LogType=IN  DevId=8  Result=ok
2026-03-09 20:40:26 OK    User=1162  MappedId=1162  Time=2026-03-09 19:44:39  LogType=IN  DevId=8  Result=ok
2026-03-09 20:40:44 OK    User=1162  MappedId=1162  Time=2026-03-09 19:44:54  LogType=IN  DevId=8  Result=ok
2026-03-09 20:41:15 FAIL  User=954  MappedId=954  Time=2026-03-09 19:45:21  LogType=IN  DevId=8  Result=error
2026-03-09 20:41:46 FAIL  User=954  MappedId=954  Time=2026-03-09 19:45:23  LogType=IN  DevId=8  Result=error
2026-03-09 20:42:07 OK    User=1092  MappedId=1092  Time=2026-03-09 19:45:25  LogType=IN  DevId=8  Result=ok
2026-03-09 20:42:08 OK    User=1092  MappedId=1092  Time=2026-03-09 19:45:26  LogType=IN  DevId=8  Result=ok
2026-03-09 20:42:24 OK    User=1153  MappedId=1153  Time=2026-03-09 19:45:32  LogType=IN  DevId=8  Result=ok
2026-03-09 20:42:42 OK    User=1153  MappedId=1153  Time=2026-03-09 19:45:34  LogType=IN  DevId=8  Result=ok
2026-03-09 20:42:59 OK    User=1153  MappedId=1153  Time=2026-03-09 19:45:44  LogType=IN  DevId=8  Result=ok
2026-03-09 20:43:01 OK    User=1153  MappedId=1153  Time=2026-03-09 19:45:50  LogType=IN  DevId=8  Result=ok
2026-03-09 20:43:19 OK    User=914  MappedId=914  Time=2026-03-09 19:45:58  LogType=IN  DevId=8  Result=ok
2026-03-09 20:43:21 OK    User=1061  MappedId=1061  Time=2026-03-09 19:46:02  LogType=IN  DevId=8  Result=ok
2026-03-09 20:43:23 OK    User=1105  MappedId=1105  Time=2026-03-09 19:46:04  LogType=IN  DevId=8  Result=ok
2026-03-09 20:43:24 OK    User=1105  MappedId=1105  Time=2026-03-09 19:46:05  LogType=IN  DevId=8  Result=ok
2026-03-09 20:43:42 OK    User=999  MappedId=999  Time=2026-03-09 19:46:27  LogType=IN  DevId=8  Result=ok
2026-03-09 20:44:00 OK    User=999  MappedId=999  Time=2026-03-09 19:46:28  LogType=IN  DevId=8  Result=ok
2026-03-09 20:44:17 OK    User=1042  MappedId=1042  Time=2026-03-09 19:46:36  LogType=IN  DevId=8  Result=ok
2026-03-09 20:44:35 OK    User=1042  MappedId=1042  Time=2026-03-09 19:46:38  LogType=IN  DevId=8  Result=ok
2026-03-09 20:44:37 OK    User=1186  MappedId=1186  Time=2026-03-09 19:46:44  LogType=IN  DevId=8  Result=ok
2026-03-09 20:44:39 OK    User=1186  MappedId=1186  Time=2026-03-09 19:46:45  LogType=IN  DevId=8  Result=ok
2026-03-09 20:44:56 OK    User=1084  MappedId=1084  Time=2026-03-09 19:47:34  LogType=IN  DevId=8  Result=ok
2026-03-09 20:44:58 OK    User=1198  MappedId=1198  Time=2026-03-09 19:47:38  LogType=IN  DevId=8  Result=ok
2026-03-09 20:45:00 OK    User=1198  MappedId=1198  Time=2026-03-09 19:47:43  LogType=IN  DevId=8  Result=ok
2026-03-09 20:45:02 OK    User=1148  MappedId=1148  Time=2026-03-09 19:47:54  LogType=IN  DevId=8  Result=ok
2026-03-09 20:45:19 OK    User=1103  MappedId=1103  Time=2026-03-09 19:48:26  LogType=IN  DevId=8  Result=ok
2026-03-09 20:45:21 OK    User=1203  MappedId=1203  Time=2026-03-09 19:48:43  LogType=IN  DevId=8  Result=ok
2026-03-09 20:45:23 OK    User=1203  MappedId=1203  Time=2026-03-09 19:48:44  LogType=IN  DevId=8  Result=ok
2026-03-09 20:45:40 OK    User=965  MappedId=965  Time=2026-03-09 19:48:45  LogType=IN  DevId=8  Result=ok
2026-03-09 20:45:58 OK    User=965  MappedId=965  Time=2026-03-09 19:48:47  LogType=IN  DevId=8  Result=ok
2026-03-09 20:46:17 OK    User=965  MappedId=965  Time=2026-03-09 19:48:49  LogType=IN  DevId=8  Result=ok
2026-03-09 20:46:35 OK    User=965  MappedId=965  Time=2026-03-09 19:48:52  LogType=IN  DevId=8  Result=ok
2026-03-09 20:46:53 OK    User=965  MappedId=965  Time=2026-03-09 19:48:53  LogType=IN  DevId=8  Result=ok
2026-03-09 20:46:54 OK    User=1156  MappedId=1156  Time=2026-03-09 19:50:18  LogType=IN  DevId=8  Result=ok
2026-03-09 20:47:26 FAIL  User=24  MappedId=SS0024  Time=2026-03-09 19:53:50  LogType=IN  DevId=8  Result=error
2026-03-09 20:47:57 FAIL  User=493  MappedId=SS00493  Time=2026-03-09 19:54:22  LogType=IN  DevId=8  Result=error
2026-03-09 20:48:28 FAIL  User=493  MappedId=SS00493  Time=2026-03-09 19:54:24  LogType=IN  DevId=8  Result=error
2026-03-09 20:48:46 OK    User=967  MappedId=967  Time=2026-03-09 19:55:41  LogType=IN  DevId=8  Result=ok
2026-03-09 20:49:02 OK    User=1188  MappedId=1188  Time=2026-03-09 19:56:30  LogType=IN  DevId=8  Result=ok
2026-03-09 20:49:17 OK    User=1087  MappedId=1087  Time=2026-03-09 19:58:42  LogType=IN  DevId=8  Result=ok
2026-03-09 20:49:19 OK    User=1170  MappedId=1170  Time=2026-03-09 19:58:51  LogType=IN  DevId=8  Result=ok
2026-03-09 20:50:26 SKIP  User=7  Time=2026-03-09 08:28:30  Reason=no_employee
2026-03-09 20:50:26 SKIP  User=588  Time=2026-03-09 09:50:55  Reason=no_employee
2026-03-09 20:50:26 SKIP  User=588  Time=2026-03-09 09:50:57  Reason=no_employee
2026-03-09 20:50:26 SKIP  User=588  Time=2026-03-09 10:43:11  Reason=no_employee
2026-03-09 20:50:26 SKIP  User=7  Time=2026-03-09 11:26:47  Reason=no_employee
2026-03-09 20:50:26 SKIP  User=588  Time=2026-03-09 11:54:54  Reason=no_employee
2026-03-09 20:50:26 SKIP  User=7  Time=2026-03-09 12:24:31  Reason=no_employee
2026-03-09 20:50:26 SKIP  User=7  Time=2026-03-09 12:38:35  Reason=no_employee
2026-03-09 20:50:26 SKIP  User=7  Time=2026-03-09 14:11:24  Reason=no_employee
2026-03-09 20:50:26 SKIP  User=7  Time=2026-03-09 14:11:38  Reason=no_employee
2026-03-09 20:50:26 SKIP  User=7  Time=2026-03-09 14:11:44  Reason=no_employee
2026-03-09 20:50:39 OK    User=972  MappedId=972  Time=2026-03-09 19:28:34  LogType=IN  DevId=8  Result=duplicate
2026-03-09 20:50:56 OK    User=933  MappedId=933  Time=2026-03-09 19:30:50  LogType=IN  DevId=8  Result=duplicate
2026-03-09 20:51:14 OK    User=836  MappedId=836  Time=2026-03-09 19:30:55  LogType=IN  DevId=8  Result=duplicate
2026-03-09 20:51:33 OK    User=836  MappedId=836  Time=2026-03-09 19:31:04  LogType=IN  DevId=8  Result=duplicate
2026-03-09 20:51:34 OK    User=837  MappedId=837  Time=2026-03-09 19:31:08  LogType=IN  DevId=8  Result=duplicate
2026-03-09 20:51:50 OK    User=837  MappedId=837  Time=2026-03-09 19:31:11  LogType=IN  DevId=8  Result=duplicate
2026-03-09 20:52:07 OK    User=964  MappedId=964  Time=2026-03-09 19:31:46  LogType=IN  DevId=8  Result=duplicate
2026-03-09 20:52:09 OK    User=931  MappedId=931  Time=2026-03-09 19:31:53  LogType=IN  DevId=8  Result=duplicate
2026-03-09 20:52:11 OK    User=963  MappedId=963  Time=2026-03-09 19:31:56  LogType=IN  DevId=8  Result=duplicate
2026-03-09 20:52:13 OK    User=963  MappedId=963  Time=2026-03-09 19:32:08  LogType=IN  DevId=8  Result=duplicate
2026-03-09 20:52:15 OK    User=952  MappedId=952  Time=2026-03-09 19:33:45  LogType=IN  DevId=8  Result=duplicate
2026-03-09 20:52:17 OK    User=952  MappedId=952  Time=2026-03-09 19:33:46  LogType=IN  DevId=8  Result=duplicate
2026-03-09 20:52:18 OK    User=952  MappedId=952  Time=2026-03-09 19:33:53  LogType=IN  DevId=8  Result=duplicate
2026-03-09 20:52:20 OK    User=826  MappedId=826  Time=2026-03-09 19:33:57  LogType=IN  DevId=8  Result=duplicate
2026-03-09 20:52:22 OK    User=822  MappedId=822  Time=2026-03-09 19:34:08  LogType=IN  DevId=8  Result=duplicate
2026-03-09 20:52:39 OK    User=826  MappedId=826  Time=2026-03-09 19:34:14  LogType=IN  DevId=8  Result=duplicate
2026-03-09 20:53:11 FAIL  User=191  MappedId=SS00191  Time=2026-03-09 19:35:27  LogType=IN  DevId=8  Result=error
2026-03-09 20:53:27 OK    User=375  MappedId=SS00375  Time=2026-03-09 19:35:31  LogType=IN  DevId=8  Result=duplicate
2026-03-09 20:53:29 OK    User=375  MappedId=SS00375  Time=2026-03-09 19:35:35  LogType=IN  DevId=8  Result=duplicate
2026-03-09 20:53:31 OK    User=1160  MappedId=1160  Time=2026-03-09 19:35:43  LogType=IN  DevId=8  Result=ok
2026-03-09 20:53:33 OK    User=944  MappedId=944  Time=2026-03-09 19:36:29  LogType=IN  DevId=8  Result=duplicate
2026-03-09 20:53:49 OK    User=879  MappedId=879  Time=2026-03-09 19:36:32  LogType=IN  DevId=8  Result=duplicate
2026-03-09 20:54:04 OK    User=879  MappedId=879  Time=2026-03-09 19:36:34  LogType=IN  DevId=8  Result=duplicate
2026-03-09 20:54:20 OK    User=879  MappedId=879  Time=2026-03-09 19:36:44  LogType=IN  DevId=8  Result=duplicate
2026-03-09 20:54:37 OK    User=1033  MappedId=1033  Time=2026-03-09 19:37:07  LogType=IN  DevId=8  Result=duplicate
2026-03-09 20:54:55 OK    User=947  MappedId=947  Time=2026-03-09 19:37:14  LogType=IN  DevId=8  Result=duplicate
2026-03-09 20:55:13 OK    User=947  MappedId=947  Time=2026-03-09 19:37:16  LogType=IN  DevId=8  Result=duplicate
2026-03-09 20:55:14 OK    User=629  MappedId=629  Time=2026-03-09 19:40:58  LogType=IN  DevId=8  Result=duplicate
2026-03-09 20:55:16 OK    User=888  MappedId=888  Time=2026-03-09 19:41:05  LogType=IN  DevId=8  Result=duplicate
2026-03-09 20:55:18 OK    User=747  MappedId=747  Time=2026-03-09 19:41:09  LogType=IN  DevId=8  Result=duplicate
2026-03-09 20:55:20 OK    User=747  MappedId=747  Time=2026-03-09 19:41:11  LogType=IN  DevId=8  Result=duplicate
2026-03-09 20:55:36 OK    User=1208  MappedId=1208  Time=2026-03-09 19:41:13  LogType=IN  DevId=8  Result=duplicate
2026-03-09 20:55:53 OK    User=862  MappedId=862  Time=2026-03-09 19:41:14  LogType=IN  DevId=8  Result=duplicate
2026-03-09 20:55:55 OK    User=1208  MappedId=1208  Time=2026-03-09 19:41:20  LogType=IN  DevId=8  Result=duplicate
2026-03-09 20:56:12 OK    User=996  MappedId=996  Time=2026-03-09 19:42:38  LogType=IN  DevId=8  Result=duplicate
2026-03-09 20:56:14 OK    User=996  MappedId=996  Time=2026-03-09 19:42:41  LogType=IN  DevId=8  Result=duplicate
2026-03-09 20:56:30 OK    User=1159  MappedId=1159  Time=2026-03-09 19:43:12  LogType=IN  DevId=8  Result=duplicate
2026-03-09 20:56:32 OK    User=1003  MappedId=1003  Time=2026-03-09 19:43:18  LogType=IN  DevId=8  Result=duplicate
2026-03-09 20:56:33 OK    User=860  MappedId=860  Time=2026-03-09 19:43:50  LogType=IN  DevId=8  Result=duplicate
2026-03-09 20:56:35 OK    User=959  MappedId=959  Time=2026-03-09 19:43:54  LogType=IN  DevId=8  Result=duplicate
2026-03-09 20:56:37 OK    User=959  MappedId=959  Time=2026-03-09 19:43:58  LogType=IN  DevId=8  Result=duplicate
2026-03-09 20:56:39 OK    User=959  MappedId=959  Time=2026-03-09 19:44:02  LogType=IN  DevId=8  Result=duplicate
2026-03-09 20:56:41 OK    User=846  MappedId=846  Time=2026-03-09 19:44:19  LogType=IN  DevId=8  Result=duplicate
2026-03-09 20:56:57 OK    User=954  MappedId=954  Time=2026-03-09 19:45:21  LogType=IN  DevId=8  Result=duplicate
2026-03-09 20:57:15 OK    User=954  MappedId=954  Time=2026-03-09 19:45:23  LogType=IN  DevId=8  Result=duplicate
2026-03-09 20:57:32 OK    User=24  MappedId=SS0024  Time=2026-03-09 19:53:50  LogType=IN  DevId=8  Result=duplicate
2026-03-09 20:57:50 OK    User=493  MappedId=SS00493  Time=2026-03-09 19:54:22  LogType=IN  DevId=8  Result=duplicate
2026-03-09 20:58:07 OK    User=493  MappedId=SS00493  Time=2026-03-09 19:54:24  LogType=IN  DevId=8  Result=duplicate
2026-03-09 20:58:25 OK    User=1083  MappedId=1083  Time=2026-03-09 20:02:46  LogType=IN  DevId=8  Result=ok
2026-03-09 20:58:43 OK    User=1083  MappedId=1083  Time=2026-03-09 20:02:47  LogType=IN  DevId=8  Result=ok
2026-03-09 20:59:14 FAIL  User=857  MappedId=857  Time=2026-03-09 20:09:54  LogType=IN  DevId=8  Result=error
2026-03-09 20:59:46 FAIL  User=857  MappedId=857  Time=2026-03-09 20:09:56  LogType=IN  DevId=8  Result=error
2026-03-09 21:00:03 OK    User=1182  MappedId=1182  Time=2026-03-09 20:09:57  LogType=IN  DevId=8  Result=ok
2026-03-09 21:00:21 OK    User=656  MappedId=SS00656  Time=2026-03-09 20:09:58  LogType=IN  DevId=8  Result=ok
2026-03-09 21:00:23 OK    User=942  MappedId=942  Time=2026-03-09 20:10:02  LogType=IN  DevId=8  Result=ok
2026-03-09 21:00:41 OK    User=795  MappedId=795  Time=2026-03-09 20:10:09  LogType=IN  DevId=8  Result=ok
2026-03-09 21:00:57 OK    User=1129  MappedId=1129  Time=2026-03-09 20:10:19  LogType=IN  DevId=8  Result=ok
2026-03-09 21:01:14 OK    User=1129  MappedId=1129  Time=2026-03-09 20:10:20  LogType=IN  DevId=8  Result=ok
2026-03-09 21:01:32 OK    User=720  MappedId=SS00720  Time=2026-03-09 20:12:31  LogType=IN  DevId=8  Result=ok
2026-03-09 21:01:50 OK    User=1073  MappedId=1073  Time=2026-03-09 20:12:36  LogType=IN  DevId=8  Result=ok
2026-03-09 21:02:21 FAIL  User=1001  MappedId=1001  Time=2026-03-09 20:12:38  LogType=IN  DevId=8  Result=error
2026-03-09 21:02:52 FAIL  User=781  MappedId=781  Time=2026-03-09 20:13:01  LogType=IN  DevId=8  Result=error
2026-03-09 21:03:23 FAIL  User=781  MappedId=781  Time=2026-03-09 20:13:04  LogType=IN  DevId=8  Result=error
2026-03-09 21:03:55 FAIL  User=781  MappedId=781  Time=2026-03-09 20:13:06  LogType=IN  DevId=8  Result=error
2026-03-09 21:04:26 FAIL  User=781  MappedId=781  Time=2026-03-09 20:13:07  LogType=IN  DevId=8  Result=error
2026-03-09 21:04:57 FAIL  User=781  MappedId=781  Time=2026-03-09 20:13:10  LogType=IN  DevId=8  Result=error
2026-03-09 21:05:29 FAIL  User=1100  MappedId=1100  Time=2026-03-09 20:13:12  LogType=IN  DevId=8  Result=error
2026-03-09 21:06:00 FAIL  User=1100  MappedId=1100  Time=2026-03-09 20:13:14  LogType=IN  DevId=8  Result=error
2026-03-09 21:06:31 FAIL  User=1064  MappedId=1064  Time=2026-03-09 20:16:14  LogType=IN  DevId=8  Result=error
2026-03-09 21:06:51 OK    User=1064  MappedId=1064  Time=2026-03-09 20:16:15  LogType=IN  DevId=8  Result=ok
2026-03-09 21:07:22 FAIL  User=846  MappedId=846  Time=2026-03-09 20:17:18  LogType=IN  DevId=8  Result=error
2026-03-09 21:07:54 FAIL  User=1078  MappedId=1078  Time=2026-03-09 20:17:23  LogType=IN  DevId=8  Result=error
2026-03-09 21:08:11 OK    User=998  MappedId=998  Time=2026-03-09 20:17:25  LogType=IN  DevId=8  Result=ok
2026-03-09 21:08:29 OK    User=998  MappedId=998  Time=2026-03-09 20:17:27  LogType=IN  DevId=8  Result=ok
2026-03-09 21:09:00 FAIL  User=1077  MappedId=1077  Time=2026-03-09 20:17:35  LogType=IN  DevId=8  Result=error
2026-03-09 21:09:17 OK    User=1188  MappedId=1188  Time=2026-03-09 20:17:58  LogType=IN  DevId=8  Result=ok
2026-03-09 21:09:48 FAIL  User=880  MappedId=880  Time=2026-03-09 20:18:35  LogType=IN  DevId=8  Result=error
2026-03-09 21:10:05 OK    User=1114  MappedId=1114  Time=2026-03-09 20:18:39  LogType=IN  DevId=8  Result=ok
2026-03-09 21:10:21 OK    User=1114  MappedId=1114  Time=2026-03-09 20:18:45  LogType=IN  DevId=8  Result=ok
2026-03-09 21:10:53 FAIL  User=937  MappedId=937  Time=2026-03-09 20:21:23  LogType=IN  DevId=8  Result=error
2026-03-09 21:11:11 OK    User=937  MappedId=937  Time=2026-03-09 20:21:25  LogType=IN  DevId=8  Result=ok
2026-03-09 21:11:29 OK    User=958  MappedId=958  Time=2026-03-09 20:21:27  LogType=IN  DevId=8  Result=ok
2026-03-09 21:12:00 FAIL  User=958  MappedId=958  Time=2026-03-09 20:21:29  LogType=IN  DevId=8  Result=error
2026-03-09 21:12:17 OK    User=958  MappedId=958  Time=2026-03-09 20:21:34  LogType=IN  DevId=8  Result=ok
2026-03-09 21:12:49 FAIL  User=1065  MappedId=1065  Time=2026-03-09 20:22:16  LogType=IN  DevId=8  Result=error
2026-03-09 21:13:06 OK    User=1151  MappedId=1151  Time=2026-03-09 20:22:22  LogType=IN  DevId=8  Result=ok
2026-03-09 21:13:24 OK    User=992  MappedId=992  Time=2026-03-09 20:22:24  LogType=IN  DevId=8  Result=ok
2026-03-09 21:13:55 FAIL  User=992  MappedId=992  Time=2026-03-09 20:22:25  LogType=IN  DevId=8  Result=error
2026-03-09 21:14:26 FAIL  User=1151  MappedId=1151  Time=2026-03-09 20:22:26  LogType=IN  DevId=8  Result=error
2026-03-09 21:14:44 OK    User=992  MappedId=992  Time=2026-03-09 20:22:29  LogType=IN  DevId=8  Result=ok
2026-03-09 21:15:01 OK    User=992  MappedId=992  Time=2026-03-09 20:22:30  LogType=IN  DevId=8  Result=ok
2026-03-09 21:15:19 OK    User=1151  MappedId=1151  Time=2026-03-09 20:22:32  LogType=IN  DevId=8  Result=ok
2026-03-09 21:15:36 OK    User=992  MappedId=992  Time=2026-03-09 20:22:34  LogType=IN  DevId=8  Result=ok
2026-03-09 21:15:54 OK    User=1084  MappedId=1084  Time=2026-03-09 20:22:59  LogType=IN  DevId=8  Result=ok
2026-03-09 21:15:56 OK    User=1143  MappedId=1143  Time=2026-03-09 20:24:37  LogType=IN  DevId=8  Result=ok
2026-03-09 21:16:14 OK    User=907  MappedId=907  Time=2026-03-09 20:25:16  LogType=IN  DevId=8  Result=ok
2026-03-09 21:16:32 OK    User=825  MappedId=825  Time=2026-03-09 20:25:20  LogType=IN  DevId=8  Result=ok
2026-03-09 21:16:49 OK    User=825  MappedId=825  Time=2026-03-09 20:25:25  LogType=IN  DevId=8  Result=ok
2026-03-09 21:17:07 OK    User=879  MappedId=879  Time=2026-03-09 20:27:02  LogType=IN  DevId=8  Result=ok
2026-03-09 21:17:24 OK    User=944  MappedId=944  Time=2026-03-09 20:29:29  LogType=IN  DevId=8  Result=ok
2026-03-09 21:17:26 OK    User=1118  MappedId=1118  Time=2026-03-09 20:33:30  LogType=IN  DevId=8  Result=ok
2026-03-09 21:17:44 OK    User=788  MappedId=788  Time=2026-03-09 20:33:40  LogType=IN  DevId=8  Result=ok
2026-03-09 21:17:46 OK    User=1160  MappedId=1160  Time=2026-03-09 20:33:47  LogType=IN  DevId=8  Result=ok
2026-03-09 21:17:47 OK    User=1156  MappedId=1156  Time=2026-03-09 20:35:51  LogType=IN  DevId=8  Result=ok
2026-03-09 21:18:05 OK    User=781  MappedId=781  Time=2026-03-09 20:37:01  LogType=IN  DevId=8  Result=ok
2026-03-09 21:18:07 OK    User=1185  MappedId=1185  Time=2026-03-09 20:44:36  LogType=IN  DevId=8  Result=ok
2026-03-09 21:19:12 SKIP  User=7  Time=2026-03-09 08:28:30  Reason=no_employee
2026-03-09 21:19:12 SKIP  User=588  Time=2026-03-09 09:50:55  Reason=no_employee
2026-03-09 21:19:12 SKIP  User=588  Time=2026-03-09 09:50:57  Reason=no_employee
2026-03-09 21:19:12 SKIP  User=588  Time=2026-03-09 10:43:11  Reason=no_employee
2026-03-09 21:19:12 SKIP  User=7  Time=2026-03-09 11:26:47  Reason=no_employee
2026-03-09 21:19:12 SKIP  User=588  Time=2026-03-09 11:54:54  Reason=no_employee
2026-03-09 21:19:12 SKIP  User=7  Time=2026-03-09 12:24:31  Reason=no_employee
2026-03-09 21:19:12 SKIP  User=7  Time=2026-03-09 12:38:35  Reason=no_employee
2026-03-09 21:19:12 SKIP  User=7  Time=2026-03-09 14:11:24  Reason=no_employee
2026-03-09 21:19:12 SKIP  User=7  Time=2026-03-09 14:11:38  Reason=no_employee
2026-03-09 21:19:12 SKIP  User=7  Time=2026-03-09 14:11:44  Reason=no_employee
2026-03-09 21:19:39 OK    User=191  MappedId=SS00191  Time=2026-03-09 19:35:27  LogType=IN  DevId=8  Result=duplicate
2026-03-09 21:20:11 FAIL  User=857  MappedId=857  Time=2026-03-09 20:09:54  LogType=IN  DevId=8  Result=error
2026-03-09 21:20:42 FAIL  User=857  MappedId=857  Time=2026-03-09 20:09:56  LogType=IN  DevId=8  Result=error
2026-03-09 21:21:00 OK    User=1001  MappedId=1001  Time=2026-03-09 20:12:38  LogType=IN  DevId=8  Result=duplicate
2026-03-09 21:21:18 OK    User=781  MappedId=781  Time=2026-03-09 20:13:01  LogType=IN  DevId=8  Result=duplicate
2026-03-09 21:21:20 OK    User=781  MappedId=781  Time=2026-03-09 20:13:04  LogType=IN  DevId=8  Result=duplicate
2026-03-09 21:21:21 OK    User=781  MappedId=781  Time=2026-03-09 20:13:06  LogType=IN  DevId=8  Result=duplicate
2026-03-09 21:21:39 OK    User=781  MappedId=781  Time=2026-03-09 20:13:07  LogType=IN  DevId=8  Result=duplicate
2026-03-09 21:21:41 OK    User=781  MappedId=781  Time=2026-03-09 20:13:10  LogType=IN  DevId=8  Result=duplicate
2026-03-09 21:21:42 OK    User=1100  MappedId=1100  Time=2026-03-09 20:13:12  LogType=IN  DevId=8  Result=duplicate
2026-03-09 21:21:58 OK    User=1100  MappedId=1100  Time=2026-03-09 20:13:14  LogType=IN  DevId=8  Result=duplicate
2026-03-09 21:22:00 OK    User=1064  MappedId=1064  Time=2026-03-09 20:16:14  LogType=IN  DevId=8  Result=duplicate
2026-03-09 21:22:02 OK    User=846  MappedId=846  Time=2026-03-09 20:17:18  LogType=IN  DevId=8  Result=duplicate
2026-03-09 21:22:04 OK    User=1078  MappedId=1078  Time=2026-03-09 20:17:23  LogType=IN  DevId=8  Result=duplicate
2026-03-09 21:22:19 OK    User=1077  MappedId=1077  Time=2026-03-09 20:17:35  LogType=IN  DevId=8  Result=duplicate
2026-03-09 21:22:37 OK    User=880  MappedId=880  Time=2026-03-09 20:18:35  LogType=IN  DevId=8  Result=duplicate
2026-03-09 21:22:39 OK    User=937  MappedId=937  Time=2026-03-09 20:21:23  LogType=IN  DevId=8  Result=duplicate
2026-03-09 21:22:40 OK    User=958  MappedId=958  Time=2026-03-09 20:21:29  LogType=IN  DevId=8  Result=duplicate
2026-03-09 21:22:42 OK    User=1065  MappedId=1065  Time=2026-03-09 20:22:16  LogType=IN  DevId=8  Result=duplicate
2026-03-09 21:22:58 OK    User=992  MappedId=992  Time=2026-03-09 20:22:25  LogType=IN  DevId=8  Result=duplicate
2026-03-09 21:23:14 OK    User=1151  MappedId=1151  Time=2026-03-09 20:22:26  LogType=IN  DevId=8  Result=duplicate
2026-03-09 21:23:29 OK    User=1163  MappedId=1163  Time=2026-03-09 20:51:23  LogType=IN  DevId=8  Result=ok
2026-03-09 21:23:47 OK    User=1163  MappedId=1163  Time=2026-03-09 20:51:24  LogType=IN  DevId=8  Result=ok
2026-03-09 21:24:18 FAIL  User=1135  MappedId=1135  Time=2026-03-09 20:54:24  LogType=IN  DevId=8  Result=error
2026-03-09 21:24:49 FAIL  User=862  MappedId=862  Time=2026-03-09 20:54:34  LogType=IN  DevId=8  Result=error
2026-03-09 21:25:07 OK    User=862  MappedId=862  Time=2026-03-09 20:54:35  LogType=IN  DevId=8  Result=ok
2026-03-09 21:25:24 OK    User=1069  MappedId=1069  Time=2026-03-09 20:54:52  LogType=IN  DevId=8  Result=ok
2026-03-09 21:25:56 FAIL  User=1069  MappedId=1069  Time=2026-03-09 20:54:53  LogType=IN  DevId=8  Result=error
2026-03-09 21:26:14 OK    User=1065  MappedId=1065  Time=2026-03-09 20:56:01  LogType=IN  DevId=8  Result=ok
2026-03-09 21:26:46 FAIL  User=1151  MappedId=1151  Time=2026-03-09 20:56:03  LogType=IN  DevId=8  Result=error
2026-03-09 21:27:17 FAIL  User=1151  MappedId=1151  Time=2026-03-09 20:56:05  LogType=IN  DevId=8  Result=error
2026-03-09 21:27:34 OK    User=1151  MappedId=1151  Time=2026-03-09 20:56:07  LogType=IN  DevId=8  Result=ok
2026-03-09 21:27:52 OK    User=1151  MappedId=1151  Time=2026-03-09 20:56:08  LogType=IN  DevId=8  Result=ok
2026-03-09 21:28:23 FAIL  User=1151  MappedId=1151  Time=2026-03-09 20:56:11  LogType=IN  DevId=8  Result=error
2026-03-09 21:28:54 FAIL  User=1151  MappedId=1151  Time=2026-03-09 20:56:13  LogType=IN  DevId=8  Result=error
2026-03-09 21:29:26 FAIL  User=941  MappedId=941  Time=2026-03-09 20:57:17  LogType=IN  DevId=8  Result=error
2026-03-09 21:29:57 FAIL  User=941  MappedId=941  Time=2026-03-09 20:57:18  LogType=IN  DevId=8  Result=error
2026-03-09 21:30:15 OK    User=1023  MappedId=1023  Time=2026-03-09 20:57:42  LogType=IN  DevId=8  Result=ok
2026-03-09 21:30:32 OK    User=1023  MappedId=1023  Time=2026-03-09 20:57:44  LogType=IN  DevId=8  Result=ok
2026-03-09 21:30:50 OK    User=837  MappedId=837  Time=2026-03-09 20:58:08  LogType=IN  DevId=8  Result=ok
2026-03-09 21:31:08 OK    User=837  MappedId=837  Time=2026-03-09 20:58:10  LogType=IN  DevId=8  Result=ok
2026-03-09 21:31:26 OK    User=952  MappedId=952  Time=2026-03-09 20:58:32  LogType=IN  DevId=8  Result=ok
2026-03-09 21:31:43 OK    User=867  MappedId=867  Time=2026-03-09 20:58:59  LogType=IN  DevId=8  Result=ok
2026-03-09 21:31:45 OK    User=1207  MappedId=1207  Time=2026-03-09 21:00:36  LogType=IN  DevId=8  Result=ok
2026-03-09 21:32:02 OK    User=842  MappedId=842  Time=2026-03-09 21:04:24  LogType=IN  DevId=8  Result=ok
2026-03-09 21:32:20 OK    User=842  MappedId=842  Time=2026-03-09 21:04:25  LogType=IN  DevId=8  Result=ok
2026-03-09 21:32:37 OK    User=842  MappedId=842  Time=2026-03-09 21:04:27  LogType=IN  DevId=8  Result=ok
2026-03-09 21:33:09 FAIL  User=931  MappedId=931  Time=2026-03-09 21:04:36  LogType=IN  DevId=8  Result=error
2026-03-09 21:33:40 FAIL  User=928  MappedId=928  Time=2026-03-09 21:06:26  LogType=IN  DevId=8  Result=error
2026-03-09 21:34:11 FAIL  User=1057  MappedId=1057  Time=2026-03-09 21:08:37  LogType=IN  DevId=8  Result=error
2026-03-09 21:34:42 FAIL  User=1057  MappedId=1057  Time=2026-03-09 21:08:39  LogType=IN  DevId=8  Result=error
2026-03-09 21:35:14 FAIL  User=1032  MappedId=1032  Time=2026-03-09 21:12:55  LogType=IN  DevId=8  Result=error
2026-03-09 21:35:45 FAIL  User=1151  MappedId=1151  Time=2026-03-09 21:15:21  LogType=IN  DevId=8  Result=error
2026-03-09 21:35:47 OK    User=1170  MappedId=1170  Time=2026-03-09 21:15:25  LogType=IN  DevId=8  Result=ok
2026-03-09 21:36:04 OK    User=1170  MappedId=1170  Time=2026-03-09 21:15:26  LogType=IN  DevId=8  Result=ok
2026-03-09 21:36:22 OK    User=1162  MappedId=1162  Time=2026-03-09 21:18:18  LogType=IN  DevId=8  Result=ok
2026-03-09 21:37:28 SKIP  User=7  Time=2026-03-09 08:28:30  Reason=no_employee
2026-03-09 21:37:28 SKIP  User=588  Time=2026-03-09 09:50:55  Reason=no_employee
2026-03-09 21:37:28 SKIP  User=588  Time=2026-03-09 09:50:57  Reason=no_employee
2026-03-09 21:37:28 SKIP  User=588  Time=2026-03-09 10:43:11  Reason=no_employee
2026-03-09 21:37:28 SKIP  User=7  Time=2026-03-09 11:26:47  Reason=no_employee
2026-03-09 21:37:28 SKIP  User=588  Time=2026-03-09 11:54:54  Reason=no_employee
2026-03-09 21:37:28 SKIP  User=7  Time=2026-03-09 12:24:31  Reason=no_employee
2026-03-09 21:37:28 SKIP  User=7  Time=2026-03-09 12:38:35  Reason=no_employee
2026-03-09 21:37:28 SKIP  User=7  Time=2026-03-09 14:11:24  Reason=no_employee
2026-03-09 21:37:28 SKIP  User=7  Time=2026-03-09 14:11:38  Reason=no_employee
2026-03-09 21:37:28 SKIP  User=7  Time=2026-03-09 14:11:44  Reason=no_employee
2026-03-09 21:37:34 OK    User=857  MappedId=857  Time=2026-03-09 20:09:54  LogType=IN  DevId=8  Result=duplicate
2026-03-09 21:37:36 OK    User=857  MappedId=857  Time=2026-03-09 20:09:56  LogType=IN  DevId=8  Result=duplicate
2026-03-09 21:37:51 OK    User=1135  MappedId=1135  Time=2026-03-09 20:54:24  LogType=IN  DevId=8  Result=duplicate
2026-03-09 21:38:09 OK    User=862  MappedId=862  Time=2026-03-09 20:54:34  LogType=IN  DevId=8  Result=duplicate
2026-03-09 21:38:26 OK    User=1069  MappedId=1069  Time=2026-03-09 20:54:53  LogType=IN  DevId=8  Result=duplicate
2026-03-09 21:38:28 OK    User=1151  MappedId=1151  Time=2026-03-09 20:56:03  LogType=IN  DevId=8  Result=duplicate
2026-03-09 21:38:30 OK    User=1151  MappedId=1151  Time=2026-03-09 20:56:05  LogType=IN  DevId=8  Result=duplicate
2026-03-09 21:38:32 OK    User=1151  MappedId=1151  Time=2026-03-09 20:56:11  LogType=IN  DevId=8  Result=duplicate
2026-03-09 21:38:48 OK    User=1151  MappedId=1151  Time=2026-03-09 20:56:13  LogType=IN  DevId=8  Result=duplicate
2026-03-09 21:38:49 OK    User=941  MappedId=941  Time=2026-03-09 20:57:17  LogType=IN  DevId=8  Result=duplicate
2026-03-09 21:38:51 OK    User=941  MappedId=941  Time=2026-03-09 20:57:18  LogType=IN  DevId=8  Result=duplicate
2026-03-09 21:38:53 OK    User=931  MappedId=931  Time=2026-03-09 21:04:36  LogType=IN  DevId=8  Result=duplicate
2026-03-09 21:38:55 OK    User=928  MappedId=928  Time=2026-03-09 21:06:26  LogType=IN  DevId=8  Result=duplicate
2026-03-09 21:38:57 OK    User=1057  MappedId=1057  Time=2026-03-09 21:08:37  LogType=IN  DevId=8  Result=duplicate
2026-03-09 21:38:58 OK    User=1057  MappedId=1057  Time=2026-03-09 21:08:39  LogType=IN  DevId=8  Result=duplicate
2026-03-09 21:39:00 OK    User=1032  MappedId=1032  Time=2026-03-09 21:12:55  LogType=IN  DevId=8  Result=duplicate
2026-03-09 21:39:02 OK    User=1151  MappedId=1151  Time=2026-03-09 21:15:21  LogType=IN  DevId=8  Result=duplicate
2026-03-09 21:39:20 OK    User=966  MappedId=966  Time=2026-03-09 21:21:11  LogType=IN  DevId=8  Result=ok
2026-03-09 21:39:37 OK    User=860  MappedId=860  Time=2026-03-09 21:22:05  LogType=IN  DevId=8  Result=ok
2026-03-09 21:39:39 OK    User=978  MappedId=978  Time=2026-03-09 21:24:30  LogType=IN  DevId=8  Result=ok
2026-03-09 21:39:57 OK    User=998  MappedId=998  Time=2026-03-09 21:27:41  LogType=IN  DevId=8  Result=ok
2026-03-09 21:40:14 OK    User=998  MappedId=998  Time=2026-03-09 21:27:43  LogType=IN  DevId=8  Result=ok
2026-03-09 21:40:32 OK    User=919  MappedId=919  Time=2026-03-09 21:33:22  LogType=IN  DevId=8  Result=ok
2026-03-09 21:40:49 OK    User=919  MappedId=919  Time=2026-03-09 21:33:33  LogType=IN  DevId=8  Result=ok
2026-03-09 21:41:08 OK    User=919  MappedId=919  Time=2026-03-09 21:33:34  LogType=IN  DevId=8  Result=ok
2026-03-09 21:41:25 OK    User=919  MappedId=919  Time=2026-03-09 21:33:41  LogType=IN  DevId=8  Result=ok
2026-03-09 21:41:27 OK    User=1087  MappedId=1087  Time=2026-03-09 21:36:20  LogType=IN  DevId=8  Result=ok
2026-03-09 21:42:35 SKIP  User=7  Time=2026-03-09 08:28:30  Reason=no_employee
2026-03-09 21:42:35 SKIP  User=588  Time=2026-03-09 09:50:55  Reason=no_employee
2026-03-09 21:42:35 SKIP  User=588  Time=2026-03-09 09:50:57  Reason=no_employee
2026-03-09 21:42:35 SKIP  User=588  Time=2026-03-09 10:43:11  Reason=no_employee
2026-03-09 21:42:35 SKIP  User=7  Time=2026-03-09 11:26:47  Reason=no_employee
2026-03-09 21:42:35 SKIP  User=588  Time=2026-03-09 11:54:54  Reason=no_employee
2026-03-09 21:42:35 SKIP  User=7  Time=2026-03-09 12:24:31  Reason=no_employee
2026-03-09 21:42:35 SKIP  User=7  Time=2026-03-09 12:38:35  Reason=no_employee
2026-03-09 21:42:35 SKIP  User=7  Time=2026-03-09 14:11:24  Reason=no_employee
2026-03-09 21:42:35 SKIP  User=7  Time=2026-03-09 14:11:38  Reason=no_employee
2026-03-09 21:42:35 SKIP  User=7  Time=2026-03-09 14:11:44  Reason=no_employee
2026-03-09 21:43:05 FAIL  User=1077  MappedId=1077  Time=2026-03-09 21:39:04  LogType=IN  DevId=8  Result=error
2026-03-09 21:43:24 OK    User=1077  MappedId=1077  Time=2026-03-09 21:39:06  LogType=IN  DevId=8  Result=ok
2026-03-09 21:43:43 OK    User=1077  MappedId=1077  Time=2026-03-09 21:39:16  LogType=IN  DevId=8  Result=ok
2026-03-09 21:44:51 SKIP  User=7  Time=2026-03-09 08:28:30  Reason=no_employee
2026-03-09 21:44:51 SKIP  User=588  Time=2026-03-09 09:50:55  Reason=no_employee
2026-03-09 21:44:51 SKIP  User=588  Time=2026-03-09 09:50:57  Reason=no_employee
2026-03-09 21:44:51 SKIP  User=588  Time=2026-03-09 10:43:11  Reason=no_employee
2026-03-09 21:44:51 SKIP  User=7  Time=2026-03-09 11:26:47  Reason=no_employee
2026-03-09 21:44:51 SKIP  User=588  Time=2026-03-09 11:54:54  Reason=no_employee
2026-03-09 21:44:51 SKIP  User=7  Time=2026-03-09 12:24:31  Reason=no_employee
2026-03-09 21:44:51 SKIP  User=7  Time=2026-03-09 12:38:35  Reason=no_employee
2026-03-09 21:44:51 SKIP  User=7  Time=2026-03-09 14:11:24  Reason=no_employee
2026-03-09 21:44:51 SKIP  User=7  Time=2026-03-09 14:11:38  Reason=no_employee
2026-03-09 21:44:51 SKIP  User=7  Time=2026-03-09 14:11:44  Reason=no_employee
2026-03-09 21:44:59 OK    User=1077  MappedId=1077  Time=2026-03-09 21:39:04  LogType=IN  DevId=8  Result=duplicate
2026-03-09 21:45:01 OK    User=1210  MappedId=1210  Time=2026-03-09 21:42:58  LogType=IN  DevId=8  Result=ok
2026-03-09 21:45:32 FAIL  User=879  MappedId=879  Time=2026-03-09 21:44:10  LogType=IN  DevId=8  Result=error
2026-03-09 21:46:38 SKIP  User=7  Time=2026-03-09 08:28:30  Reason=no_employee
2026-03-09 21:46:38 SKIP  User=588  Time=2026-03-09 09:50:55  Reason=no_employee
2026-03-09 21:46:38 SKIP  User=588  Time=2026-03-09 09:50:57  Reason=no_employee
2026-03-09 21:46:38 SKIP  User=588  Time=2026-03-09 10:43:11  Reason=no_employee
2026-03-09 21:46:38 SKIP  User=7  Time=2026-03-09 11:26:47  Reason=no_employee
2026-03-09 21:46:38 SKIP  User=588  Time=2026-03-09 11:54:54  Reason=no_employee
2026-03-09 21:46:38 SKIP  User=7  Time=2026-03-09 12:24:31  Reason=no_employee
2026-03-09 21:46:38 SKIP  User=7  Time=2026-03-09 12:38:35  Reason=no_employee
2026-03-09 21:46:38 SKIP  User=7  Time=2026-03-09 14:11:24  Reason=no_employee
2026-03-09 21:46:38 SKIP  User=7  Time=2026-03-09 14:11:38  Reason=no_employee
2026-03-09 21:46:38 SKIP  User=7  Time=2026-03-09 14:11:44  Reason=no_employee
2026-03-09 21:46:45 OK    User=879  MappedId=879  Time=2026-03-09 21:44:10  LogType=IN  DevId=8  Result=duplicate
2026-03-09 21:47:16 FAIL  User=835  MappedId=835  Time=2026-03-09 21:45:37  LogType=IN  DevId=8  Result=error
2026-03-09 21:48:24 SKIP  User=7  Time=2026-03-09 08:28:30  Reason=no_employee
2026-03-09 21:48:24 SKIP  User=588  Time=2026-03-09 09:50:55  Reason=no_employee
2026-03-09 21:48:24 SKIP  User=588  Time=2026-03-09 09:50:57  Reason=no_employee
2026-03-09 21:48:24 SKIP  User=588  Time=2026-03-09 10:43:11  Reason=no_employee
2026-03-09 21:48:24 SKIP  User=7  Time=2026-03-09 11:26:47  Reason=no_employee
2026-03-09 21:48:24 SKIP  User=588  Time=2026-03-09 11:54:54  Reason=no_employee
2026-03-09 21:48:24 SKIP  User=7  Time=2026-03-09 12:24:31  Reason=no_employee
2026-03-09 21:48:24 SKIP  User=7  Time=2026-03-09 12:38:35  Reason=no_employee
2026-03-09 21:48:24 SKIP  User=7  Time=2026-03-09 14:11:24  Reason=no_employee
2026-03-09 21:48:24 SKIP  User=7  Time=2026-03-09 14:11:38  Reason=no_employee
2026-03-09 21:48:24 SKIP  User=7  Time=2026-03-09 14:11:44  Reason=no_employee
2026-03-09 21:48:27 OK    User=835  MappedId=835  Time=2026-03-09 21:45:37  LogType=IN  DevId=8  Result=duplicate
2026-03-09 21:48:59 FAIL  User=846  MappedId=846  Time=2026-03-09 21:47:57  LogType=IN  DevId=8  Result=error
2026-03-09 21:50:06 SKIP  User=7  Time=2026-03-09 08:28:30  Reason=no_employee
2026-03-09 21:50:06 SKIP  User=588  Time=2026-03-09 09:50:55  Reason=no_employee
2026-03-09 21:50:06 SKIP  User=588  Time=2026-03-09 09:50:57  Reason=no_employee
2026-03-09 21:50:06 SKIP  User=588  Time=2026-03-09 10:43:11  Reason=no_employee
2026-03-09 21:50:06 SKIP  User=7  Time=2026-03-09 11:26:47  Reason=no_employee
2026-03-09 21:50:06 SKIP  User=588  Time=2026-03-09 11:54:54  Reason=no_employee
2026-03-09 21:50:06 SKIP  User=7  Time=2026-03-09 12:24:31  Reason=no_employee
2026-03-09 21:50:06 SKIP  User=7  Time=2026-03-09 12:38:35  Reason=no_employee
2026-03-09 21:50:06 SKIP  User=7  Time=2026-03-09 14:11:24  Reason=no_employee
2026-03-09 21:50:06 SKIP  User=7  Time=2026-03-09 14:11:38  Reason=no_employee
2026-03-09 21:50:06 SKIP  User=7  Time=2026-03-09 14:11:44  Reason=no_employee
2026-03-09 21:50:09 OK    User=846  MappedId=846  Time=2026-03-09 21:47:57  LogType=IN  DevId=8  Result=duplicate
2026-03-09 21:50:40 FAIL  User=836  MappedId=836  Time=2026-03-09 21:48:57  LogType=IN  DevId=8  Result=error
2026-03-09 21:51:11 FAIL  User=836  MappedId=836  Time=2026-03-09 21:48:58  LogType=IN  DevId=8  Result=error
2026-03-09 21:51:31 OK    User=970  MappedId=970  Time=2026-03-09 21:49:51  LogType=IN  DevId=8  Result=ok
2026-03-09 21:52:37 SKIP  User=7  Time=2026-03-09 08:28:30  Reason=no_employee
2026-03-09 21:52:37 SKIP  User=588  Time=2026-03-09 09:50:55  Reason=no_employee
2026-03-09 21:52:37 SKIP  User=588  Time=2026-03-09 09:50:57  Reason=no_employee
2026-03-09 21:52:37 SKIP  User=588  Time=2026-03-09 10:43:11  Reason=no_employee
2026-03-09 21:52:37 SKIP  User=7  Time=2026-03-09 11:26:47  Reason=no_employee
2026-03-09 21:52:37 SKIP  User=588  Time=2026-03-09 11:54:54  Reason=no_employee
2026-03-09 21:52:37 SKIP  User=7  Time=2026-03-09 12:24:31  Reason=no_employee
2026-03-09 21:52:37 SKIP  User=7  Time=2026-03-09 12:38:35  Reason=no_employee
2026-03-09 21:52:37 SKIP  User=7  Time=2026-03-09 14:11:24  Reason=no_employee
2026-03-09 21:52:37 SKIP  User=7  Time=2026-03-09 14:11:38  Reason=no_employee
2026-03-09 21:52:37 SKIP  User=7  Time=2026-03-09 14:11:44  Reason=no_employee
2026-03-09 21:52:45 OK    User=836  MappedId=836  Time=2026-03-09 21:48:57  LogType=IN  DevId=8  Result=duplicate
2026-03-09 21:53:02 OK    User=836  MappedId=836  Time=2026-03-09 21:48:58  LogType=IN  DevId=8  Result=duplicate
2026-03-09 21:53:20 OK    User=1181  MappedId=1181  Time=2026-03-09 21:52:08  LogType=IN  DevId=8  Result=ok
2026-03-09 21:53:38 OK    User=1181  MappedId=1181  Time=2026-03-09 21:52:09  LogType=IN  DevId=8  Result=ok
2026-03-09 21:54:43 SKIP  User=7  Time=2026-03-09 08:28:30  Reason=no_employee
2026-03-09 21:54:43 SKIP  User=588  Time=2026-03-09 09:50:55  Reason=no_employee
2026-03-09 21:54:43 SKIP  User=588  Time=2026-03-09 09:50:57  Reason=no_employee
2026-03-09 21:54:43 SKIP  User=588  Time=2026-03-09 10:43:11  Reason=no_employee
2026-03-09 21:54:43 SKIP  User=7  Time=2026-03-09 11:26:47  Reason=no_employee
2026-03-09 21:54:43 SKIP  User=588  Time=2026-03-09 11:54:54  Reason=no_employee
2026-03-09 21:54:43 SKIP  User=7  Time=2026-03-09 12:24:31  Reason=no_employee
2026-03-09 21:54:43 SKIP  User=7  Time=2026-03-09 12:38:35  Reason=no_employee
2026-03-09 21:54:43 SKIP  User=7  Time=2026-03-09 14:11:24  Reason=no_employee
2026-03-09 21:54:43 SKIP  User=7  Time=2026-03-09 14:11:38  Reason=no_employee
2026-03-09 21:54:43 SKIP  User=7  Time=2026-03-09 14:11:44  Reason=no_employee
2026-03-09 21:55:04 OK    User=972  MappedId=972  Time=2026-03-09 21:53:01  LogType=IN  DevId=8  Result=ok
2026-03-09 21:56:11 SKIP  User=7  Time=2026-03-09 08:28:30  Reason=no_employee
2026-03-09 21:56:11 SKIP  User=588  Time=2026-03-09 09:50:55  Reason=no_employee
2026-03-09 21:56:11 SKIP  User=588  Time=2026-03-09 09:50:57  Reason=no_employee
2026-03-09 21:56:11 SKIP  User=588  Time=2026-03-09 10:43:11  Reason=no_employee
2026-03-09 21:56:11 SKIP  User=7  Time=2026-03-09 11:26:47  Reason=no_employee
2026-03-09 21:56:11 SKIP  User=588  Time=2026-03-09 11:54:54  Reason=no_employee
2026-03-09 21:56:11 SKIP  User=7  Time=2026-03-09 12:24:31  Reason=no_employee
2026-03-09 21:56:11 SKIP  User=7  Time=2026-03-09 12:38:35  Reason=no_employee
2026-03-09 21:56:11 SKIP  User=7  Time=2026-03-09 14:11:24  Reason=no_employee
2026-03-09 21:56:11 SKIP  User=7  Time=2026-03-09 14:11:38  Reason=no_employee
2026-03-09 21:56:11 SKIP  User=7  Time=2026-03-09 14:11:44  Reason=no_employee
2026-03-09 21:57:17 SKIP  User=7  Time=2026-03-09 08:28:30  Reason=no_employee
2026-03-09 21:57:17 SKIP  User=588  Time=2026-03-09 09:50:55  Reason=no_employee
2026-03-09 21:57:17 SKIP  User=588  Time=2026-03-09 09:50:57  Reason=no_employee
2026-03-09 21:57:17 SKIP  User=588  Time=2026-03-09 10:43:11  Reason=no_employee
2026-03-09 21:57:17 SKIP  User=7  Time=2026-03-09 11:26:47  Reason=no_employee
2026-03-09 21:57:17 SKIP  User=588  Time=2026-03-09 11:54:54  Reason=no_employee
2026-03-09 21:57:17 SKIP  User=7  Time=2026-03-09 12:24:31  Reason=no_employee
2026-03-09 21:57:17 SKIP  User=7  Time=2026-03-09 12:38:35  Reason=no_employee
2026-03-09 21:57:17 SKIP  User=7  Time=2026-03-09 14:11:24  Reason=no_employee
2026-03-09 21:57:17 SKIP  User=7  Time=2026-03-09 14:11:38  Reason=no_employee
2026-03-09 21:57:17 SKIP  User=7  Time=2026-03-09 14:11:44  Reason=no_employee
2026-03-09 21:58:21 SKIP  User=7  Time=2026-03-09 08:28:30  Reason=no_employee
2026-03-09 21:58:21 SKIP  User=588  Time=2026-03-09 09:50:55  Reason=no_employee
2026-03-09 21:58:21 SKIP  User=588  Time=2026-03-09 09:50:57  Reason=no_employee
2026-03-09 21:58:21 SKIP  User=588  Time=2026-03-09 10:43:11  Reason=no_employee
2026-03-09 21:58:21 SKIP  User=7  Time=2026-03-09 11:26:47  Reason=no_employee
2026-03-09 21:58:21 SKIP  User=588  Time=2026-03-09 11:54:54  Reason=no_employee
2026-03-09 21:58:21 SKIP  User=7  Time=2026-03-09 12:24:31  Reason=no_employee
2026-03-09 21:58:21 SKIP  User=7  Time=2026-03-09 12:38:35  Reason=no_employee
2026-03-09 21:58:21 SKIP  User=7  Time=2026-03-09 14:11:24  Reason=no_employee
2026-03-09 21:58:21 SKIP  User=7  Time=2026-03-09 14:11:38  Reason=no_employee
2026-03-09 21:58:21 SKIP  User=7  Time=2026-03-09 14:11:44  Reason=no_employee
2026-03-09 21:59:27 SKIP  User=7  Time=2026-03-09 08:28:30  Reason=no_employee
2026-03-09 21:59:27 SKIP  User=588  Time=2026-03-09 09:50:55  Reason=no_employee
2026-03-09 21:59:27 SKIP  User=588  Time=2026-03-09 09:50:57  Reason=no_employee
2026-03-09 21:59:27 SKIP  User=588  Time=2026-03-09 10:43:11  Reason=no_employee
2026-03-09 21:59:27 SKIP  User=7  Time=2026-03-09 11:26:47  Reason=no_employee
2026-03-09 21:59:27 SKIP  User=588  Time=2026-03-09 11:54:54  Reason=no_employee
2026-03-09 21:59:27 SKIP  User=7  Time=2026-03-09 12:24:31  Reason=no_employee
2026-03-09 21:59:27 SKIP  User=7  Time=2026-03-09 12:38:35  Reason=no_employee
2026-03-09 21:59:27 SKIP  User=7  Time=2026-03-09 14:11:24  Reason=no_employee
2026-03-09 21:59:27 SKIP  User=7  Time=2026-03-09 14:11:38  Reason=no_employee
2026-03-09 21:59:27 SKIP  User=7  Time=2026-03-09 14:11:44  Reason=no_employee
2026-03-09 22:00:33 SKIP  User=7  Time=2026-03-09 08:28:30  Reason=no_employee
2026-03-09 22:00:33 SKIP  User=588  Time=2026-03-09 09:50:55  Reason=no_employee
2026-03-09 22:00:33 SKIP  User=588  Time=2026-03-09 09:50:57  Reason=no_employee
2026-03-09 22:00:33 SKIP  User=588  Time=2026-03-09 10:43:11  Reason=no_employee
2026-03-09 22:00:33 SKIP  User=7  Time=2026-03-09 11:26:47  Reason=no_employee
2026-03-09 22:00:33 SKIP  User=588  Time=2026-03-09 11:54:54  Reason=no_employee
2026-03-09 22:00:33 SKIP  User=7  Time=2026-03-09 12:24:31  Reason=no_employee
2026-03-09 22:00:33 SKIP  User=7  Time=2026-03-09 12:38:35  Reason=no_employee
2026-03-09 22:00:33 SKIP  User=7  Time=2026-03-09 14:11:24  Reason=no_employee
2026-03-09 22:00:33 SKIP  User=7  Time=2026-03-09 14:11:38  Reason=no_employee
2026-03-09 22:00:33 SKIP  User=7  Time=2026-03-09 14:11:44  Reason=no_employee
2026-03-09 22:00:34 OK    User=1144  MappedId=1144  Time=2026-03-09 21:59:25  LogType=IN  DevId=8  Result=ok
2026-03-09 22:01:40 SKIP  User=7  Time=2026-03-09 08:28:30  Reason=no_employee
2026-03-09 22:01:40 SKIP  User=588  Time=2026-03-09 09:50:55  Reason=no_employee
2026-03-09 22:01:40 SKIP  User=588  Time=2026-03-09 09:50:57  Reason=no_employee
2026-03-09 22:01:40 SKIP  User=588  Time=2026-03-09 10:43:11  Reason=no_employee
2026-03-09 22:01:40 SKIP  User=7  Time=2026-03-09 11:26:47  Reason=no_employee
2026-03-09 22:01:40 SKIP  User=588  Time=2026-03-09 11:54:54  Reason=no_employee
2026-03-09 22:01:40 SKIP  User=7  Time=2026-03-09 12:24:31  Reason=no_employee
2026-03-09 22:01:40 SKIP  User=7  Time=2026-03-09 12:38:35  Reason=no_employee
2026-03-09 22:01:40 SKIP  User=7  Time=2026-03-09 14:11:24  Reason=no_employee
2026-03-09 22:01:40 SKIP  User=7  Time=2026-03-09 14:11:38  Reason=no_employee
2026-03-09 22:01:40 SKIP  User=7  Time=2026-03-09 14:11:44  Reason=no_employee
2026-03-09 22:02:45 SKIP  User=7  Time=2026-03-09 08:28:30  Reason=no_employee
2026-03-09 22:02:45 SKIP  User=588  Time=2026-03-09 09:50:55  Reason=no_employee
2026-03-09 22:02:45 SKIP  User=588  Time=2026-03-09 09:50:57  Reason=no_employee
2026-03-09 22:02:45 SKIP  User=588  Time=2026-03-09 10:43:11  Reason=no_employee
2026-03-09 22:02:45 SKIP  User=7  Time=2026-03-09 11:26:47  Reason=no_employee
2026-03-09 22:02:45 SKIP  User=588  Time=2026-03-09 11:54:54  Reason=no_employee
2026-03-09 22:02:45 SKIP  User=7  Time=2026-03-09 12:24:31  Reason=no_employee
2026-03-09 22:02:45 SKIP  User=7  Time=2026-03-09 12:38:35  Reason=no_employee
2026-03-09 22:02:45 SKIP  User=7  Time=2026-03-09 14:11:24  Reason=no_employee
2026-03-09 22:02:45 SKIP  User=7  Time=2026-03-09 14:11:38  Reason=no_employee
2026-03-09 22:02:45 SKIP  User=7  Time=2026-03-09 14:11:44  Reason=no_employee
2026-03-09 22:03:49 SKIP  User=7  Time=2026-03-09 08:28:30  Reason=no_employee
2026-03-09 22:03:49 SKIP  User=588  Time=2026-03-09 09:50:55  Reason=no_employee
2026-03-09 22:03:49 SKIP  User=588  Time=2026-03-09 09:50:57  Reason=no_employee
2026-03-09 22:03:49 SKIP  User=588  Time=2026-03-09 10:43:11  Reason=no_employee
2026-03-09 22:03:49 SKIP  User=7  Time=2026-03-09 11:26:47  Reason=no_employee
2026-03-09 22:03:49 SKIP  User=588  Time=2026-03-09 11:54:54  Reason=no_employee
2026-03-09 22:03:49 SKIP  User=7  Time=2026-03-09 12:24:31  Reason=no_employee
2026-03-09 22:03:49 SKIP  User=7  Time=2026-03-09 12:38:35  Reason=no_employee
2026-03-09 22:03:49 SKIP  User=7  Time=2026-03-09 14:11:24  Reason=no_employee
2026-03-09 22:03:49 SKIP  User=7  Time=2026-03-09 14:11:38  Reason=no_employee
2026-03-09 22:03:49 SKIP  User=7  Time=2026-03-09 14:11:44  Reason=no_employee
2026-03-09 22:04:54 SKIP  User=7  Time=2026-03-09 08:28:30  Reason=no_employee
2026-03-09 22:04:54 SKIP  User=588  Time=2026-03-09 09:50:55  Reason=no_employee
2026-03-09 22:04:54 SKIP  User=588  Time=2026-03-09 09:50:57  Reason=no_employee
2026-03-09 22:04:54 SKIP  User=588  Time=2026-03-09 10:43:11  Reason=no_employee
2026-03-09 22:04:54 SKIP  User=7  Time=2026-03-09 11:26:47  Reason=no_employee
2026-03-09 22:04:54 SKIP  User=588  Time=2026-03-09 11:54:54  Reason=no_employee
2026-03-09 22:04:54 SKIP  User=7  Time=2026-03-09 12:24:31  Reason=no_employee
2026-03-09 22:04:54 SKIP  User=7  Time=2026-03-09 12:38:35  Reason=no_employee
2026-03-09 22:04:54 SKIP  User=7  Time=2026-03-09 14:11:24  Reason=no_employee
2026-03-09 22:04:54 SKIP  User=7  Time=2026-03-09 14:11:38  Reason=no_employee
2026-03-09 22:04:54 SKIP  User=7  Time=2026-03-09 14:11:44  Reason=no_employee
2026-03-09 22:05:59 SKIP  User=7  Time=2026-03-09 08:28:30  Reason=no_employee
2026-03-09 22:05:59 SKIP  User=588  Time=2026-03-09 09:50:55  Reason=no_employee
2026-03-09 22:05:59 SKIP  User=588  Time=2026-03-09 09:50:57  Reason=no_employee
2026-03-09 22:05:59 SKIP  User=588  Time=2026-03-09 10:43:11  Reason=no_employee
2026-03-09 22:05:59 SKIP  User=7  Time=2026-03-09 11:26:47  Reason=no_employee
2026-03-09 22:05:59 SKIP  User=588  Time=2026-03-09 11:54:54  Reason=no_employee
2026-03-09 22:05:59 SKIP  User=7  Time=2026-03-09 12:24:31  Reason=no_employee
2026-03-09 22:05:59 SKIP  User=7  Time=2026-03-09 12:38:35  Reason=no_employee
2026-03-09 22:05:59 SKIP  User=7  Time=2026-03-09 14:11:24  Reason=no_employee
2026-03-09 22:05:59 SKIP  User=7  Time=2026-03-09 14:11:38  Reason=no_employee
2026-03-09 22:05:59 SKIP  User=7  Time=2026-03-09 14:11:44  Reason=no_employee
2026-03-09 22:07:03 SKIP  User=7  Time=2026-03-09 08:28:30  Reason=no_employee
2026-03-09 22:07:03 SKIP  User=588  Time=2026-03-09 09:50:55  Reason=no_employee
2026-03-09 22:07:03 SKIP  User=588  Time=2026-03-09 09:50:57  Reason=no_employee
2026-03-09 22:07:03 SKIP  User=588  Time=2026-03-09 10:43:11  Reason=no_employee
2026-03-09 22:07:03 SKIP  User=7  Time=2026-03-09 11:26:47  Reason=no_employee
2026-03-09 22:07:03 SKIP  User=588  Time=2026-03-09 11:54:54  Reason=no_employee
2026-03-09 22:07:03 SKIP  User=7  Time=2026-03-09 12:24:31  Reason=no_employee
2026-03-09 22:07:03 SKIP  User=7  Time=2026-03-09 12:38:35  Reason=no_employee
2026-03-09 22:07:03 SKIP  User=7  Time=2026-03-09 14:11:24  Reason=no_employee
2026-03-09 22:07:03 SKIP  User=7  Time=2026-03-09 14:11:38  Reason=no_employee
2026-03-09 22:07:03 SKIP  User=7  Time=2026-03-09 14:11:44  Reason=no_employee
2026-03-09 22:08:08 SKIP  User=7  Time=2026-03-09 08:28:30  Reason=no_employee
2026-03-09 22:08:08 SKIP  User=588  Time=2026-03-09 09:50:55  Reason=no_employee
2026-03-09 22:08:08 SKIP  User=588  Time=2026-03-09 09:50:57  Reason=no_employee
2026-03-09 22:08:08 SKIP  User=588  Time=2026-03-09 10:43:11  Reason=no_employee
2026-03-09 22:08:08 SKIP  User=7  Time=2026-03-09 11:26:47  Reason=no_employee
2026-03-09 22:08:08 SKIP  User=588  Time=2026-03-09 11:54:54  Reason=no_employee
2026-03-09 22:08:08 SKIP  User=7  Time=2026-03-09 12:24:31  Reason=no_employee
2026-03-09 22:08:08 SKIP  User=7  Time=2026-03-09 12:38:35  Reason=no_employee
2026-03-09 22:08:08 SKIP  User=7  Time=2026-03-09 14:11:24  Reason=no_employee
2026-03-09 22:08:08 SKIP  User=7  Time=2026-03-09 14:11:38  Reason=no_employee
2026-03-09 22:08:08 SKIP  User=7  Time=2026-03-09 14:11:44  Reason=no_employee
2026-03-09 22:09:13 SKIP  User=7  Time=2026-03-09 08:28:30  Reason=no_employee
2026-03-09 22:09:13 SKIP  User=588  Time=2026-03-09 09:50:55  Reason=no_employee
2026-03-09 22:09:13 SKIP  User=588  Time=2026-03-09 09:50:57  Reason=no_employee
2026-03-09 22:09:13 SKIP  User=588  Time=2026-03-09 10:43:11  Reason=no_employee
2026-03-09 22:09:13 SKIP  User=7  Time=2026-03-09 11:26:47  Reason=no_employee
2026-03-09 22:09:13 SKIP  User=588  Time=2026-03-09 11:54:54  Reason=no_employee
2026-03-09 22:09:13 SKIP  User=7  Time=2026-03-09 12:24:31  Reason=no_employee
2026-03-09 22:09:13 SKIP  User=7  Time=2026-03-09 12:38:35  Reason=no_employee
2026-03-09 22:09:13 SKIP  User=7  Time=2026-03-09 14:11:24  Reason=no_employee
2026-03-09 22:09:13 SKIP  User=7  Time=2026-03-09 14:11:38  Reason=no_employee
2026-03-09 22:09:13 SKIP  User=7  Time=2026-03-09 14:11:44  Reason=no_employee
2026-03-09 22:10:18 SKIP  User=7  Time=2026-03-09 08:28:30  Reason=no_employee
2026-03-09 22:10:18 SKIP  User=588  Time=2026-03-09 09:50:55  Reason=no_employee
2026-03-09 22:10:18 SKIP  User=588  Time=2026-03-09 09:50:57  Reason=no_employee
2026-03-09 22:10:18 SKIP  User=588  Time=2026-03-09 10:43:11  Reason=no_employee
2026-03-09 22:10:18 SKIP  User=7  Time=2026-03-09 11:26:47  Reason=no_employee
2026-03-09 22:10:18 SKIP  User=588  Time=2026-03-09 11:54:54  Reason=no_employee
2026-03-09 22:10:18 SKIP  User=7  Time=2026-03-09 12:24:31  Reason=no_employee
2026-03-09 22:10:18 SKIP  User=7  Time=2026-03-09 12:38:35  Reason=no_employee
2026-03-09 22:10:18 SKIP  User=7  Time=2026-03-09 14:11:24  Reason=no_employee
2026-03-09 22:10:18 SKIP  User=7  Time=2026-03-09 14:11:38  Reason=no_employee
2026-03-09 22:10:18 SKIP  User=7  Time=2026-03-09 14:11:44  Reason=no_employee
2026-03-09 22:11:22 SKIP  User=7  Time=2026-03-09 08:28:30  Reason=no_employee
2026-03-09 22:11:22 SKIP  User=588  Time=2026-03-09 09:50:55  Reason=no_employee
2026-03-09 22:11:22 SKIP  User=588  Time=2026-03-09 09:50:57  Reason=no_employee
2026-03-09 22:11:22 SKIP  User=588  Time=2026-03-09 10:43:11  Reason=no_employee
2026-03-09 22:11:22 SKIP  User=7  Time=2026-03-09 11:26:47  Reason=no_employee
2026-03-09 22:11:22 SKIP  User=588  Time=2026-03-09 11:54:54  Reason=no_employee
2026-03-09 22:11:22 SKIP  User=7  Time=2026-03-09 12:24:31  Reason=no_employee
2026-03-09 22:11:22 SKIP  User=7  Time=2026-03-09 12:38:35  Reason=no_employee
2026-03-09 22:11:22 SKIP  User=7  Time=2026-03-09 14:11:24  Reason=no_employee
2026-03-09 22:11:22 SKIP  User=7  Time=2026-03-09 14:11:38  Reason=no_employee
2026-03-09 22:11:22 SKIP  User=7  Time=2026-03-09 14:11:44  Reason=no_employee
2026-03-09 22:11:23 OK    User=1162  MappedId=1162  Time=2026-03-09 22:10:28  LogType=IN  DevId=8  Result=ok
2026-03-09 22:12:29 SKIP  User=7  Time=2026-03-09 08:28:30  Reason=no_employee
2026-03-09 22:12:29 SKIP  User=588  Time=2026-03-09 09:50:55  Reason=no_employee
2026-03-09 22:12:29 SKIP  User=588  Time=2026-03-09 09:50:57  Reason=no_employee
2026-03-09 22:12:29 SKIP  User=588  Time=2026-03-09 10:43:11  Reason=no_employee
2026-03-09 22:12:29 SKIP  User=7  Time=2026-03-09 11:26:47  Reason=no_employee
2026-03-09 22:12:29 SKIP  User=588  Time=2026-03-09 11:54:54  Reason=no_employee
2026-03-09 22:12:29 SKIP  User=7  Time=2026-03-09 12:24:31  Reason=no_employee
2026-03-09 22:12:29 SKIP  User=7  Time=2026-03-09 12:38:35  Reason=no_employee
2026-03-09 22:12:29 SKIP  User=7  Time=2026-03-09 14:11:24  Reason=no_employee
2026-03-09 22:12:29 SKIP  User=7  Time=2026-03-09 14:11:38  Reason=no_employee
2026-03-09 22:12:29 SKIP  User=7  Time=2026-03-09 14:11:44  Reason=no_employee
2026-03-09 22:13:34 SKIP  User=7  Time=2026-03-09 08:28:30  Reason=no_employee
2026-03-09 22:13:34 SKIP  User=588  Time=2026-03-09 09:50:55  Reason=no_employee
2026-03-09 22:13:34 SKIP  User=588  Time=2026-03-09 09:50:57  Reason=no_employee
2026-03-09 22:13:34 SKIP  User=588  Time=2026-03-09 10:43:11  Reason=no_employee
2026-03-09 22:13:34 SKIP  User=7  Time=2026-03-09 11:26:47  Reason=no_employee
2026-03-09 22:13:34 SKIP  User=588  Time=2026-03-09 11:54:54  Reason=no_employee
2026-03-09 22:13:34 SKIP  User=7  Time=2026-03-09 12:24:31  Reason=no_employee
2026-03-09 22:13:34 SKIP  User=7  Time=2026-03-09 12:38:35  Reason=no_employee
2026-03-09 22:13:34 SKIP  User=7  Time=2026-03-09 14:11:24  Reason=no_employee
2026-03-09 22:13:34 SKIP  User=7  Time=2026-03-09 14:11:38  Reason=no_employee
2026-03-09 22:13:34 SKIP  User=7  Time=2026-03-09 14:11:44  Reason=no_employee
2026-03-09 22:14:38 SKIP  User=7  Time=2026-03-09 08:28:30  Reason=no_employee
2026-03-09 22:14:38 SKIP  User=588  Time=2026-03-09 09:50:55  Reason=no_employee
2026-03-09 22:14:38 SKIP  User=588  Time=2026-03-09 09:50:57  Reason=no_employee
2026-03-09 22:14:38 SKIP  User=588  Time=2026-03-09 10:43:11  Reason=no_employee
2026-03-09 22:14:38 SKIP  User=7  Time=2026-03-09 11:26:47  Reason=no_employee
2026-03-09 22:14:38 SKIP  User=588  Time=2026-03-09 11:54:54  Reason=no_employee
2026-03-09 22:14:38 SKIP  User=7  Time=2026-03-09 12:24:31  Reason=no_employee
2026-03-09 22:14:38 SKIP  User=7  Time=2026-03-09 12:38:35  Reason=no_employee
2026-03-09 22:14:38 SKIP  User=7  Time=2026-03-09 14:11:24  Reason=no_employee
2026-03-09 22:14:38 SKIP  User=7  Time=2026-03-09 14:11:38  Reason=no_employee
2026-03-09 22:14:38 SKIP  User=7  Time=2026-03-09 14:11:44  Reason=no_employee
2026-03-09 22:15:44 SKIP  User=7  Time=2026-03-09 08:28:30  Reason=no_employee
2026-03-09 22:15:44 SKIP  User=588  Time=2026-03-09 09:50:55  Reason=no_employee
2026-03-09 22:15:44 SKIP  User=588  Time=2026-03-09 09:50:57  Reason=no_employee
2026-03-09 22:15:44 SKIP  User=588  Time=2026-03-09 10:43:11  Reason=no_employee
2026-03-09 22:15:44 SKIP  User=7  Time=2026-03-09 11:26:47  Reason=no_employee
2026-03-09 22:15:44 SKIP  User=588  Time=2026-03-09 11:54:54  Reason=no_employee
2026-03-09 22:15:44 SKIP  User=7  Time=2026-03-09 12:24:31  Reason=no_employee
2026-03-09 22:15:44 SKIP  User=7  Time=2026-03-09 12:38:35  Reason=no_employee
2026-03-09 22:15:44 SKIP  User=7  Time=2026-03-09 14:11:24  Reason=no_employee
2026-03-09 22:15:44 SKIP  User=7  Time=2026-03-09 14:11:38  Reason=no_employee
2026-03-09 22:15:44 SKIP  User=7  Time=2026-03-09 14:11:44  Reason=no_employee
2026-03-09 22:16:49 SKIP  User=7  Time=2026-03-09 08:28:30  Reason=no_employee
2026-03-09 22:16:49 SKIP  User=588  Time=2026-03-09 09:50:55  Reason=no_employee
2026-03-09 22:16:49 SKIP  User=588  Time=2026-03-09 09:50:57  Reason=no_employee
2026-03-09 22:16:49 SKIP  User=588  Time=2026-03-09 10:43:11  Reason=no_employee
2026-03-09 22:16:49 SKIP  User=7  Time=2026-03-09 11:26:47  Reason=no_employee
2026-03-09 22:16:49 SKIP  User=588  Time=2026-03-09 11:54:54  Reason=no_employee
2026-03-09 22:16:49 SKIP  User=7  Time=2026-03-09 12:24:31  Reason=no_employee
2026-03-09 22:16:49 SKIP  User=7  Time=2026-03-09 12:38:35  Reason=no_employee
2026-03-09 22:16:49 SKIP  User=7  Time=2026-03-09 14:11:24  Reason=no_employee
2026-03-09 22:16:49 SKIP  User=7  Time=2026-03-09 14:11:38  Reason=no_employee
2026-03-09 22:16:49 SKIP  User=7  Time=2026-03-09 14:11:44  Reason=no_employee
2026-03-09 22:17:55 SKIP  User=7  Time=2026-03-09 08:28:30  Reason=no_employee
2026-03-09 22:17:55 SKIP  User=588  Time=2026-03-09 09:50:55  Reason=no_employee
2026-03-09 22:17:55 SKIP  User=588  Time=2026-03-09 09:50:57  Reason=no_employee
2026-03-09 22:17:55 SKIP  User=588  Time=2026-03-09 10:43:11  Reason=no_employee
2026-03-09 22:17:55 SKIP  User=7  Time=2026-03-09 11:26:47  Reason=no_employee
2026-03-09 22:17:55 SKIP  User=588  Time=2026-03-09 11:54:54  Reason=no_employee
2026-03-09 22:17:55 SKIP  User=7  Time=2026-03-09 12:24:31  Reason=no_employee
2026-03-09 22:17:55 SKIP  User=7  Time=2026-03-09 12:38:35  Reason=no_employee
2026-03-09 22:17:55 SKIP  User=7  Time=2026-03-09 14:11:24  Reason=no_employee
2026-03-09 22:17:55 SKIP  User=7  Time=2026-03-09 14:11:38  Reason=no_employee
2026-03-09 22:17:55 SKIP  User=7  Time=2026-03-09 14:11:44  Reason=no_employee
2026-03-09 22:18:12 OK    User=911  MappedId=911  Time=2026-03-09 22:17:08  LogType=IN  DevId=8  Result=ok
